PeriodId,persist-spreading-44,persist-spreading-80,persist-spreading-83,persist-spreading-86,persist-spreading-89,persist-spreading-92,persist-spreading-95,persist-spreading-98,persist-spreading-101,persist-spreading-104,persist-spreading-107,persist-spreading-110,persist-spreading-113,persist-spreading-116,persist-spreading-119,persist-spreading-122,persist-spreading-125,persist-spreading-128,persist-spreading-131,persist-spreading-134,persist-spreading-137,persist-spreading-140,persist-spreading-143,persist-spreading-146,persist-spreading-149,persist-spreading-152,persist-spreading-155,persist-spreading-158,persist-spreading-161,persist-spreading-164,persist-spreading-167,persist-spreading-170,persist-spreading-173,persist-spreading-176,persist-spreading-179,persist-spreading-182,persist-spreading-185,persist-spreading-188,persist-spreading-191,persist-spreading-194,persist-spreading-197,persist-spreading-200,persist-spreading-203,persist-spreading-206,persist-spreading-209,persist-spreading-212,persist-spreading-215,persist-spreading-218,persist-spreading-221,persist-spreading-224,persist-spreading-227,persist-spreading-230,persist-spreading-233,persist-spreading-236,persist-spreading-239,persist-spreading-242,persist-spreading-245,persist-spreading-248,persist-spreading-251,persist-spreading-254,persist-spreading-257,persist-spreading-260,persist-spreading-263,persist-spreading-266,persist-spreading-269,persist-spreading-272,persist-spreading-275,persist-spreading-278,persist-spreading-281,persist-spreading-284,persist-spreading-287,persist-spreading-290,persist-spreading-293,persist-spreading-296,persist-spreading-299,persist-spreading-302,persist-spreading-305,persist-spreading-308,persist-spreading-311,persist-spreading-314,persist-spreading-317,persist-spreading-320,persist-spreading-323,persist-spreading-326,persist-spreading-329,persist-spreading-332,persist-spreading-335,persist-spreading-338,persist-spreading-341,persist-spreading-344,persist-spreading-347,persist-spreading-350,persist-spreading-353,persist-spreading-356,persist-spreading-359,persist-spreading-362,persist-spreading-365,persist-spreading-368,persist-spreading-371,persist-spreading-374,persist-spreading-377,persist-spreading-380,persist-spreading-383,persist-spreading-386,persist-spreading-389,persist-spreading-392,persist-spreading-395,persist-spreading-398,persist-spreading-401,persist-spreading-404,persist-spreading-407,persist-spreading-410,persist-spreading-413,persist-spreading-416,persist-spreading-419,persist-spreading-422,persist-spreading-425,persist-spreading-428,persist-spreading-431,persist-spreading-434,persist-spreading-437,persist-spreading-440,persist-spreading-443,persist-spreading-446,persist-spreading-449,persist-spreading-452,TurnoverRec-506,TurnoverRec-509,TurnoverRec-512,TurnoverRec-515,TurnoverRec-518,TurnoverRec-521,TurnoverRec-524,TurnoverRec-527,TurnoverRec-530,TurnoverRec-533,TurnoverRec-536,TurnoverRec-539,TurnoverRec-542,TurnoverRec-545,TurnoverRec-548,TurnoverRec-551,TurnoverRec-554,TurnoverRec-557,TurnoverRec-560,TurnoverRec-563,TurnoverRec-566,TurnoverRec-569,TurnoverRec-572,TurnoverRec-575,TurnoverRec-578,TurnoverRec-581,TurnoverRec-584,TurnoverRec-587,TurnoverRec-590,TurnoverRec-593,TurnoverRec-596,TurnoverRec-669,TurnoverRec-672,TurnoverRec-687,TurnoverRec-690,TurnoverRec-693,TurnoverRec-696,TurnoverRec-699,TurnoverRec-702,TurnoverRec-705,TurnoverRec-708,TurnoverRec-711,TurnoverRec-714,TurnoverRec-717,TurnoverRec-720,TurnoverRec-723,TurnoverRec-726,TurnoverRec-729,TurnoverRec-732,TurnoverRec-735,TurnoverRec-738,TurnoverRec-741,TurnoverRec-744,TurnoverRec-747,TurnoverRec-752,TurnoverRec-755,TurnoverRec-758,TurnoverRec-761,TurnoverRec-764,TurnoverRec-767,TurnoverRec-770,TurnoverRec-773,TurnoverRec-776,TurnoverRec-779,TurnoverRec-782,TurnoverRec-785,TurnoverRec-788,TurnoverRec-791,TurnoverRec-794,TurnoverRec-797,TurnoverRec-800,TurnoverRec-803,TurnoverRec-806,TurnoverRec-809,TurnoverRec-812,TurnoverRec-815,TurnoverRec-818,TurnoverRec-821,TurnoverRec-824,TurnoverRec-827,TurnoverRec-830,TurnoverRec-833,TurnoverRec-836,TurnoverRec-839,TurnoverRec-842,TurnoverRec-845,TurnoverRec-848,TurnoverRec-851,TurnoverRec-854,TurnoverRec-857,TurnoverRec-860,TurnoverRec-863,TurnoverRec-866,TurnoverRec-869,TurnoverRec-872,TurnoverRec-875,TurnoverRec-878,TurnoverRec-881,TurnoverRec-884,TurnoverRec-887,TurnoverRec-890,TurnoverRec-893,TurnoverRec-896,TurnoverRec-899,TurnoverRec-902,TurnoverRec-905,TurnoverRec-908,TurnoverRec-911,TurnoverRec-914,TurnoverRec-917,TurnoverRec-920
4,-16.6666666666667,-16.6666666666667,-16.6666666666667,-16.6666666666667,-16.6666666666667,-16.6666666666667,-16.6666666666667,-16.6666666666667,-16.6666666666667,-16.6666666666667,-16.6666666666667,-16.6666666666667,-16.6666666666667,-16.6666666666667,-16.6666666666667,-16.6666666666667,-16.6666666666667,-16.6666666666667,-16.6666666666667,-16.6666666666667,-16.6666666666667,-16.6666666666667,-16.6666666666667,-16.6666666666667,-16.6666666666667,-16.6666666666667,-16.6666666666667,-16.6666666666667,-16.6666666666667,-16.6666666666667,-16.6666666666667,-16.6666666666667,-16.6666666666667,-16.6666666666667,-16.6666666666667,-16.6666666666667,-16.6666666666667,-16.6666666666667,-16.6666666666667,-16.6666666666667,-16.6666666666667,-16.6666666666667,-16.6666666666667,-16.6666666666667,-16.6666666666667,-16.6666666666667,-16.6666666666667,-16.6666666666667,-16.6666666666667,-16.6666666666667,-16.6666666666667,-16.6666666666667,-16.6666666666667,-16.6666666666667,-16.6666666666667,-16.6666666666667,-16.6666666666667,-16.6666666666667,-16.6666666666667,-16.6666666666667,-16.6666666666667,-16.6666666666667,-16.6666666666667,-16.6666666666667,-16.6666666666667,-16.6666666666667,-16.6666666666667,-16.6666666666667,-16.6666666666667,-16.6666666666667,-16.6666666666667,-16.6666666666667,-16.6666666666667,-16.6666666666667,-16.6666666666667,-16.6666666666667,-16.6666666666667,-16.6666666666667,-16.6666666666667,-16.6666666666667,-16.6666666666667,-16.6666666666667,-16.6666666666667,-16.6666666666667,-16.6666666666667,-16.6666666666667,-16.6666666666667,-16.6666666666667,-16.6666666666667,-16.6666666666667,-16.6666666666667,-16.6666666666667,-16.6666666666667,-16.6666666666667,-16.6666666666667,-16.6666666666667,-16.6666666666667,-16.6666666666667,-16.6666666666667,-16.6666666666667,-16.6666666666667,-16.6666666666667,-16.6666666666667,-16.6666666666667,-16.6666666666667,-16.6666666666667,-16.6666666666667,-16.6666666666667,-16.6666666666667,-16.6666666666667,-16.6666666666667,-16.6666666666667,-16.6666666666667,-16.6666666666667,-16.6666666666667,-16.6666666666667,-16.6666666666667,-16.6666666666667,-16.6666666666667,-16.6666666666667,-16.6666666666667,-16.6666666666667,-16.6666666666667,-16.6666666666667,-16.6666666666667,-16.6666666666667,-16.6666666666667,-16.6666666666667,-16.6666666666667,-16.6666666666667,-16.6666666666667,-16.6666666666667,-16.6666666666667,-16.6666666666667,-16.6666666666667,-16.6666666666667,-16.6666666666667,-16.6666666666667,-16.6666666666667,-16.6666666666667,-16.6666666666667,-16.6666666666667,-16.6666666666667,-16.6666666666667,-16.6666666666667,-16.6666666666667,-16.6666666666667,-16.6666666666667,-16.6666666666667,-16.6666666666667,-16.6666666666667,-16.6666666666667,-16.6666666666667,-16.6666666666667,-16.6666666666667,-16.6666666666667,-16.6666666666667,-16.6666666666667,-16.6666666666667,-16.6666666666667,-16.6666666666667,-16.6666666666667,-16.6666666666667,-16.6666666666667,-16.6666666666667,-16.6666666666667,-16.6666666666667,-16.6666666666667,-16.6666666666667,-16.6666666666667,-16.6666666666667,-16.6666666666667,-16.6666666666667,-16.6666666666667,-16.6666666666667,-16.6666666666667,-16.6666666666667,-16.6666666666667,-16.6666666666667,-16.6666666666667,-16.6666666666667,-16.6666666666667,-16.6666666666667,-16.6666666666667,-16.6666666666667,-16.6666666666667,-16.6666666666667,-16.6666666666667,-16.6666666666667,-16.6666666666667,-16.6666666666667,-16.6666666666667,-16.6666666666667,-16.6666666666667,-16.6666666666667,-16.6666666666667,-16.6666666666667,-16.6666666666667,-16.6666666666667,-16.6666666666667,-16.6666666666667,-16.6666666666667,-16.6666666666667,-16.6666666666667,-16.6666666666667,-16.6666666666667,-16.6666666666667,-16.6666666666667,-16.6666666666667,-16.6666666666667,-16.6666666666667,-16.6666666666667,-16.6666666666667,-16.6666666666667,-16.6666666666667,-16.6666666666667,-16.6666666666667,-16.6666666666667,-16.6666666666667,-16.6666666666667,-16.6666666666667,-16.6666666666667,-16.6666666666667,-16.6666666666667,-16.6666666666667,-16.6666666666667,-16.6666666666667,-16.6666666666667,-16.6666666666667,-16.6666666666667,-16.6666666666667,-16.6666666666667,-16.6666666666667,-16.6666666666667,-16.6666666666667,-16.6666666666667,-16.6666666666667
5,-19.3548387096774,-14.5161290322581,-16.1290322580645,-19.3548387096774,-16.1290322580645,-17.741935483871,-17.741935483871,-19.3548387096774,-16.1290322580645,-19.3548387096774,-20.9677419354839,-17.741935483871,-17.741935483871,-20.9677419354839,-19.3548387096774,-16.1290322580645,-16.1290322580645,-16.1290322580645,-16.1290322580645,-16.1290322580645,-19.3548387096774,-19.3548387096774,-17.741935483871,-16.1290322580645,-16.1290322580645,-16.1290322580645,-17.741935483871,-14.5161290322581,-14.5161290322581,-17.741935483871,-19.3548387096774,-20.9677419354839,-16.1290322580645,-17.741935483871,-20.9677419354839,-17.741935483871,-17.741935483871,-20.9677419354839,-17.741935483871,-19.3548387096774,-19.3548387096774,-16.1290322580645,-16.1290322580645,-17.741935483871,-19.3548387096774,-16.1290322580645,-20.9677419354839,-17.741935483871,-17.741935483871,-14.5161290322581,-19.3548387096774,-17.741935483871,-14.5161290322581,-14.5161290322581,-17.741935483871,-17.741935483871,-17.741935483871,-16.1290322580645,-19.3548387096774,-14.5161290322581,-16.1290322580645,-20.9677419354839,-19.3548387096774,-20.9677419354839,-17.741935483871,-14.5161290322581,-16.1290322580645,-17.741935483871,-16.1290322580645,-20.9677419354839,-16.1290322580645,-14.5161290322581,-20.9677419354839,-20.9677419354839,-17.741935483871,-16.1290322580645,-16.1290322580645,-17.741935483871,-12.9032258064516,-17.741935483871,-20.9677419354839,-17.741935483871,-17.741935483871,-16.1290322580645,-17.741935483871,-16.1290322580645,-19.3548387096774,-14.5161290322581,-14.5161290322581,-16.1290322580645,-17.741935483871,-14.5161290322581,-17.741935483871,-20.9677419354839,-16.1290322580645,-16.1290322580645,-17.741935483871,-19.3548387096774,-19.3548387096774,-14.5161290322581,-17.741935483871,-17.741935483871,-19.3548387096774,-16.1290322580645,-16.1290322580645,-16.1290322580645,-20.9677419354839,-17.741935483871,-16.1290322580645,-17.741935483871,-19.3548387096774,-14.5161290322581,-16.1290322580645,-17.741935483871,-16.1290322580645,-16.1290322580645,-14.5161290322581,-16.1290322580645,-20.9677419354839,-19.3548387096774,-19.3548387096774,-17.741935483871,-14.5161290322581,-20.9677419354839,-14.5161290322581,-16.1290322580645,-14.5161290322581,-16.1290322580645,-19.3548387096774,-16.1290322580645,-19.3548387096774,-14.5161290322581,-17.741935483871,-17.741935483871,-19.3548387096774,-17.741935483871,-19.3548387096774,-19.3548387096774,-17.741935483871,-20.9677419354839,-14.5161290322581,-20.9677419354839,-17.741935483871,-19.3548387096774,-17.741935483871,-16.1290322580645,-17.741935483871,-14.5161290322581,-17.741935483871,-17.741935483871,-20.9677419354839,-14.5161290322581,-19.3548387096774,-16.1290322580645,-19.3548387096774,-19.3548387096774,-16.1290322580645,-20.9677419354839,-20.9677419354839,-19.3548387096774,-19.3548387096774,-16.1290322580645,-19.3548387096774,-20.9677419354839,-17.741935483871,-19.3548387096774,-17.741935483871,-20.9677419354839,-19.3548387096774,-20.9677419354839,-17.741935483871,-19.3548387096774,-17.741935483871,-17.741935483871,-17.741935483871,-17.741935483871,-14.5161290322581,-16.1290322580645,-16.1290322580645,-19.3548387096774,-17.741935483871,-17.741935483871,-17.741935483871,-14.5161290322581,-14.5161290322581,-20.9677419354839,-14.5161290322581,-16.1290322580645,-17.741935483871,-16.1290322580645,-14.5161290322581,-16.1290322580645,-14.5161290322581,-14.5161290322581,-19.3548387096774,-20.9677419354839,-17.741935483871,-19.3548387096774,-14.5161290322581,-19.3548387096774,-19.3548387096774,-17.741935483871,-16.1290322580645,-19.3548387096774,-19.3548387096774,-17.741935483871,-16.1290322580645,-16.1290322580645,-16.1290322580645,-19.3548387096774,-17.741935483871,-19.3548387096774,-17.741935483871,-17.741935483871,-17.741935483871,-17.741935483871,-20.9677419354839,-17.741935483871,-19.3548387096774,-16.1290322580645,-19.3548387096774,-17.741935483871,-16.1290322580645,-12.9032258064516,-19.3548387096774,-17.741935483871,-19.3548387096774,-16.1290322580645,-17.741935483871,-14.5161290322581,-17.741935483871,-19.3548387096774,-17.741935483871,-17.741935483871,-20.9677419354839,-19.3548387096774,-17.741935483871
6,-40.3100775193799,-38.7596899224806,-40.3100775193799,-43.4108527131783,-37.2093023255814,-41.8604651162791,-36.4341085271318,-43.4108527131783,-41.8604651162791,-44.1860465116279,-38.7596899224806,-34.8837209302326,-38.7596899224806,-41.0852713178295,-41.8604651162791,-41.0852713178295,-41.8604651162791,-37.2093023255814,-42.6356589147287,-35.6589147286822,-39.5348837209302,-41.0852713178295,-37.984496124031,-41.8604651162791,-39.5348837209302,-41.8604651162791,-36.4341085271318,-40.3100775193799,-38.7596899224806,-40.3100775193799,-38.7596899224806,-44.1860465116279,-38.7596899224806,-37.2093023255814,-43.4108527131783,-34.1085271317829,-38.7596899224806,-39.5348837209302,-38.7596899224806,-37.2093023255814,-37.984496124031,-38.7596899224806,-37.2093023255814,-44.1860465116279,-43.4108527131783,-39.5348837209302,-38.7596899224806,-37.984496124031,-38.7596899224806,-42.6356589147287,-43.4108527131783,-41.8604651162791,-37.984496124031,-38.7596899224806,-40.3100775193799,-42.6356589147287,-38.7596899224806,-39.5348837209302,-41.0852713178295,-41.8604651162791,-40.3100775193799,-44.1860465116279,-42.6356589147287,-40.3100775193799,-38.7596899224806,-37.2093023255814,-36.4341085271318,-40.3100775193799,-41.0852713178295,-41.8604651162791,-39.5348837209302,-37.984496124031,-37.984496124031,-43.4108527131783,-37.2093023255814,-40.3100775193799,-40.3100775193799,-37.2093023255814,-36.4341085271318,-37.984496124031,-41.0852713178295,-40.3100775193799,-42.6356589147287,-39.5348837209302,-41.0852713178295,-40.3100775193799,-41.0852713178295,-36.4341085271318,-38.7596899224806,-41.0852713178295,-40.3100775193799,-39.5348837209302,-38.7596899224806,-41.0852713178295,-41.8604651162791,-37.984496124031,-34.1085271317829,-40.3100775193799,-41.8604651162791,-34.8837209302326,-41.8604651162791,-41.0852713178295,-38.7596899224806,-38.7596899224806,-40.3100775193799,-37.2093023255814,-41.0852713178295,-41.0852713178295,-41.8604651162791,-39.5348837209302,-42.6356589147287,-39.5348837209302,-35.6589147286822,-39.5348837209302,-38.7596899224806,-36.4341085271318,-38.7596899224806,-41.8604651162791,-42.6356589147287,-43.4108527131783,-41.0852713178295,-41.8604651162791,-41.8604651162791,-38.7596899224806,-39.5348837209302,-42.6356589147287,-40.3100775193799,-34.8837209302326,-40.3100775193799,-37.984496124031,-37.984496124031,-41.0852713178295,-34.8837209302326,-40.3100775193799,-36.4341085271318,-34.8837209302326,-37.984496124031,-44.1860465116279,-36.4341085271318,-40.3100775193799,-39.5348837209302,-40.3100775193799,-36.4341085271318,-41.0852713178295,-38.7596899224806,-38.7596899224806,-38.7596899224806,-41.8604651162791,-38.7596899224806,-39.5348837209302,-42.6356589147287,-41.8604651162791,-39.5348837209302,-39.5348837209302,-40.3100775193799,-43.4108527131783,-41.8604651162791,-39.5348837209302,-41.8604651162791,-37.984496124031,-39.5348837209302,-42.6356589147287,-39.5348837209302,-35.6589147286822,-36.4341085271318,-39.5348837209302,-38.7596899224806,-41.8604651162791,-41.0852713178295,-43.4108527131783,-39.5348837209302,-42.6356589147287,-38.7596899224806,-41.0852713178295,-37.984496124031,-41.8604651162791,-38.7596899224806,-41.0852713178295,-37.984496124031,-41.0852713178295,-41.8604651162791,-34.1085271317829,-41.8604651162791,-39.5348837209302,-34.8837209302326,-42.6356589147287,-38.7596899224806,-39.5348837209302,-38.7596899224806,-40.3100775193799,-37.984496124031,-41.8604651162791,-38.7596899224806,-40.3100775193799,-41.0852713178295,-38.7596899224806,-41.0852713178295,-35.6589147286822,-37.984496124031,-39.5348837209302,-41.0852713178295,-38.7596899224806,-41.8604651162791,-36.4341085271318,-43.4108527131783,-41.8604651162791,-38.7596899224806,-42.6356589147287,-37.2093023255814,-38.7596899224806,-39.5348837209302,-39.5348837209302,-41.0852713178295,-44.1860465116279,-40.3100775193799,-40.3100775193799,-40.3100775193799,-42.6356589147287,-43.4108527131783,-40.3100775193799,-43.4108527131783,-41.0852713178295,-40.3100775193799,-32.5581395348837,-44.1860465116279,-41.0852713178295,-39.5348837209302,-39.5348837209302,-37.2093023255814,-36.4341085271318,-41.0852713178295,-43.4108527131783,-41.0852713178295,-41.8604651162791,-41.8604651162791,-41.0852713178295,-42.6356589147287
7,-33.3333333333333,-28.4552845528455,-32.520325203252,-35.7723577235772,-30.8943089430894,-28.4552845528455,-29.2682926829268,-30.0813008130081,-26.8292682926829,-37.3983739837398,-30.0813008130081,-32.520325203252,-34.1463414634146,-36.5853658536585,-35.7723577235772,-30.0813008130081,-34.1463414634146,-32.520325203252,-32.520325203252,-30.8943089430894,-34.9593495934959,-32.520325203252,-25.2032520325203,-31.7073170731707,-30.8943089430894,-30.8943089430894,-30.0813008130081,-30.8943089430894,-31.7073170731707,-34.9593495934959,-35.7723577235772,-33.3333333333333,-29.2682926829268,-31.7073170731707,-34.9593495934959,-30.8943089430894,-28.4552845528455,-35.7723577235772,-32.520325203252,-35.7723577235772,-34.9593495934959,-31.7073170731707,-32.520325203252,-34.9593495934959,-33.3333333333333,-30.8943089430894,-30.8943089430894,-29.2682926829268,-28.4552845528455,-31.7073170731707,-31.7073170731707,-30.0813008130081,-21.9512195121951,-30.8943089430894,-30.8943089430894,-34.1463414634146,-32.520325203252,-30.8943089430894,-34.9593495934959,-28.4552845528455,-30.8943089430894,-38.2113821138211,-35.7723577235772,-34.1463414634146,-30.0813008130081,-33.3333333333333,-29.2682926829268,-35.7723577235772,-30.8943089430894,-28.4552845528455,-33.3333333333333,-24.390243902439,-29.2682926829268,-33.3333333333333,-30.8943089430894,-28.4552845528455,-33.3333333333333,-30.0813008130081,-30.8943089430894,-31.7073170731707,-32.520325203252,-32.520325203252,-34.9593495934959,-28.4552845528455,-34.1463414634146,-31.7073170731707,-32.520325203252,-29.2682926829268,-26.8292682926829,-31.7073170731707,-32.520325203252,-26.0162601626016,-37.3983739837398,-32.520325203252,-25.2032520325203,-26.8292682926829,-30.8943089430894,-32.520325203252,-31.7073170731707,-28.4552845528455,-36.5853658536585,-27.6422764227642,-32.520325203252,-32.520325203252,-30.8943089430894,-32.520325203252,-37.3983739837398,-36.5853658536585,-33.3333333333333,-30.0813008130081,-34.9593495934959,-31.7073170731707,-30.0813008130081,-32.520325203252,-33.3333333333333,-29.2682926829268,-30.8943089430894,-28.4552845528455,-34.9593495934959,-30.8943089430894,-32.520325203252,-26.0162601626016,-30.0813008130081,-31.7073170731707,-27.6422764227642,-31.7073170731707,-29.2682926829268,-26.8292682926829,-31.7073170731707,-28.4552845528455,-33.3333333333333,-30.0813008130081,-28.4552845528455,-29.2682926829268,-34.9593495934959,-34.9593495934959,-34.9593495934959,-33.3333333333333,-29.2682926829268,-36.5853658536585,-29.2682926829268,-36.5853658536585,-30.0813008130081,-32.520325203252,-35.7723577235772,-31.7073170731707,-23.5772357723577,-29.2682926829268,-32.520325203252,-25.2032520325203,-36.5853658536585,-31.7073170731707,-35.7723577235772,-28.4552845528455,-36.5853658536585,-30.8943089430894,-30.0813008130081,-35.7723577235772,-35.7723577235772,-33.3333333333333,-34.1463414634146,-31.7073170731707,-38.2113821138211,-37.3983739837398,-31.7073170731707,-31.7073170731707,-25.2032520325203,-33.3333333333333,-34.9593495934959,-34.9593495934959,-33.3333333333333,-32.520325203252,-26.8292682926829,-27.6422764227642,-27.6422764227642,-33.3333333333333,-32.520325203252,-30.8943089430894,-29.2682926829268,-34.9593495934959,-33.3333333333333,-28.4552845528455,-33.3333333333333,-27.6422764227642,-34.1463414634146,-33.3333333333333,-33.3333333333333,-33.3333333333333,-36.5853658536585,-28.4552845528455,-30.8943089430894,-28.4552845528455,-31.7073170731707,-30.8943089430894,-34.1463414634146,-34.1463414634146,-31.7073170731707,-31.7073170731707,-29.2682926829268,-38.2113821138211,-31.7073170731707,-31.7073170731707,-33.3333333333333,-32.520325203252,-34.9593495934959,-34.1463414634146,-26.0162601626016,-30.8943089430894,-28.4552845528455,-34.1463414634146,-27.6422764227642,-35.7723577235772,-28.4552845528455,-34.1463414634146,-33.3333333333333,-36.5853658536585,-34.1463414634146,-30.8943089430894,-30.8943089430894,-28.4552845528455,-33.3333333333333,-34.9593495934959,-30.8943089430894,-27.6422764227642,-35.7723577235772,-34.9593495934959,-36.5853658536585,-29.2682926829268,-29.2682926829268,-30.8943089430894,-33.3333333333333,-31.7073170731707,-34.9593495934959,-32.520325203252,-33.3333333333333,-31.7073170731707,-34.1463414634146
8,-42.7350427350427,-43.5897435897436,-41.8803418803419,-45.2991452991453,-43.5897435897436,-42.7350427350427,-45.2991452991453,-40.1709401709402,-37.6068376068376,-45.2991452991453,-41.025641025641,-46.1538461538462,-42.7350427350427,-42.7350427350427,-43.5897435897436,-41.8803418803419,-42.7350427350427,-46.1538461538462,-46.1538461538462,-46.1538461538462,-42.7350427350427,-41.025641025641,-41.8803418803419,-44.4444444444444,-44.4444444444444,-45.2991452991453,-45.2991452991453,-45.2991452991453,-47.008547008547,-47.8632478632479,-41.025641025641,-44.4444444444444,-45.2991452991453,-44.4444444444444,-44.4444444444444,-46.1538461538462,-42.7350427350427,-45.2991452991453,-46.1538461538462,-42.7350427350427,-44.4444444444444,-46.1538461538462,-47.008547008547,-46.1538461538462,-38.4615384615385,-46.1538461538462,-41.025641025641,-44.4444444444444,-42.7350427350427,-46.1538461538462,-42.7350427350427,-45.2991452991453,-33.3333333333333,-40.1709401709402,-47.008547008547,-42.7350427350427,-47.008547008547,-44.4444444444444,-45.2991452991453,-44.4444444444444,-40.1709401709402,-48.7179487179487,-41.8803418803419,-44.4444444444444,-46.1538461538462,-47.8632478632479,-41.025641025641,-46.1538461538462,-46.1538461538462,-39.3162393162393,-47.8632478632479,-41.025641025641,-40.1709401709402,-43.5897435897436,-46.1538461538462,-42.7350427350427,-44.4444444444444,-47.008547008547,-46.1538461538462,-42.7350427350427,-41.025641025641,-47.008547008547,-47.008547008547,-36.7521367521368,-44.4444444444444,-45.2991452991453,-38.4615384615385,-39.3162393162393,-41.025641025641,-47.008547008547,-41.8803418803419,-36.7521367521368,-46.1538461538462,-41.8803418803419,-41.025641025641,-43.5897435897436,-47.008547008547,-41.8803418803419,-37.6068376068376,-41.8803418803419,-46.1538461538462,-45.2991452991453,-44.4444444444444,-48.7179487179487,-47.008547008547,-47.008547008547,-40.1709401709402,-46.1538461538462,-47.008547008547,-44.4444444444444,-43.5897435897436,-45.2991452991453,-43.5897435897436,-46.1538461538462,-42.7350427350427,-46.1538461538462,-46.1538461538462,-43.5897435897436,-43.5897435897436,-37.6068376068376,-40.1709401709402,-41.8803418803419,-43.5897435897436,-37.6068376068376,-38.4615384615385,-47.8632478632479,-44.4444444444444,-43.5897435897436,-41.025641025641,-43.5897435897436,-44.4444444444444,-47.008547008547,-37.6068376068376,-44.4444444444444,-46.1538461538462,-47.8632478632479,-44.4444444444444,-45.2991452991453,-44.4444444444444,-44.4444444444444,-42.7350427350427,-41.025641025641,-41.025641025641,-41.8803418803419,-43.5897435897436,-48.7179487179487,-34.1880341880342,-46.1538461538462,-38.4615384615385,-41.025641025641,-46.1538461538462,-46.1538461538462,-47.008547008547,-43.5897435897436,-44.4444444444444,-41.8803418803419,-44.4444444444444,-41.8803418803419,-43.5897435897436,-44.4444444444444,-43.5897435897436,-46.1538461538462,-42.7350427350427,-46.1538461538462,-47.8632478632479,-43.5897435897436,-40.1709401709402,-42.7350427350427,-46.1538461538462,-42.7350427350427,-45.2991452991453,-43.5897435897436,-35.8974358974359,-42.7350427350427,-40.1709401709402,-44.4444444444444,-47.008547008547,-44.4444444444444,-44.4444444444444,-44.4444444444444,-42.7350427350427,-44.4444444444444,-47.8632478632479,-43.5897435897436,-47.008547008547,-36.7521367521368,-48.7179487179487,-48.7179487179487,-46.1538461538462,-43.5897435897436,-47.008547008547,-44.4444444444444,-45.2991452991453,-43.5897435897436,-45.2991452991453,-41.8803418803419,-41.025641025641,-41.8803418803419,-43.5897435897436,-48.7179487179487,-41.8803418803419,-43.5897435897436,-47.8632478632479,-38.4615384615385,-47.8632478632479,-48.7179487179487,-41.8803418803419,-44.4444444444444,-45.2991452991453,-42.7350427350427,-37.6068376068376,-41.8803418803419,-39.3162393162393,-44.4444444444444,-39.3162393162393,-45.2991452991453,-45.2991452991453,-47.008547008547,-41.025641025641,-42.7350427350427,-44.4444444444444,-47.008547008547,-45.2991452991453,-43.5897435897436,-44.4444444444444,-41.025641025641,-44.4444444444444,-44.4444444444444,-45.2991452991453,-43.5897435897436,-45.2991452991453,-41.8803418803419,-38.4615384615385,-42.7350427350427,-44.4444444444444,-37.6068376068376,-44.4444444444444
9,-24.5454545454545,6.36363636363637,-2.72727272727272,-9.09090909090909,1.81818181818181,2.72727272727273,-20,-21.8181818181818,-6.36363636363636,-19.0909090909091,-21.8181818181818,-22.7272727272727,-26.3636363636364,-22.7272727272727,-17.2727272727273,-3.63636363636364,-19.0909090909091,-14.5454545454546,-3.63636363636364,1.81818181818181,-18.1818181818182,-23.6363636363636,1.81818181818181,1.81818181818181,-17.2727272727273,-4.54545454545454,-15.4545454545455,-22.7272727272727,6.36363636363637,-23.6363636363636,-2.72727272727272,-25.4545454545455,0.909090909090904,-10,-2.72727272727272,-13.6363636363636,-7.27272727272728,-24.5454545454545,-23.6363636363636,-27.2727272727273,-8.18181818181818,-10.9090909090909,-18.1818181818182,-27.2727272727273,-13.6363636363636,-13.6363636363636,-23.6363636363636,-10,-14.5454545454546,-4.54545454545454,-20,-17.2727272727273,10.9090909090909,-11.8181818181818,-6.36363636363636,-23.6363636363636,-15.4545454545455,-10.9090909090909,-9.09090909090909,-9.09090909090909,-2.72727272727272,-21.8181818181818,-30.9090909090909,-22.7272727272727,-17.2727272727273,-10,-9.09090909090909,-22.7272727272727,-14.5454545454546,7.27272727272728,-10,9.09090909090908,-10.9090909090909,-27.2727272727273,-33.6363636363636,-29.0909090909091,-21.8181818181818,-13.6363636363636,-20.9090909090909,-14.5454545454546,-7.27272727272728,-20,-14.5454545454546,-21.8181818181818,-11.8181818181818,-7.27272727272728,-18.1818181818182,-1.81818181818182,-20,-7.27272727272728,-2.72727272727272,-14.5454545454546,-28.1818181818182,-25.4545454545455,-20.9090909090909,-10.9090909090909,-0.909090909090904,4.54545454545454,-20.9090909090909,-8.18181818181818,-27.2727272727273,6.36363636363637,4.54545454545454,-17.2727272727273,-2.72727272727272,-24.5454545454545,-18.1818181818182,-25.4545454545455,-23.6363636363636,-19.0909090909091,3.63636363636364,3.63636363636364,-20.9090909090909,-26.3636363636364,-20.9090909090909,0.909090909090904,-0.909090909090904,-20.9090909090909,-23.6363636363636,-14.5454545454546,-20,7.27272727272728,-1.81818181818182,-20.9090909090909,-3.63636363636364,-20,-19.0909090909091,-14.5454545454546,-18.1818181818182,-17.2727272727273,-17.2727272727273,-3.63636363636364,-20,-19.0909090909091,-24.5454545454545,-24.5454545454545,-2.72727272727272,-4.54545454545454,-16.3636363636364,-20.9090909090909,-10,-21.8181818181818,-14.5454545454546,-14.5454545454546,-17.2727272727273,-6.36363636363636,0.909090909090904,-23.6363636363636,-21.8181818181818,-7.27272727272728,-11.8181818181818,-5.45454545454546,-30,-16.3636363636364,-10.9090909090909,-5.45454545454546,-3.63636363636364,-26.3636363636364,-24.5454545454545,-17.2727272727273,-8.18181818181818,-10.9090909090909,-29.0909090909091,-27.2727272727273,-15.4545454545455,-25.4545454545455,-2.72727272727272,-12.7272727272727,-20.9090909090909,-24.5454545454545,-12.7272727272727,-16.3636363636364,-1.81818181818182,-13.6363636363636,-10,-22.7272727272727,-29.0909090909091,4.54545454545454,-20.9090909090909,-13.6363636363636,-20.9090909090909,-5.45454545454546,-13.6363636363636,-10.9090909090909,-24.5454545454545,6.36363636363637,-9.09090909090909,-5.45454545454546,-7.27272727272728,1.81818181818181,-21.8181818181818,-17.2727272727273,-20,-28.1818181818182,-20,-10.9090909090909,-24.5454545454545,-26.3636363636364,4.54545454545454,-27.2727272727273,-17.2727272727273,-5.45454545454546,-22.7272727272727,-0.909090909090904,-22.7272727272727,-18.1818181818182,-5.45454545454546,-2.72727272727272,-16.3636363636364,-19.0909090909091,-20.9090909090909,7.27272727272728,-12.7272727272727,-17.2727272727273,-10,-20.9090909090909,-18.1818181818182,-20,-20.9090909090909,-8.18181818181818,-13.6363636363636,-20,-5.45454545454546,-6.36363636363636,-24.5454545454545,-10.9090909090909,-20.9090909090909,-18.1818181818182,-3.63636363636364,-10.9090909090909,-19.0909090909091,-20,-7.27272727272728,-3.63636363636364,-18.1818181818182,-9.09090909090909,-31.8181818181818
10,-39.0625,-35.9375,-29.6875,-29.6875,-31.25,-35.9375,-37.5,-29.6875,-25,-29.6875,-34.375,-32.8125,-34.375,-26.5625,-32.8125,-28.125,-21.875,-29.6875,-31.25,-35.9375,-28.125,-35.9375,-32.8125,-23.4375,-31.25,-31.25,-32.8125,-31.25,-35.9375,-32.8125,-23.4375,-32.8125,-34.375,-31.25,-35.9375,-39.0625,-35.9375,-35.9375,-31.25,-35.9375,-31.25,-35.9375,-37.5,-32.8125,-20.3125,-31.25,-35.9375,-32.8125,-39.0625,-29.6875,-37.5,-37.5,-21.875,-28.125,-37.5,-35.9375,-32.8125,-31.25,-31.25,-35.9375,-21.875,-34.375,-29.6875,-37.5,-32.8125,-35.9375,-28.125,-31.25,-29.6875,-34.375,-29.6875,-31.25,-35.9375,-37.5,-32.8125,-32.8125,-21.875,-35.9375,-34.375,-37.5,-37.5,-32.8125,-31.25,-29.6875,-35.9375,-37.5,-29.6875,-25,-34.375,-32.8125,-37.5,-23.4375,-35.9375,-32.8125,-37.5,-32.8125,-39.0625,-32.8125,-29.6875,-34.375,-34.375,-32.8125,-34.375,-35.9375,-34.375,-35.9375,-26.5625,-31.25,-34.375,-35.9375,-35.9375,-31.25,-32.8125,-32.8125,-29.6875,-32.8125,-35.9375,-35.9375,-35.9375,-29.6875,-26.5625,-31.25,-28.125,-23.4375,-28.125,-35.9375,-31.25,-39.0625,-31.25,-35.9375,-32.8125,-35.9375,-25,-31.25,-35.9375,-32.8125,-26.5625,-37.5,-31.25,-35.9375,-34.375,-31.25,-28.125,-31.25,-32.8125,-32.8125,-25,-37.5,-21.875,-31.25,-32.8125,-31.25,-31.25,-37.5,-29.6875,-34.375,-34.375,-25,-28.125,-31.25,-32.8125,-35.9375,-23.4375,-29.6875,-29.6875,-29.6875,-34.375,-35.9375,-35.9375,-37.5,-31.25,-32.8125,-29.6875,-32.8125,-31.25,-37.5,-31.25,-35.9375,-32.8125,-35.9375,-35.9375,-39.0625,-37.5,-32.8125,-31.25,-23.4375,-35.9375,-39.0625,-35.9375,-32.8125,-31.25,-37.5,-29.6875,-29.6875,-39.0625,-26.5625,-31.25,-37.5,-31.25,-37.5,-31.25,-28.125,-37.5,-23.4375,-32.8125,-37.5,-29.6875,-31.25,-32.8125,-32.8125,-28.125,-29.6875,-26.5625,-34.375,-23.4375,-29.6875,-39.0625,-35.9375,-37.5,-31.25,-37.5,-31.25,-35.9375,-37.5,-37.5,-28.125,-34.375,-32.8125,-32.8125,-29.6875,-34.375,-28.125,-25,-35.9375,-34.375,-23.4375,-31.25
11,-26.2135922330097,-1.94174757281553,-6.79611650485437,-8.7378640776699,-5.8252427184466,-3.88349514563107,-22.3300970873786,-17.4757281553398,-12.621359223301,-20.3883495145631,-22.3300970873786,-15.5339805825243,-26.2135922330097,-23.3009708737864,-18.4466019417476,-8.7378640776699,-15.5339805825243,-14.5631067961165,-12.621359223301,-11.6504854368932,-15.5339805825243,-24.2718446601942,-9.70873786407767,-0.970873786407767,-18.4466019417476,-8.7378640776699,-18.4466019417476,-16.504854368932,0,-22.3300970873786,-4.85436893203883,-21.3592233009709,-10.6796116504854,-13.5922330097087,-7.76699029126213,-11.6504854368932,-11.6504854368932,-25.2427184466019,-23.3009708737864,-29.126213592233,-15.5339805825243,-8.7378640776699,-20.3883495145631,-20.3883495145631,-10.6796116504854,-19.4174757281553,-21.3592233009709,-14.5631067961165,-19.4174757281553,-3.88349514563107,-21.3592233009709,-18.4466019417476,-1.94174757281553,-16.504854368932,-13.5922330097087,-21.3592233009709,-15.5339805825243,-11.6504854368932,-7.76699029126213,-19.4174757281553,-6.79611650485437,-18.4466019417476,-29.126213592233,-24.2718446601942,-15.5339805825243,-12.621359223301,-15.5339805825243,-24.2718446601942,-13.5922330097087,0.970873786407767,-12.621359223301,-1.94174757281553,-19.4174757281553,-26.2135922330097,-31.0679611650485,-29.126213592233,-18.4466019417476,-16.504854368932,-15.5339805825243,-20.3883495145631,-14.5631067961165,-19.4174757281553,-12.621359223301,-25.2427184466019,-14.5631067961165,-11.6504854368932,-18.4466019417476,-8.7378640776699,-22.3300970873786,-13.5922330097087,-11.6504854368932,-9.70873786407767,-29.126213592233,-24.2718446601942,-23.3009708737864,-15.5339805825243,-11.6504854368932,-2.9126213592233,-23.3009708737864,-13.5922330097087,-28.1553398058252,-3.88349514563107,0,-19.4174757281553,-2.9126213592233,-25.2427184466019,-23.3009708737864,-20.3883495145631,-19.4174757281553,-24.2718446601942,-10.6796116504854,-1.94174757281553,-18.4466019417476,-24.2718446601942,-21.3592233009709,-7.76699029126213,-6.79611650485437,-22.3300970873786,-23.3009708737864,-16.504854368932,-17.4757281553398,-1.94174757281553,-4.85436893203883,-18.4466019417476,-12.621359223301,-22.3300970873786,-21.3592233009709,-23.3009708737864,-19.4174757281553,-22.3300970873786,-14.5631067961165,-11.6504854368932,-17.4757281553398,-21.3592233009709,-24.2718446601942,-25.2427184466019,-0.970873786407767,-12.621359223301,-17.4757281553398,-21.3592233009709,-17.4757281553398,-25.2427184466019,-17.4757281553398,-11.6504854368932,-22.3300970873786,-7.76699029126213,-5.8252427184466,-20.3883495145631,-16.504854368932,-6.79611650485437,-6.79611650485437,-5.8252427184466,-20.3883495145631,-22.3300970873786,-19.4174757281553,-17.4757281553398,-17.4757281553398,-18.4466019417476,-16.504854368932,-16.504854368932,-13.5922330097087,-11.6504854368932,-23.3009708737864,-26.2135922330097,-20.3883495145631,-15.5339805825243,-10.6796116504854,-17.4757281553398,-20.3883495145631,-25.2427184466019,-8.7378640776699,-14.5631067961165,-9.70873786407767,-15.5339805825243,-17.4757281553398,-25.2427184466019,-28.1553398058252,-5.8252427184466,-20.3883495145631,-17.4757281553398,-22.3300970873786,-14.5631067961165,-13.5922330097087,-12.621359223301,-17.4757281553398,3.88349514563107,-12.621359223301,-12.621359223301,-10.6796116504854,-7.76699029126213,-22.3300970873786,-25.2427184466019,-18.4466019417476,-23.3009708737864,-23.3009708737864,-6.79611650485437,-23.3009708737864,-26.2135922330097,-5.8252427184466,-25.2427184466019,-16.504854368932,-7.76699029126213,-24.2718446601942,0,-21.3592233009709,-18.4466019417476,-14.5631067961165,-1.94174757281553,-14.5631067961165,-21.3592233009709,-21.3592233009709,7.76699029126213,-18.4466019417476,-18.4466019417476,-4.85436893203883,-20.3883495145631,-20.3883495145631,-20.3883495145631,-23.3009708737864,-16.504854368932,-19.4174757281553,-18.4466019417476,-8.7378640776699,-14.5631067961165,-25.2427184466019,-16.504854368932,-16.504854368932,-18.4466019417476,-5.8252427184466,-12.621359223301,-21.3592233009709,-11.6504854368932,-19.4174757281553,-13.5922330097087,-21.3592233009709,-6.79611650485437,-27.1844660194175
12,-38.2608695652174,-17.3913043478261,-26.0869565217391,-26.0869565217391,-24.3478260869565,-20,-37.3913043478261,-28.695652173913,-24.3478260869565,-33.9130434782609,-32.1739130434783,-33.0434782608696,-38.2608695652174,-38.2608695652174,-30.4347826086957,-22.6086956521739,-30.4347826086957,-31.304347826087,-26.0869565217391,-26.0869565217391,-30.4347826086957,-33.9130434782609,-22.6086956521739,-18.2608695652174,-35.6521739130435,-28.695652173913,-33.0434782608696,-37.3913043478261,-17.3913043478261,-38.2608695652174,-20.8695652173913,-40,-26.9565217391304,-30.4347826086957,-20.8695652173913,-28.695652173913,-23.4782608695652,-35.6521739130435,-34.7826086956522,-40,-28.695652173913,-27.8260869565217,-33.9130434782609,-33.9130434782609,-26.0869565217391,-32.1739130434783,-35.6521739130435,-28.695652173913,-33.9130434782609,-27.8260869565217,-33.9130434782609,-30.4347826086957,-16.5217391304348,-26.9565217391304,-28.695652173913,-35.6521739130435,-32.1739130434783,-26.9565217391304,-27.8260869565217,-31.304347826087,-23.4782608695652,-36.5217391304348,-39.1304347826087,-33.9130434782609,-27.8260869565217,-28.695652173913,-26.9565217391304,-35.6521739130435,-28.695652173913,-13.0434782608696,-28.695652173913,-16.5217391304348,-26.0869565217391,-35.6521739130435,-43.4782608695652,-40,-36.5217391304348,-31.304347826087,-34.7826086956522,-27.8260869565217,-27.8260869565217,-36.5217391304348,-26.9565217391304,-36.5217391304348,-25.2173913043478,-25.2173913043478,-32.1739130434783,-26.0869565217391,-32.1739130434783,-29.5652173913043,-26.9565217391304,-26.9565217391304,-38.2608695652174,-35.6521739130435,-33.0434782608696,-28.695652173913,-21.7391304347826,-15.6521739130435,-33.9130434782609,-27.8260869565217,-38.2608695652174,-19.1304347826087,-17.3913043478261,-31.304347826087,-20,-34.7826086956522,-33.9130434782609,-36.5217391304348,-33.9130434782609,-35.6521739130435,-22.6086956521739,-20,-38.2608695652174,-43.4782608695652,-36.5217391304348,-23.4782608695652,-24.3478260869565,-31.304347826087,-37.3913043478261,-28.695652173913,-28.695652173913,-17.3913043478261,-23.4782608695652,-30.4347826086957,-27.8260869565217,-33.9130434782609,-34.7826086956522,-30.4347826086957,-33.0434782608696,-34.7826086956522,-26.0869565217391,-26.9565217391304,-33.0434782608696,-34.7826086956522,-36.5217391304348,-38.2608695652174,-22.6086956521739,-25.2173913043478,-34.7826086956522,-33.9130434782609,-33.0434782608696,-36.5217391304348,-30.4347826086957,-27.8260869565217,-33.0434782608696,-26.9565217391304,-22.6086956521739,-33.9130434782609,-32.1739130434783,-25.2173913043478,-26.0869565217391,-26.9565217391304,-37.3913043478261,-33.9130434782609,-30.4347826086957,-23.4782608695652,-28.695652173913,-35.6521739130435,-34.7826086956522,-28.695652173913,-26.9565217391304,-26.0869565217391,-43.4782608695652,-40.8695652173913,-37.3913043478261,-34.7826086956522,-27.8260869565217,-27.8260869565217,-34.7826086956522,-36.5217391304348,-31.304347826087,-31.304347826087,-24.3478260869565,-26.9565217391304,-29.5652173913043,-35.6521739130435,-44.3478260869565,-18.2608695652174,-35.6521739130435,-26.9565217391304,-32.1739130434783,-23.4782608695652,-31.304347826087,-30.4347826086957,-40,-13.0434782608696,-33.0434782608696,-28.695652173913,-25.2173913043478,-21.7391304347826,-36.5217391304348,-33.9130434782609,-34.7826086956522,-37.3913043478261,-32.1739130434783,-26.0869565217391,-37.3913043478261,-37.3913043478261,-22.6086956521739,-40,-29.5652173913043,-24.3478260869565,-38.2608695652174,-17.3913043478261,-39.1304347826087,-32.1739130434783,-27.8260869565217,-22.6086956521739,-33.0434782608696,-33.0434782608696,-33.9130434782609,-13.0434782608696,-31.304347826087,-33.0434782608696,-25.2173913043478,-33.9130434782609,-36.5217391304348,-35.6521739130435,-30.4347826086957,-26.9565217391304,-33.9130434782609,-34.7826086956522,-21.7391304347826,-28.695652173913,-32.1739130434783,-22.6086956521739,-29.5652173913043,-32.1739130434783,-24.3478260869565,-29.5652173913043,-34.7826086956522,-31.304347826087,-26.0869565217391,-28.695652173913,-34.7826086956522,-26.9565217391304,-36.5217391304348
13,-49.6296296296296,-48.1481481481482,-50.3703703703704,-46.6666666666667,-50.3703703703704,-54.0740740740741,-47.4074074074074,-43.7037037037037,-44.4444444444444,-51.8518518518519,-45.9259259259259,-49.6296296296296,-50.3703703703704,-49.6296296296296,-48.1481481481482,-49.6296296296296,-45.9259259259259,-48.1481481481482,-47.4074074074074,-51.8518518518519,-47.4074074074074,-51.8518518518519,-43.7037037037037,-47.4074074074074,-51.1111111111111,-50.3703703703704,-51.8518518518519,-51.8518518518519,-52.5925925925926,-50.3703703703704,-45.1851851851852,-50.3703703703704,-48.1481481481482,-51.1111111111111,-47.4074074074074,-51.1111111111111,-48.1481481481482,-53.3333333333333,-51.1111111111111,-51.1111111111111,-45.9259259259259,-50.3703703703704,-52.5925925925926,-50.3703703703704,-45.9259259259259,-51.1111111111111,-46.6666666666667,-43.7037037037037,-52.5925925925926,-51.1111111111111,-45.9259259259259,-51.1111111111111,-43.7037037037037,-46.6666666666667,-52.5925925925926,-46.6666666666667,-51.1111111111111,-49.6296296296296,-45.9259259259259,-51.8518518518519,-46.6666666666667,-53.3333333333333,-50.3703703703704,-45.1851851851852,-48.1481481481482,-51.1111111111111,-49.6296296296296,-44.4444444444444,-48.1481481481482,-48.1481481481482,-51.1111111111111,-45.1851851851852,-48.1481481481482,-48.8888888888889,-47.4074074074074,-50.3703703703704,-47.4074074074074,-51.1111111111111,-49.6296296296296,-47.4074074074074,-47.4074074074074,-46.6666666666667,-45.9259259259259,-43.7037037037037,-52.5925925925926,-51.1111111111111,-48.1481481481482,-45.9259259259259,-51.1111111111111,-45.9259259259259,-51.8518518518519,-45.1851851851852,-53.3333333333333,-44.4444444444444,-49.6296296296296,-47.4074074074074,-53.3333333333333,-49.6296296296296,-47.4074074074074,-51.1111111111111,-50.3703703703704,-48.1481481481482,-51.1111111111111,-51.8518518518519,-46.6666666666667,-51.8518518518519,-49.6296296296296,-50.3703703703704,-51.1111111111111,-50.3703703703704,-51.8518518518519,-47.4074074074074,-51.1111111111111,-48.1481481481482,-50.3703703703704,-45.1851851851852,-52.5925925925926,-48.1481481481482,-52.5925925925926,-47.4074074074074,-40.7407407407407,-42.962962962963,-51.8518518518519,-44.4444444444444,-48.8888888888889,-52.5925925925926,-51.1111111111111,-48.1481481481482,-43.7037037037037,-45.9259259259259,-46.6666666666667,-52.5925925925926,-45.9259259259259,-46.6666666666667,-48.1481481481482,-46.6666666666667,-46.6666666666667,-51.8518518518519,-50.3703703703704,-52.5925925925926,-52.5925925925926,-50.3703703703704,-47.4074074074074,-44.4444444444444,-50.3703703703704,-46.6666666666667,-45.9259259259259,-52.5925925925926,-46.6666666666667,-48.1481481481482,-48.1481481481482,-50.3703703703704,-46.6666666666667,-51.1111111111111,-50.3703703703704,-48.1481481481482,-51.8518518518519,-42.962962962963,-44.4444444444444,-48.8888888888889,-48.8888888888889,-50.3703703703704,-50.3703703703704,-51.8518518518519,-47.4074074074074,-47.4074074074074,-45.9259259259259,-51.1111111111111,-48.8888888888889,-47.4074074074074,-46.6666666666667,-48.1481481481482,-49.6296296296296,-48.1481481481482,-46.6666666666667,-45.9259259259259,-51.1111111111111,-52.5925925925926,-48.1481481481482,-51.8518518518519,-52.5925925925926,-51.1111111111111,-49.6296296296296,-49.6296296296296,-48.1481481481482,-45.1851851851852,-55.5555555555556,-54.0740740740741,-53.3333333333333,-51.1111111111111,-48.8888888888889,-51.1111111111111,-45.9259259259259,-50.3703703703704,-49.6296296296296,-43.7037037037037,-48.8888888888889,-47.4074074074074,-51.8518518518519,-53.3333333333333,-42.962962962963,-49.6296296296296,-52.5925925925926,-43.7037037037037,-48.8888888888889,-54.0740740740741,-44.4444444444444,-47.4074074074074,-45.1851851851852,-49.6296296296296,-47.4074074074074,-48.1481481481482,-49.6296296296296,-45.9259259259259,-45.1851851851852,-52.5925925925926,-49.6296296296296,-50.3703703703704,-49.6296296296296,-45.9259259259259,-50.3703703703704,-45.9259259259259,-48.8888888888889,-50.3703703703704,-53.3333333333333,-48.8888888888889,-54.0740740740741,-47.4074074074074,-48.8888888888889,-49.6296296296296,-54.0740740740741,-48.8888888888889,-51.1111111111111,-51.8518518518519,-48.8888888888889,-43.7037037037037,-49.6296296296296
14,-40.6666666666667,-30,-34.6666666666667,-32.6666666666667,-35.3333333333333,-35.3333333333333,-38,-32.6666666666667,-34.6666666666667,-38.6666666666667,-34,-34.6666666666667,-42,-41.3333333333333,-34.6666666666667,-34,-34.6666666666667,-35.3333333333333,-31.3333333333333,-36.6666666666667,-34,-40,-28.6666666666667,-29.3333333333333,-40.6666666666667,-34,-40.6666666666667,-42.6666666666667,-28.6666666666667,-40.6666666666667,-30,-42,-33.3333333333333,-40.6666666666667,-29.3333333333333,-37.3333333333333,-32,-42,-41.3333333333333,-42.6666666666667,-32,-31.3333333333333,-36.6666666666667,-38.6666666666667,-31.3333333333333,-36.6666666666667,-37.3333333333333,-34,-38.6666666666667,-34.6666666666667,-35.3333333333333,-35.3333333333333,-25.3333333333333,-33.3333333333333,-38,-38,-38.6666666666667,-34,-31.3333333333333,-40.6666666666667,-32.6666666666667,-39.3333333333333,-44.6666666666667,-36.6666666666667,-37.3333333333333,-34,-35.3333333333333,-33.3333333333333,-33.3333333333333,-24,-36,-28,-32.6666666666667,-38.6666666666667,-41.3333333333333,-42.6666666666667,-38.6666666666667,-37.3333333333333,-38,-35.3333333333333,-32.6666666666667,-35.3333333333333,-32.6666666666667,-38,-35.3333333333333,-36.6666666666667,-40.6666666666667,-34.6666666666667,-39.3333333333333,-34,-36,-33.3333333333333,-45.3333333333333,-37.3333333333333,-42,-32.6666666666667,-33.3333333333333,-26,-38,-36.6666666666667,-44,-30.6666666666667,-28.6666666666667,-40,-30,-41.3333333333333,-41.3333333333333,-39.3333333333333,-40,-42,-33.3333333333333,-28.6666666666667,-39.3333333333333,-40.6666666666667,-41.3333333333333,-29.3333333333333,-35.3333333333333,-35.3333333333333,-42.6666666666667,-34.6666666666667,-32,-25.3333333333333,-32.6666666666667,-35.3333333333333,-37.3333333333333,-40,-38.6666666666667,-36.6666666666667,-32,-36.6666666666667,-36,-36,-38.6666666666667,-35.3333333333333,-42,-38,-30,-36,-40.6666666666667,-38,-42,-42,-37.3333333333333,-32,-40,-30,-33.3333333333333,-42.6666666666667,-34,-32,-30.6666666666667,-34.6666666666667,-39.3333333333333,-41.3333333333333,-35.3333333333333,-32,-37.3333333333333,-35.3333333333333,-34.6666666666667,-36.6666666666667,-34,-35.3333333333333,-44,-43.3333333333333,-36.6666666666667,-37.3333333333333,-33.3333333333333,-36,-37.3333333333333,-36,-34,-34,-34,-36.6666666666667,-32.6666666666667,-38,-42.6666666666667,-31.3333333333333,-39.3333333333333,-39.3333333333333,-38,-34.6666666666667,-36.6666666666667,-36,-38,-24,-40,-40.6666666666667,-37.3333333333333,-30.6666666666667,-40,-38.6666666666667,-35.3333333333333,-40.6666666666667,-36.6666666666667,-32.6666666666667,-40,-38,-34.6666666666667,-43.3333333333333,-33.3333333333333,-34.6666666666667,-42.6666666666667,-27.3333333333333,-37.3333333333333,-37.3333333333333,-33.3333333333333,-30.6666666666667,-36,-40,-38.6666666666667,-28,-38,-38,-30.6666666666667,-36.6666666666667,-39.3333333333333,-38.6666666666667,-36,-32,-39.3333333333333,-34.6666666666667,-32.6666666666667,-34,-40.6666666666667,-32.6666666666667,-38.6666666666667,-39.3333333333333,-34.6666666666667,-39.3333333333333,-42,-35.3333333333333,-34,-37.3333333333333,-37.3333333333333,-35.3333333333333,-41.3333333333333
15,-50.8620689655172,-43.9655172413793,-45.6896551724138,-46.551724137931,-46.551724137931,-50,-49.1379310344828,-39.6551724137931,-41.3793103448276,-47.4137931034483,-43.1034482758621,-45.6896551724138,-45.6896551724138,-45.6896551724138,-43.1034482758621,-44.8275862068966,-42.2413793103448,-49.1379310344828,-48.2758620689655,-46.551724137931,-45.6896551724138,-48.2758620689655,-43.1034482758621,-43.1034482758621,-46.551724137931,-45.6896551724138,-50,-48.2758620689655,-49.1379310344828,-46.551724137931,-43.1034482758621,-45.6896551724138,-46.551724137931,-50.8620689655172,-47.4137931034483,-48.2758620689655,-48.2758620689655,-50,-47.4137931034483,-49.1379310344828,-46.551724137931,-50,-48.2758620689655,-46.551724137931,-40.5172413793103,-47.4137931034483,-44.8275862068966,-43.1034482758621,-48.2758620689655,-45.6896551724138,-44.8275862068966,-47.4137931034483,-39.6551724137931,-43.1034482758621,-49.1379310344828,-50,-48.2758620689655,-44.8275862068966,-46.551724137931,-47.4137931034483,-43.1034482758621,-51.7241379310345,-48.2758620689655,-44.8275862068966,-43.9655172413793,-50.8620689655172,-44.8275862068966,-46.551724137931,-46.551724137931,-44.8275862068966,-47.4137931034483,-42.2413793103448,-44.8275862068966,-48.2758620689655,-47.4137931034483,-45.6896551724138,-41.3793103448276,-46.551724137931,-47.4137931034483,-48.2758620689655,-50,-46.551724137931,-44.8275862068966,-43.9655172413793,-50,-47.4137931034483,-44.8275862068966,-43.1034482758621,-48.2758620689655,-45.6896551724138,-46.551724137931,-43.1034482758621,-50.8620689655172,-44.8275862068966,-48.2758620689655,-42.2413793103448,-50.8620689655172,-46.551724137931,-47.4137931034483,-46.551724137931,-47.4137931034483,-44.8275862068966,-46.551724137931,-50,-41.3793103448276,-48.2758620689655,-44.8275862068966,-49.1379310344828,-47.4137931034483,-47.4137931034483,-47.4137931034483,-50,-48.2758620689655,-48.2758620689655,-47.4137931034483,-45.6896551724138,-49.1379310344828,-49.1379310344828,-48.2758620689655,-42.2413793103448,-39.6551724137931,-42.2413793103448,-47.4137931034483,-38.7931034482759,-44.8275862068966,-51.7241379310345,-47.4137931034483,-43.9655172413793,-43.1034482758621,-44.8275862068966,-43.1034482758621,-51.7241379310345,-42.2413793103448,-47.4137931034483,-48.2758620689655,-46.551724137931,-42.2413793103448,-49.1379310344828,-49.1379310344828,-52.5862068965517,-49.1379310344828,-48.2758620689655,-43.9655172413793,-44.8275862068966,-47.4137931034483,-45.6896551724138,-43.1034482758621,-52.5862068965517,-42.2413793103448,-43.1034482758621,-43.1034482758621,-50,-42.2413793103448,-47.4137931034483,-45.6896551724138,-46.551724137931,-50,-43.1034482758621,-43.1034482758621,-48.2758620689655,-45.6896551724138,-45.6896551724138,-44.8275862068966,-50.8620689655172,-46.551724137931,-42.2413793103448,-44.8275862068966,-47.4137931034483,-47.4137931034483,-47.4137931034483,-44.8275862068966,-43.1034482758621,-46.551724137931,-43.9655172413793,-46.551724137931,-47.4137931034483,-46.551724137931,-49.1379310344828,-45.6896551724138,-48.2758620689655,-49.1379310344828,-49.1379310344828,-51.7241379310345,-45.6896551724138,-46.551724137931,-40.5172413793103,-51.7241379310345,-51.7241379310345,-50,-46.551724137931,-45.6896551724138,-54.3103448275862,-45.6896551724138,-48.2758620689655,-46.551724137931,-37.9310344827586,-44.8275862068966,-48.2758620689655,-49.1379310344828,-47.4137931034483,-45.6896551724138,-44.8275862068966,-49.1379310344828,-37.9310344827586,-47.4137931034483,-49.1379310344828,-46.551724137931,-42.2413793103448,-44.8275862068966,-44.8275862068966,-43.9655172413793,-43.9655172413793,-48.2758620689655,-46.551724137931,-39.6551724137931,-49.1379310344828,-49.1379310344828,-47.4137931034483,-47.4137931034483,-45.6896551724138,-46.551724137931,-47.4137931034483,-43.9655172413793,-46.551724137931,-50,-47.4137931034483,-50.8620689655172,-43.1034482758621,-45.6896551724138,-46.551724137931,-50.8620689655172,-43.9655172413793,-46.551724137931,-49.1379310344828,-44.8275862068966,-38.7931034482759,-45.6896551724138
16,-55.921052631579,-50.6578947368421,-47.3684210526316,-52.6315789473684,-53.9473684210526,-55.2631578947368,-50.6578947368421,-46.7105263157895,-44.078947368421,-49.3421052631579,-53.2894736842105,-53.9473684210526,-50,-50,-51.9736842105263,-50,-49.3421052631579,-52.6315789473684,-51.3157894736842,-53.9473684210526,-47.3684210526316,-57.2368421052632,-51.3157894736842,-51.3157894736842,-50.6578947368421,-50.6578947368421,-50.6578947368421,-50.6578947368421,-53.9473684210526,-48.6842105263158,-52.6315789473684,-51.9736842105263,-51.3157894736842,-57.2368421052632,-49.3421052631579,-50.6578947368421,-55.2631578947368,-54.6052631578947,-53.2894736842105,-53.2894736842105,-50.6578947368421,-51.3157894736842,-54.6052631578947,-50.6578947368421,-51.3157894736842,-50.6578947368421,-50.6578947368421,-46.7105263157895,-53.9473684210526,-48.6842105263158,-50.6578947368421,-53.2894736842105,-46.7105263157895,-49.3421052631579,-55.921052631579,-51.9736842105263,-50,-45.3947368421053,-50.6578947368421,-53.2894736842105,-48.6842105263158,-55.2631578947368,-53.2894736842105,-53.2894736842105,-47.3684210526316,-56.578947368421,-50,-49.3421052631579,-48.0263157894737,-55.921052631579,-49.3421052631579,-46.7105263157895,-49.3421052631579,-57.2368421052632,-49.3421052631579,-49.3421052631579,-44.7368421052632,-52.6315789473684,-50.6578947368421,-52.6315789473684,-55.921052631579,-53.9473684210526,-51.3157894736842,-51.3157894736842,-54.6052631578947,-50,-52.6315789473684,-48.0263157894737,-50,-53.2894736842105,-55.2631578947368,-50,-55.2631578947368,-53.9473684210526,-50.6578947368421,-51.9736842105263,-53.9473684210526,-55.921052631579,-54.6052631578947,-49.3421052631579,-50.6578947368421,-46.7105263157895,-56.578947368421,-55.2631578947368,-48.0263157894737,-52.6315789473684,-52.6315789473684,-55.921052631579,-51.9736842105263,-50.6578947368421,-53.9473684210526,-50,-54.6052631578947,-50,-54.6052631578947,-48.0263157894737,-55.2631578947368,-51.3157894736842,-56.578947368421,-48.6842105263158,-50.6578947368421,-50,-48.0263157894737,-46.0526315789474,-50.6578947368421,-55.2631578947368,-53.9473684210526,-52.6315789473684,-49.3421052631579,-50.6578947368421,-50.6578947368421,-53.2894736842105,-46.7105263157895,-50.6578947368421,-51.9736842105263,-54.6052631578947,-48.0263157894737,-53.9473684210526,-50,-59.2105263157895,-50,-56.578947368421,-48.6842105263158,-53.2894736842105,-54.6052631578947,-48.6842105263158,-50,-53.9473684210526,-48.0263157894737,-50.6578947368421,-50.6578947368421,-55.2631578947368,-50.6578947368421,-53.9473684210526,-52.6315789473684,-52.6315789473684,-52.6315789473684,-51.3157894736842,-50,-55.921052631579,-50.6578947368421,-47.3684210526316,-54.6052631578947,-55.2631578947368,-52.6315789473684,-53.2894736842105,-48.6842105263158,-56.578947368421,-57.2368421052632,-57.2368421052632,-48.6842105263158,-53.2894736842105,-50.6578947368421,-50.6578947368421,-53.2894736842105,-57.2368421052632,-47.3684210526316,-50,-49.3421052631579,-51.9736842105263,-51.9736842105263,-57.2368421052632,-53.2894736842105,-48.6842105263158,-49.3421052631579,-51.9736842105263,-52.6315789473684,-56.578947368421,-51.9736842105263,-53.2894736842105,-51.3157894736842,-53.9473684210526,-47.3684210526316,-53.2894736842105,-52.6315789473684,-46.7105263157895,-50,-56.578947368421,-49.3421052631579,-53.9473684210526,-49.3421052631579,-48.0263157894737,-51.9736842105263,-48.0263157894737,-52.6315789473684,-53.9473684210526,-50.6578947368421,-49.3421052631579,-50,-52.6315789473684,-51.3157894736842,-53.9473684210526,-52.6315789473684,-50.6578947368421,-48.0263157894737,-57.2368421052632,-55.921052631579,-55.2631578947368,-55.921052631579,-50,-55.2631578947368,-51.9736842105263,-49.3421052631579,-49.3421052631579,-53.2894736842105,-54.6052631578947,-57.2368421052632,-46.0526315789474,-49.3421052631579,-48.0263157894737,-52.6315789473684,-48.6842105263158,-50,-57.2368421052632,-51.3157894736842,-50.6578947368421,-52.6315789473684
17,-58.0952380952381,-59.0476190476191,-53.8095238095238,-45.7142857142857,-61.4285714285714,-57.1428571428571,-54.7619047619048,-44.2857142857143,-50.4761904761905,-54.7619047619048,-54.7619047619048,-60,-52.8571428571429,-52.8571428571429,-58.0952380952381,-59.0476190476191,-42.3809523809524,-55.2380952380952,-60,-61.4285714285714,-45.7142857142857,-58.0952380952381,-53.8095238095238,-53.8095238095238,-58.5714285714286,-58.5714285714286,-58.0952380952381,-55.7142857142857,-59.5238095238095,-55.2380952380952,-55.7142857142857,-47.6190476190476,-57.1428571428571,-63.3333333333333,-51.9047619047619,-58.0952380952381,-59.5238095238095,-57.6190476190476,-59.5238095238095,-57.6190476190476,-58.5714285714286,-59.5238095238095,-55.2380952380952,-54.2857142857143,-48.0952380952381,-56.6666666666667,-49.5238095238095,-56.1904761904762,-59.0476190476191,-53.8095238095238,-57.1428571428571,-61.4285714285714,-56.6666666666667,-59.0476190476191,-58.5714285714286,-55.2380952380952,-54.2857142857143,-53.8095238095238,-56.6666666666667,-45.2380952380952,-55.2380952380952,-53.3333333333333,-56.1904761904762,-54.2857142857143,-52.3809523809524,-62.3809523809524,-58.0952380952381,-52.8571428571429,-53.3333333333333,-57.6190476190476,-57.1428571428571,-53.3333333333333,-54.2857142857143,-59.0476190476191,-52.8571428571429,-59.5238095238095,-53.3333333333333,-53.8095238095238,-54.2857142857143,-56.1904761904762,-54.2857142857143,-58.5714285714286,-56.6666666666667,-53.3333333333333,-56.1904761904762,-54.2857142857143,-52.3809523809524,-56.1904761904762,-57.1428571428571,-59.5238095238095,-60.952380952381,-56.6666666666667,-59.5238095238095,-56.6666666666667,-57.1428571428571,-59.0476190476191,-48.0952380952381,-60.952380952381,-57.1428571428571,-55.2380952380952,-56.6666666666667,-49.5238095238095,-61.4285714285714,-58.5714285714286,-55.2380952380952,-59.0476190476191,-57.1428571428571,-60,-54.2857142857143,-50.9523809523809,-57.6190476190476,-55.2380952380952,-60.952380952381,-50.9523809523809,-59.0476190476191,-55.2380952380952,-62.8571428571429,-56.1904761904762,-56.1904761904762,-53.3333333333333,-53.8095238095238,-54.7619047619048,-57.6190476190476,-55.7142857142857,-54.2857142857143,-59.0476190476191,-58.5714285714286,-58.5714285714286,-51.9047619047619,-54.2857142857143,-55.2380952380952,-60.952380952381,-51.9047619047619,-60.4761904761905,-56.6666666666667,-58.0952380952381,-51.4285714285714,-43.8095238095238,-57.1428571428571,-49.5238095238095,-55.7142857142857,-57.1428571428571,-57.6190476190476,-60,-60,-53.8095238095238,-55.7142857142857,-61.4285714285714,-53.8095238095238,-54.2857142857143,-53.3333333333333,-59.5238095238095,-57.1428571428571,-55.7142857142857,-60,-58.5714285714286,-59.0476190476191,-53.3333333333333,-51.9047619047619,-55.7142857142857,-54.2857142857143,-54.7619047619048,-54.7619047619048,-60.4761904761905,-59.5238095238095,-59.0476190476191,-50.4761904761905,-58.5714285714286,-59.0476190476191,-55.7142857142857,-50,-58.5714285714286,-55.7142857142857,-54.7619047619048,-56.1904761904762,-59.0476190476191,-53.8095238095238,-55.2380952380952,-50.9523809523809,-60,-52.8571428571429,-58.0952380952381,-42.3809523809524,-55.2380952380952,-51.9047619047619,-55.7142857142857,-60.952380952381,-51.9047619047619,-58.0952380952381,-43.3333333333333,-58.5714285714286,-56.6666666666667,-56.6666666666667,-60.952380952381,-60,-56.1904761904762,-51.4285714285714,-58.0952380952381,-56.6666666666667,-47.6190476190476,-54.7619047619048,-55.2380952380952,-56.1904761904762,-52.3809523809524,-55.2380952380952,-57.1428571428571,-58.0952380952381,-60,-58.0952380952381,-54.2857142857143,-52.3809523809524,-56.6666666666667,-58.5714285714286,-54.2857142857143,-52.8571428571429,-58.0952380952381,-56.1904761904762,-59.5238095238095,-58.5714285714286,-56.6666666666667,-59.0476190476191,-54.7619047619048,-55.7142857142857,-51.9047619047619,-56.1904761904762,-55.7142857142857,-60.952380952381,-52.3809523809524,-58.5714285714286,-51.9047619047619,-45.7142857142857,-56.1904761904762,-55.7142857142857,-63.3333333333333,-54.7619047619048,-58.5714285714286,-53.3333333333333
18,-58.6206896551724,-54.0229885057471,-51.1494252873563,-52.8735632183908,-58.6206896551724,-56.3218390804598,-52.8735632183908,-50,-48.2758620689655,-51.7241379310345,-52.8735632183908,-60.3448275862069,-53.448275862069,-52.8735632183908,-56.3218390804598,-57.4712643678161,-51.7241379310345,-56.3218390804598,-55.1724137931034,-58.0459770114943,-51.7241379310345,-57.4712643678161,-53.448275862069,-54.5977011494253,-55.7471264367816,-56.3218390804598,-55.7471264367816,-55.7471264367816,-58.6206896551724,-55.1724137931034,-55.7471264367816,-54.5977011494253,-52.2988505747126,-62.0689655172414,-50.5747126436782,-54.0229885057471,-56.8965517241379,-55.1724137931034,-59.7701149425287,-55.7471264367816,-53.448275862069,-53.448275862069,-57.4712643678161,-51.1494252873563,-56.3218390804598,-54.0229885057471,-50.5747126436782,-51.1494252873563,-59.7701149425287,-54.0229885057471,-52.2988505747126,-58.0459770114943,-50,-54.0229885057471,-58.0459770114943,-51.1494252873563,-53.448275862069,-50,-55.1724137931034,-58.0459770114943,-54.5977011494253,-53.448275862069,-56.3218390804598,-51.7241379310345,-50,-59.1954022988506,-57.4712643678161,-47.7011494252874,-52.8735632183908,-58.0459770114943,-55.7471264367816,-50,-51.1494252873563,-58.6206896551724,-52.8735632183908,-53.448275862069,-51.1494252873563,-54.5977011494253,-51.7241379310345,-52.8735632183908,-56.3218390804598,-58.6206896551724,-54.0229885057471,-51.7241379310345,-55.1724137931034,-52.2988505747126,-55.1724137931034,-54.0229885057471,-52.2988505747126,-55.7471264367816,-59.7701149425287,-52.8735632183908,-58.6206896551724,-55.7471264367816,-54.0229885057471,-57.4712643678161,-57.4712643678161,-59.7701149425287,-55.7471264367816,-54.5977011494253,-53.448275862069,-50,-59.1954022988506,-59.1954022988506,-51.1494252873563,-56.8965517241379,-55.7471264367816,-59.7701149425287,-54.0229885057471,-54.0229885057471,-58.0459770114943,-52.2988505747126,-58.6206896551724,-50.5747126436782,-58.0459770114943,-50,-60.9195402298851,-54.5977011494253,-58.0459770114943,-48.8505747126437,-48.2758620689655,-53.448275862069,-55.1724137931034,-50.5747126436782,-54.5977011494253,-60.9195402298851,-59.7701149425287,-58.0459770114943,-50,-53.448275862069,-55.1724137931034,-58.6206896551724,-52.8735632183908,-54.0229885057471,-55.1724137931034,-58.0459770114943,-51.1494252873563,-53.448275862069,-55.1724137931034,-59.1954022988506,-51.7241379310345,-57.4712643678161,-54.0229885057471,-55.7471264367816,-57.4712643678161,-52.2988505747126,-54.5977011494253,-58.6206896551724,-51.7241379310345,-53.448275862069,-51.7241379310345,-62.0689655172414,-52.2988505747126,-55.1724137931034,-60.3448275862069,-55.1724137931034,-54.5977011494253,-51.7241379310345,-50.5747126436782,-59.1954022988506,-52.8735632183908,-50.5747126436782,-54.5977011494253,-56.8965517241379,-58.0459770114943,-59.1954022988506,-47.7011494252874,-58.0459770114943,-56.8965517241379,-59.1954022988506,-49.4252873563218,-59.1954022988506,-56.3218390804598,-55.7471264367816,-54.5977011494253,-58.6206896551724,-50.5747126436782,-53.448275862069,-52.8735632183908,-56.3218390804598,-53.448275862069,-59.7701149425287,-52.8735632183908,-54.0229885057471,-52.8735632183908,-57.4712643678161,-57.4712643678161,-58.6206896551724,-54.0229885057471,-56.8965517241379,-58.6206896551724,-54.5977011494253,-51.7241379310345,-59.7701149425287,-56.8965517241379,-52.8735632183908,-52.8735632183908,-59.1954022988506,-52.8735632183908,-56.8965517241379,-50.5747126436782,-50,-56.3218390804598,-51.1494252873563,-52.8735632183908,-55.7471264367816,-52.2988505747126,-54.0229885057471,-56.8965517241379,-54.0229885057471,-54.5977011494253,-55.7471264367816,-59.1954022988506,-52.8735632183908,-51.7241379310345,-59.7701149425287,-55.1724137931034,-58.0459770114943,-56.8965517241379,-52.8735632183908,-58.0459770114943,-53.448275862069,-54.5977011494253,-52.8735632183908,-54.5977011494253,-57.4712643678161,-59.7701149425287,-50,-52.2988505747126,-51.7241379310345,-54.5977011494253,-55.7471264367816,-55.1724137931034,-61.4942528735632,-53.448275862069,-54.0229885057471,-56.3218390804598
19,-60.7305936073059,-57.5342465753425,-53.8812785388128,-51.1415525114155,-60.2739726027397,-58.9041095890411,-60.2739726027397,-48.8584474885845,-52.9680365296804,-57.5342465753425,-56.1643835616438,-61.6438356164384,-54.337899543379,-52.054794520548,-61.1872146118722,-59.8173515981735,-47.4885844748858,-56.1643835616438,-62.5570776255708,-64.3835616438356,-49.7716894977169,-58.9041095890411,-55.2511415525114,-53.8812785388128,-59.8173515981735,-61.6438356164384,-60.7305936073059,-58.4474885844749,-58.4474885844749,-54.7945205479452,-58.4474885844749,-52.054794520548,-60.7305936073059,-65.296803652968,-54.337899543379,-60.2739726027397,-57.0776255707763,-57.9908675799087,-60.7305936073059,-59.8173515981735,-56.62100456621,-62.5570776255708,-57.0776255707763,-53.8812785388128,-54.337899543379,-59.8173515981735,-54.337899543379,-58.4474885844749,-63.4703196347032,-57.0776255707763,-59.3607305936073,-63.9269406392694,-60.2739726027397,-59.8173515981735,-60.2739726027397,-57.0776255707763,-56.1643835616438,-57.0776255707763,-58.9041095890411,-53.4246575342466,-53.8812785388128,-53.4246575342466,-58.9041095890411,-53.8812785388128,-52.054794520548,-62.1004566210046,-59.8173515981735,-51.5981735159817,-57.5342465753425,-56.1643835616438,-55.2511415525114,-57.0776255707763,-55.7077625570776,-62.5570776255708,-57.0776255707763,-60.2739726027397,-54.7945205479452,-53.8812785388128,-55.7077625570776,-55.7077625570776,-57.9908675799087,-60.2739726027397,-60.7305936073059,-54.7945205479452,-56.62100456621,-59.3607305936073,-57.5342465753425,-57.9908675799087,-57.9908675799087,-56.62100456621,-62.1004566210046,-57.9908675799087,-59.8173515981735,-56.1643835616438,-57.5342465753425,-61.1872146118722,-54.337899543379,-61.6438356164384,-59.3607305936073,-56.62100456621,-58.9041095890411,-53.8812785388128,-63.013698630137,-58.9041095890411,-55.2511415525114,-57.5342465753425,-59.8173515981735,-62.5570776255708,-57.0776255707763,-51.1415525114155,-61.6438356164384,-54.7945205479452,-63.013698630137,-54.7945205479452,-57.9908675799087,-58.9041095890411,-63.4703196347032,-57.0776255707763,-59.3607305936073,-56.1643835616438,-56.62100456621,-56.1643835616438,-57.0776255707763,-56.62100456621,-55.2511415525114,-58.9041095890411,-58.9041095890411,-61.1872146118722,-54.7945205479452,-56.1643835616438,-55.2511415525114,-61.6438356164384,-53.4246575342466,-61.6438356164384,-57.5342465753425,-60.2739726027397,-52.9680365296804,-47.9452054794521,-60.7305936073059,-54.337899543379,-57.9908675799087,-57.9908675799087,-61.1872146118722,-59.3607305936073,-59.3607305936073,-52.9680365296804,-54.7945205479452,-62.1004566210046,-56.62100456621,-55.7077625570776,-55.7077625570776,-62.1004566210046,-58.9041095890411,-60.2739726027397,-64.3835616438356,-59.3607305936073,-58.9041095890411,-57.0776255707763,-52.9680365296804,-56.62100456621,-58.4474885844749,-53.8812785388128,-53.8812785388128,-63.4703196347032,-61.6438356164384,-63.4703196347032,-50.2283105022831,-63.013698630137,-57.9908675799087,-56.62100456621,-50.2283105022831,-59.3607305936073,-58.4474885844749,-59.8173515981735,-59.3607305936073,-58.4474885844749,-57.5342465753425,-58.4474885844749,-51.5981735159817,-63.013698630137,-55.2511415525114,-57.9908675799087,-47.0319634703196,-59.3607305936073,-57.0776255707763,-58.4474885844749,-60.2739726027397,-55.2511415525114,-61.6438356164384,-49.3150684931507,-59.3607305936073,-60.2739726027397,-59.3607305936073,-63.4703196347032,-62.1004566210046,-55.7077625570776,-52.9680365296804,-58.4474885844749,-57.0776255707763,-53.4246575342466,-56.1643835616438,-54.337899543379,-57.5342465753425,-56.1643835616438,-53.8812785388128,-59.8173515981735,-60.2739726027397,-60.7305936073059,-58.9041095890411,-55.7077625570776,-55.7077625570776,-60.7305936073059,-62.5570776255708,-57.0776255707763,-53.4246575342466,-58.9041095890411,-58.9041095890411,-59.3607305936073,-59.3607305936073,-58.9041095890411,-61.6438356164384,-58.4474885844749,-57.5342465753425,-55.2511415525114,-55.7077625570776,-57.0776255707763,-63.013698630137,-53.8812785388128,-57.5342465753425,-56.1643835616438,-53.4246575342466,-59.3607305936073,-56.1643835616438,-62.1004566210046,-58.4474885844749,-58.4474885844749,-55.7077625570776
20,-56.420233463035,-57.976653696498,-54.4747081712062,-55.6420233463035,-58.7548638132296,-58.7548638132296,-54.863813229572,-54.4747081712062,-53.307392996109,-56.420233463035,-54.4747081712062,-57.976653696498,-55.6420233463035,-54.4747081712062,-60.7003891050584,-56.8093385214008,-53.6964980544747,-57.976653696498,-60.3112840466926,-60.3112840466926,-55.6420233463035,-58.3657587548638,-54.4747081712062,-57.1984435797665,-56.420233463035,-56.8093385214008,-56.8093385214008,-57.1984435797665,-61.4785992217899,-56.420233463035,-57.1984435797665,-55.2529182879377,-57.1984435797665,-60.7003891050584,-55.2529182879377,-58.7548638132296,-59.9221789883268,-56.0311284046693,-60.3112840466926,-56.8093385214008,-56.0311284046693,-57.5875486381323,-58.7548638132296,-56.0311284046693,-59.1439688715953,-55.2529182879377,-53.6964980544747,-54.4747081712062,-61.8677042801556,-54.863813229572,-56.420233463035,-60.3112840466926,-54.863813229572,-56.420233463035,-62.2568093385214,-55.2529182879377,-54.863813229572,-56.0311284046693,-56.8093385214008,-57.976653696498,-54.4747081712062,-56.420233463035,-54.0856031128405,-54.0856031128405,-54.4747081712062,-61.0894941634241,-60.3112840466926,-53.6964980544747,-57.5875486381323,-56.8093385214008,-56.420233463035,-52.9182879377432,-54.863813229572,-60.3112840466926,-55.6420233463035,-55.6420233463035,-56.8093385214008,-54.4747081712062,-54.863813229572,-56.420233463035,-57.5875486381323,-57.976653696498,-58.3657587548638,-54.0856031128405,-57.976653696498,-56.420233463035,-56.8093385214008,-56.420233463035,-56.420233463035,-57.976653696498,-59.5330739299611,-56.0311284046693,-58.3657587548638,-57.976653696498,-57.1984435797665,-59.9221789883268,-61.0894941634241,-59.1439688715953,-56.0311284046693,-57.5875486381323,-57.976653696498,-55.2529182879377,-60.3112840466926,-58.7548638132296,-52.5291828793774,-58.7548638132296,-59.1439688715953,-59.9221789883268,-57.1984435797665,-54.4747081712062,-57.976653696498,-55.6420233463035,-60.3112840466926,-54.4747081712062,-58.3657587548638,-56.0311284046693,-60.7003891050584,-58.7548638132296,-60.3112840466926,-54.863813229572,-53.6964980544747,-57.1984435797665,-57.1984435797665,-56.8093385214008,-56.420233463035,-62.2568093385214,-58.7548638132296,-56.420233463035,-52.1400778210117,-56.420233463035,-58.3657587548638,-59.1439688715953,-57.5875486381323,-57.1984435797665,-57.5875486381323,-59.1439688715953,-52.9182879377432,-54.4747081712062,-56.8093385214008,-60.3112840466926,-55.2529182879377,-59.1439688715953,-58.3657587548638,-60.3112840466926,-59.1439688715953,-56.8093385214008,-56.0311284046693,-60.7003891050584,-55.2529182879377,-55.6420233463035,-55.2529182879377,-61.0894941634241,-57.1984435797665,-56.420233463035,-61.4785992217899,-57.1984435797665,-57.976653696498,-54.4747081712062,-54.4747081712062,-59.1439688715953,-56.420233463035,-54.0856031128405,-52.9182879377432,-58.7548638132296,-59.9221789883268,-58.7548638132296,-48.2490272373541,-59.1439688715953,-58.3657587548638,-56.8093385214008,-52.9182879377432,-60.7003891050584,-60.3112840466926,-58.3657587548638,-57.1984435797665,-57.1984435797665,-53.6964980544747,-54.4747081712062,-53.6964980544747,-59.5330739299611,-56.420233463035,-61.0894941634241,-54.863813229572,-56.420233463035,-56.420233463035,-59.1439688715953,-60.3112840466926,-59.1439688715953,-56.8093385214008,-59.5330739299611,-59.5330739299611,-58.3657587548638,-54.4747081712062,-59.9221789883268,-55.6420233463035,-55.2529182879377,-55.2529182879377,-60.7003891050584,-55.2529182879377,-58.7548638132296,-53.307392996109,-56.420233463035,-56.0311284046693,-55.2529182879377,-57.5875486381323,-59.1439688715953,-54.4747081712062,-57.1984435797665,-56.8093385214008,-58.3657587548638,-55.6420233463035,-57.976653696498,-58.7548638132296,-54.863813229572,-54.4747081712062,-59.9221789883268,-58.3657587548638,-59.5330739299611,-57.1984435797665,-56.8093385214008,-58.7548638132296,-56.0311284046693,-54.4747081712062,-57.1984435797665,-56.8093385214008,-59.1439688715953,-58.7548638132296,-52.9182879377432,-56.8093385214008,-55.2529182879377,-56.0311284046693,-56.420233463035,-59.9221789883268,-59.9221789883268,-55.6420233463035,-54.863813229572,-57.5875486381323
21,-65.0632911392405,-65.0632911392405,-63.7974683544304,-62.1518987341772,-64.8101265822785,-66.7088607594937,-63.0379746835443,-62.6582278481013,-62.4050632911392,-68.4810126582278,-64.8101265822785,-67.0886075949367,-63.6708860759494,-67.7215189873418,-65.9493670886076,-69.1139240506329,-65.8227848101266,-66.5822784810127,-67.2151898734177,-68.8607594936709,-65.9493670886076,-67.4683544303797,-65.4430379746835,-66.7088607594937,-68.9873417721519,-70.6329113924051,-65.9493670886076,-65.9493670886076,-66.4556962025316,-65.8227848101266,-64.9367088607595,-62.7848101265823,-66.8354430379747,-68.3544303797468,-63.7974683544304,-66.8354430379747,-65.9493670886076,-66.3291139240506,-65.4430379746835,-69.2405063291139,-64.8101265822785,-66.0759493670886,-66.0759493670886,-67.5949367088608,-66.8354430379747,-64.1772151898734,-66.4556962025316,-67.7215189873418,-63.2911392405063,-66.3291139240506,-67.4683544303797,-66.8354430379747,-67.2151898734177,-64.9367088607595,-67.8481012658228,-66.5822784810127,-65.9493670886076,-67.0886075949367,-66.8354430379747,-63.7974683544304,-63.9240506329114,-66.4556962025316,-67.3417721518987,-66.4556962025316,-66.4556962025316,-67.3417721518987,-64.5569620253165,-63.0379746835443,-67.7215189873418,-62.7848101265823,-68.2278481012658,-63.2911392405063,-63.5443037974684,-68.7341772151899,-66.5822784810127,-69.2405063291139,-64.8101265822785,-64.8101265822785,-65.8227848101266,-64.3037974683544,-62.0253164556962,-69.1139240506329,-65.9493670886076,-67.5949367088608,-63.5443037974684,-65.4430379746835,-66.9620253164557,-66.7088607594937,-68.2278481012658,-67.4683544303797,-67.5949367088608,-63.6708860759494,-65.1898734177215,-64.0506329113924,-65.5696202531645,-68.2278481012658,-65.4430379746835,-68.2278481012658,-64.3037974683544,-65.3164556962025,-66.3291139240506,-65.5696202531645,-66.5822784810127,-67.5949367088608,-66.0759493670886,-67.4683544303797,-66.8354430379747,-69.620253164557,-68.2278481012658,-66.0759493670886,-61.8987341772152,-62.7848101265823,-68.8607594936709,-64.0506329113924,-65.4430379746835,-68.7341772151899,-65.5696202531645,-63.4177215189873,-69.873417721519,-67.3417721518987,-68.4810126582278,-61.6455696202532,-64.4303797468354,-70.126582278481,-67.4683544303797,-62.6582278481013,-63.5443037974684,-68.3544303797468,-66.3291139240506,-64.5569620253165,-66.2025316455696,-68.4810126582278,-64.6835443037975,-66.0759493670886,-64.4303797468354,-66.7088607594937,-62.4050632911392,-61.5189873417721,-67.4683544303797,-66.2025316455696,-62.1518987341772,-66.5822784810127,-67.0886075949367,-67.8481012658228,-66.8354430379747,-65.9493670886076,-60.8860759493671,-66.0759493670886,-63.7974683544304,-66.0759493670886,-67.5949367088608,-66.2025316455696,-66.9620253164557,-64.0506329113924,-66.3291139240506,-67.5949367088608,-63.5443037974684,-64.3037974683544,-66.8354430379747,-64.6835443037975,-64.1772151898734,-65.9493670886076,-67.9746835443038,-69.4936708860759,-67.2151898734177,-68.1012658227848,-60.7594936708861,-67.2151898734177,-65.0632911392405,-65.5696202531645,-63.4177215189873,-66.2025316455696,-66.2025316455696,-66.5822784810127,-65.6962025316456,-66.4556962025316,-67.9746835443038,-64.3037974683544,-62.1518987341772,-69.1139240506329,-62.9113924050633,-65.6962025316456,-62.4050632911392,-64.0506329113924,-64.8101265822785,-67.0886075949367,-66.8354430379747,-66.8354430379747,-68.2278481012658,-65.3164556962025,-68.7341772151899,-66.2025316455696,-66.8354430379747,-65.6962025316456,-64.3037974683544,-65.3164556962025,-64.8101265822785,-65.3164556962025,-65.0632911392405,-65.0632911392405,-67.3417721518987,-63.7974683544304,-66.2025316455696,-66.8354430379747,-64.4303797468354,-69.1139240506329,-66.5822784810127,-68.3544303797468,-68.6075949367089,-65.0632911392405,-67.5949367088608,-66.3291139240506,-66.3291139240506,-67.9746835443038,-66.3291139240506,-66.9620253164557,-65.3164556962025,-65.3164556962025,-62.4050632911392,-66.4556962025316,-66.2025316455696,-65.9493670886076,-67.3417721518987,-63.9240506329114,-64.8101265822785,-66.0759493670886,-65.4430379746835,-64.6835443037975,-62.7848101265823,-63.7974683544304,-65.0632911392405,-63.0379746835443,-65.5696202531645,-65.1898734177215,-64.8101265822785,-64.5569620253165,-62.2784810126582
