PeriodId,sophia-45,sophia-54,sophia-57,sophia-60,sophia-63,sophia-66,sophia-69,sophia-72,sophia-75,sophia-78,sophia-81,sophia-84,sophia-87,sophia-90,sophia-93,sophia-96,sophia-99,sophia-102,sophia-105,sophia-108,sophia-111,sophia-114,sophia-117,sophia-120,sophia-123,sophia-126,sophia-129,sophia-132,sophia-135,sophia-138,sophia-141,sophia-144,sophia-147,sophia-150,sophia-153,sophia-156,sophia-159,sophia-162,sophia-165,sophia-168,sophia-171,sophia-174,sophia-177,sophia-180,sophia-183,sophia-186,sophia-189,sophia-192,sophia-195,sophia-198,sophia-201,sophia-204,sophia-207,sophia-210,sophia-213,sophia-216,sophia-219,sophia-222,sophia-225,sophia-228,sophia-231,sophia-234,sophia-237,sophia-240,sophia-243,sophia-246,sophia-249,sophia-252,sophia-255,sophia-258,sophia-261,sophia-264,sophia-267,sophia-270,sophia-273,sophia-276,sophia-279,sophia-282,sophia-285,sophia-288,sophia-291,sophia-294,sophia-297,sophia-300,sophia-303,sophia-306,sophia-309,sophia-312,sophia-315,sophia-318,sophia-321,sophia-324,sophia-327,sophia-330,sophia-333,sophia-336,sophia-339,sophia-342,sophia-345,sophia-348,sophia-351,sophia-354,sophia-357,sophia-360,sophia-363,sophia-366,sophia-369,sophia-372,sophia-375,sophia-378,sophia-381,sophia-10384,sophia-10387,sophia-10390,sophia-10393,sophia-10396,sophia-10399,sophia-10402,sophia-10405,sophia-10408,sophia-10411,sophia-10414,sophia-10417,sophia-10420,sophia-10423,sophia-10426,sophia-10429,sophia-10432,sophia-10435,sophia-10438,sophia-10441,sophia-10444,sophia-10447,sophia-10450,Sofia-20570,Sofia-20573,Sofia-20576,Sofia-20579,Sofia-20582,Sofia-20585,Sofia-20588,Sofia-20591,Sofia-20657,Sofia-20675,Sofia-20678,Sofia-20681,Sofia-20684,Sofia-20687,Sofia-20690,Sofia-20693,Sofia-20696,Sofia-20699,Sofia-20702,Sofia-20705,Sofia-20708,Sofia-20711,Sofia-20714,Sofia-20717,Sofia-20720,Sofia-20723,Sofia-20726,Sofia-20729,Sofia-20732,Sofia-20735,Sofia-20738,Sofia-20741,Sofia-20744,Sofia-20747,Sofia-20750,Sofia-20753,Sofia-20756,Sofia-20759,Sofia-20762,Sofia-20765,Sofia-20768,Sofia-20771,Sofia-20774,Sofia-20777,Sofia-20780,Sofia-20783,Sofia-20786,Sofia-20789,Sofia-20792,Sofia-20795,Sofia-20798,Sofia-20801,Sofia-20804,Sofia-20807,Sofia-20810,Sofia-20813,Sofia-20816,Sofia-20819,Sofia-20822,Sofia-20825,Sofia-20828,Sofia-20831,Sofia-20834,Sofia-20837,Sofia-20840,Sofia-20843,Sofia-20846,Sofia-20849,Sofia-20852,Sofia-20855,Sofia-20858,Sofia-20861,Sofia-20864,Sofia-20867,Sofia-20870,Sofia-20873,Sofia-20876,Sofia-20879,Sofia-20882,Sofia-20885,Sofia-20888,Sofia-20891,Sofia-20894,Sofia-20897,Sofia-20900,Sofia-20903,Sofia-20906
3,0,0,0,0,0,0,0,0,0,0,0,0,0,0,0,0,0,0,0,0,0,0,0,0,0,0,0,0,0,0,0,0,0,0,0,0,0,0,0,0,0,0,0,0,0,0,0,0,0,0,0,0,0,0,0,0,0,0,0,0,0,0,0,0,0,0,0,0,0,0,0,0,0,0,0,0,0,0,0,0,0,0,0,0,0,0,0,0,0,0,0,0,0,0,0,0,0,0,0,0,0,0,0,0,0,0,0,0,0,0,0,0,0,0,0,0,0,0,0,0,0,0,0,0,0,0,0,0,0,0,0,0,0,0,0,0,0,0,0,0,0,0,0,0,0,0,0,0,0,0,0,0,0,0,0,0,0,0,0,0,0,0,0,0,0,0,0,0,0,0,0,0,0,0,0,0,0,0,0,0,0,0,0,0,0,0,0,0,0,0,0,0,0,0,0,0,0,0,0,0,0,0,0,0,0,0,0,0,0,0,0,0,0,0,0,0,0,0,0,0,0
7,0,0,0,0,0,0,0,0,0,0,0,0,0,0,0,0,0,0,0,0,0,0,0,0,0,0,0,0,0,0,0,0,0,0,0,0,0,0,0,0,0,0,0,0,0,0,0,0,0,0,0,0,0,0,0,0,0,0,0,0,0,0,0,0,0,0,0,0,0,0,0,0,0,0,0,0,0,0,0,0,0,0,0,0,0,0,0,0,0,0,0,0,0,0,0,0,0,0,0,0,0,0,0,0,0,0,0,0,0,0,0,0,0,0,0,0,0,0,0,0,0,0,0,0,0,0,0,0,0,0,0,0,0,0,0,0,0,0,0,0,0,0,0,0,0,0,0,0,0,0,0,0,0,0,0,0,0,0,0,0,0,0,0,0,0,0,0,0,0,0,0,0,0,0,0,0,0,0,0,0,0,0,0,0,0,0,0,0,0,0,0,0,0,0,0,0,0,0,0,0,0,0,0,0,0,0,0,0,0,0,0,0,0,0,0,0,0,0,0,0,0
8,0,0,0,0,0,0,0,0,0,0,0,0,0,0,0,0,0,0,0,0,0,0,0,0,0,0,0,0,0,0,0,0,0,0,0,0,0,0,0,0,0,0,0,0,0,0,0,0,0,0,0,0,0,0,0,0,0,0,0,0,0,0,0,0,0,0,0,0,0,0,0,0,0,0,0,0,0,0,0,0,0,0,0,0,0,0,0,0,0,0,0,0,0,0,0,0,0,0,0,0,0,0,0,0,0,0,0,0,0,0,0,0,0,0,0,0,0,0,0,0,0,0,0,0,0,0,0,0,0,0,0,0,0,0,0,0,0,0,0,0,0,0,0,0,0,0,0,0,0,0,0,0,0,0,0,0,0,0,0,0,0,0,0,0,0,0,0,0,0,0,0,0,0,0,0,0,0,0,0,0,0,0,0,0,0,0,0,0,0,0,0,0,0,0,0,0,0,0,0,0,0,0,0,0,0,0,0,0,0,0,0,0,0,0,0,0,0,0,0,0,0
9,0,0,0,0,0,0,0,0,0,0,0,0,0,0,0,0,0,0,0,0,0,0,0,0,0,0,0,0,0,0,0,0,0,0,0,0,0,0,0,0,0,0,0,0,0,0,0,0,0,0,0,0,0,0,0,0,0,0,0,0,0,0,0,0,0,0,0,0,0,0,0,0,0,0,0,0,0,0,0,0,0,0,0,0,0,0,0,0,0,0,0,0,0,0,0,0,0,0,0,0,0,0,0,0,0,0,0,0,0,0,0,0,0,0,0,0,0,0,0,0,0,0,0,0,0,0,0,0,0,0,0,0,0,0,0,0,0,0,0,0,0,0,0,0,0,0,0,0,0,0,0,0,0,0,0,0,0,0,0,0,0,0,0,0,0,0,0,0,0,0,0,0,0,0,0,0,0,0,0,0,0,0,0,0,0,0,0,0,0,0,0,0,0,0,0,0,0,0,0,0,0,0,0,0,0,0,0,0,0,0,0,0,0,0,0,0,0,0,0,0,0
10,0,0,0,0,0,0,0,0,0,0,0,0,0,0,0,0,0,0,0,0,0,0,0,0,0,0,0,0,0,0,0,0,0,0,0,0,0,0,0,0,0,0,0,0,0,0,0,0,0,0,0,0,0,0,0,0,0,0,0,0,0,0,0,0,0,0,0,0,0,0,0,0,0,0,0,0,0,0,0,0,0,0,0,0,0,0,0,0,0,0,0,0,0,0,0,0,0,0,0,0,0,0,0,0,0,0,0,0,0,0,0,0,0,0,0,0,0,0,0,0,0,0,0,0,0,0,0,0,0,0,0,0,0,0,0,0,0,0,0,0,0,0,0,0,0,0,0,0,0,0,0,0,0,0,0,0,0,0,0,0,0,0,0,0,0,0,0,0,0,0,0,0,0,0,0,0,0,0,0,0,0,0,0,0,0,0,0,0,0,0,0,0,0,0,0,0,0,0,0,0,0,0,0,0,0,0,0,0,0,0,0,0,0,0,0,0,0,0,0,0,0
11,0,0,0,0,0,0,0,0,0,0,0,0,0,0,0,0,0,0,0,0,0,0,0,0,0,0,0,0,0,0,0,0,0,0,0,0,0,0,0,0,0,0,0,0,0,0,0,0,0,0,0,0,0,0,0,0,0,0,0,0,0,0,0,0,0,0,0,0,0,0,0,0,0,0,0,0,0,0,0,0,0,0,0,0,0,0,0,0,0,0,0,0,0,0,0,0,0,0,0,0,0,0,0,0,0,0,0,0,0,0,0,0,0,0,0,0,0,0,0,0,0,0,0,0,0,0,0,0,0,0,0,0,0,0,0,0,0,0,0,0,0,0,0,0,0,0,0,0,0,0,0,0,0,0,0,0,0,0,0,0,0,0,0,0,0,0,0,0,0,0,0,0,0,0,0,0,0,0,0,0,0,0,0,0,0,0,0,0,0,0,0,0,0,0,0,0,0,0,0,0,0,0,0,0,0,0,0,0,0,0,0,0,0,0,0,0,0,0,0,0,0
12,12,0,0,0,0,0,0,0,0,0,12,12,12,12,12,12,12,12,12,12,12,12,12,12,12,12,12,12,12,12,12,12,12,12,12,12,12,12,12,12,12,12,12,12,12,12,12,12,12,12,12,12,12,12,12,12,12,12,12,12,12,12,12,12,12,12,12,12,12,12,12,12,12,12,12,12,12,12,12,12,12,12,12,12,12,12,12,12,12,12,12,12,12,12,12,12,12,12,12,12,12,12,12,12,12,12,12,12,12,12,12,12,12,12,12,12,12,12,12,12,12,12,12,12,12,12,12,12,12,12,12,12,12,12,12,12,12,12,12,12,12,12,12,12,12,12,12,12,12,12,12,12,12,12,12,12,12,12,12,12,12,12,12,12,12,12,12,12,12,12,12,12,12,12,12,12,12,12,12,12,12,12,12,12,12,12,12,12,12,12,12,12,12,12,12,12,12,12,12,12,12,12,12,12,12,12,12,12,12,12,12,12,12,12,12,12,12,12,12,12,12
13,0,0,0,0,0,0,0,0,0,0,0,0,0,0,0,0,0,0,0,0,0,0,0,0,0,0,0,0,0,0,0,0,0,0,0,0,0,0,0,0,0,0,0,0,0,0,0,0,0,0,0,0,0,0,0,0,0,0,0,0,0,0,0,0,0,0,0,0,0,0,0,0,0,0,0,0,0,0,0,0,0,0,0,0,0,0,0,0,0,0,0,0,0,0,0,0,0,0,0,0,0,0,0,0,0,0,0,0,0,0,0,0,0,0,0,0,0,0,0,0,0,0,0,0,0,0,0,0,0,0,0,0,0,0,0,0,0,0,0,0,0,0,0,0,0,0,0,0,0,0,0,0,0,0,0,0,0,0,0,0,0,0,0,0,0,0,0,0,0,0,0,0,0,0,0,0,0,0,0,0,0,0,0,0,0,0,0,0,0,0,0,0,0,0,0,0,0,0,0,0,0,0,0,0,0,0,0,0,0,0,0,0,0,0,0,0,0,0,0,0,0
14,0.571428571428578,0,0,0,0,0,0,0,0,0,0.571428571428578,2.28571428571429,0.571428571428578,1.14285714285713,2.28571428571429,1.14285714285713,1.71428571428571,0.571428571428578,1.14285714285713,3.42857142857143,1.14285714285713,4,2.28571428571429,1.71428571428571,1.14285714285713,1.71428571428571,1.14285714285713,1.14285714285713,1.14285714285713,2.85714285714285,2.28571428571429,2.28571428571429,2.85714285714285,3.42857142857143,4,2.28571428571429,1.14285714285713,2.28571428571429,0.571428571428578,4.57142857142858,2.28571428571429,1.71428571428571,0,1.71428571428571,2.28571428571429,1.14285714285713,1.71428571428571,1.71428571428571,1.71428571428571,2.28571428571429,0.571428571428578,3.42857142857143,1.14285714285713,2.85714285714285,0.571428571428578,2.85714285714285,1.71428571428571,3.42857142857143,5.14285714285714,1.14285714285713,3.42857142857143,2.28571428571429,1.71428571428571,2.28571428571429,2.85714285714285,1.14285714285713,1.71428571428571,1.14285714285713,2.85714285714285,0,2.28571428571429,-0.571428571428567,2.28571428571429,1.14285714285713,0,0,2.85714285714285,2.28571428571429,2.85714285714285,1.71428571428571,1.14285714285713,0.571428571428578,1.14285714285713,1.71428571428571,3.42857142857143,0.571428571428578,0.571428571428578,2.28571428571429,1.14285714285713,0.571428571428578,4,1.14285714285713,1.14285714285713,1.71428571428571,2.28571428571429,2.85714285714285,4,4,1.14285714285713,1.71428571428571,1.14285714285713,1.14285714285713,0.571428571428578,1.14285714285713,0.571428571428578,0.571428571428578,2.28571428571429,0,2.28571428571429,3.42857142857143,4,1.71428571428571,3.42857142857143,1.71428571428571,2.28571428571429,2.85714285714285,1.71428571428571,2.85714285714285,1.14285714285713,2.85714285714285,0,1.14285714285713,2.28571428571429,2.85714285714285,0.571428571428578,2.28571428571429,1.14285714285713,2.28571428571429,1.71428571428571,1.14285714285713,0.571428571428578,-0.571428571428567,2.85714285714285,1.71428571428571,0.571428571428578,1.14285714285713,1.14285714285713,2.85714285714285,0.571428571428578,0.571428571428578,4,0.571428571428578,0.571428571428578,-0.571428571428567,1.14285714285713,2.85714285714285,1.14285714285713,1.14285714285713,2.85714285714285,2.85714285714285,5.14285714285714,4,2.85714285714285,2.85714285714285,4,2.85714285714285,0,4,2.28571428571429,2.28571428571429,3.42857142857143,4,0.571428571428578,2.85714285714285,2.85714285714285,2.28571428571429,3.42857142857143,0.571428571428578,1.14285714285713,1.71428571428571,1.14285714285713,1.71428571428571,4.57142857142858,2.28571428571429,2.28571428571429,5.14285714285714,2.28571428571429,1.14285714285713,1.71428571428571,1.71428571428571,2.85714285714285,0.571428571428578,1.71428571428571,1.14285714285713,0,3.42857142857143,1.14285714285713,1.71428571428571,2.28571428571429,1.14285714285713,3.42857142857143,0.571428571428578,2.85714285714285,2.28571428571429,1.71428571428571,2.28571428571429,1.14285714285713,0.571428571428578,3.42857142857143,2.28571428571429,0.571428571428578,-1.71428571428571,2.28571428571429,2.28571428571429,3.42857142857143,2.85714285714285,2.28571428571429,1.71428571428571,4,1.71428571428571,4,1.14285714285713,1.71428571428571,1.14285714285713,2.28571428571429,2.28571428571429,1.14285714285713,1.71428571428571,0.571428571428578,2.85714285714285,0
15,0.357142857142856,0,0,0,0,0,0,0,0,0,-1.07142857142857,-1.78571428571429,-0.357142857142856,0,-0.357142857142856,2.14285714285714,-2.14285714285715,-2.14285714285715,-2.85714285714286,-1.07142857142857,-0.357142857142856,-1.07142857142857,-1.78571428571429,-1.07142857142857,1.42857142857142,-0.357142857142856,0,-0.714285714285712,-1.42857142857142,-0.714285714285712,-2.14285714285715,-0.714285714285712,0,-0.357142857142856,-1.42857142857142,-1.07142857142857,-2.14285714285715,-2.5,-2.5,-1.78571428571429,-1.78571428571429,-1.78571428571429,-0.357142857142856,-0.357142857142856,-1.07142857142857,-0.357142857142856,-1.78571428571429,-0.357142857142856,1.42857142857142,-1.07142857142857,-1.78571428571429,-1.42857142857142,-0.714285714285712,0.714285714285712,-1.07142857142857,0.357142857142856,-1.42857142857142,-2.14285714285715,-2.85714285714286,-0.357142857142856,-0.714285714285712,-2.14285714285715,-2.5,-1.07142857142857,-1.78571428571429,0.714285714285712,-1.78571428571429,-1.42857142857142,-2.14285714285715,-2.85714285714286,-1.78571428571429,-2.14285714285715,0.357142857142856,0.714285714285712,-2.5,-0.714285714285712,-3.21428571428571,-2.14285714285715,-2.85714285714286,-0.714285714285712,-2.5,-1.42857142857142,-1.78571428571429,-0.357142857142856,-1.78571428571429,-2.5,-2.14285714285715,0.714285714285712,-1.42857142857142,-2.85714285714286,-1.07142857142857,-1.42857142857142,-2.14285714285715,-2.14285714285715,-1.78571428571429,-1.07142857142857,0.357142857142856,-0.714285714285712,-0.357142857142856,-0.714285714285712,-2.85714285714286,0,0.357142857142856,-2.5,-0.714285714285712,-1.07142857142857,-2.5,-1.42857142857142,-0.714285714285712,-2.85714285714286,-0.357142857142856,0,-0.357142857142856,-1.78571428571429,-0.714285714285712,-2.14285714285715,-1.42857142857142,-0.357142857142856,-2.5,-3.92857142857143,-1.07142857142857,-2.5,-1.42857142857142,-0.714285714285712,-1.42857142857142,-0.714285714285712,-3.21428571428571,-2.85714285714286,0,1.07142857142857,-0.714285714285712,-1.78571428571429,-2.5,-1.07142857142857,-1.42857142857142,-2.14285714285715,-1.07142857142857,0,-0.714285714285712,-1.78571428571429,-1.78571428571429,-3.57142857142857,-1.78571428571429,-2.5,-1.07142857142857,-0.357142857142856,-2.5,-1.07142857142857,0.714285714285712,-2.5,-1.78571428571429,-1.07142857142857,-1.42857142857142,-0.714285714285712,-2.14285714285715,-0.714285714285712,-1.78571428571429,-2.5,-2.14285714285715,-0.714285714285712,-1.42857142857142,0.714285714285712,-0.714285714285712,0,0.357142857142856,0,-1.78571428571429,0,-1.78571428571429,0.357142857142856,-2.14285714285715,-0.714285714285712,-0.714285714285712,-0.357142857142856,0.357142857142856,-1.42857142857142,-1.42857142857142,0.357142857142856,-1.78571428571429,-2.14285714285715,-2.85714285714286,1.78571428571428,-1.78571428571429,-1.42857142857142,-0.357142857142856,-0.357142857142856,-2.5,-0.714285714285712,0.714285714285712,0,-3.21428571428571,-2.5,-1.07142857142857,-2.14285714285715,-0.714285714285712,-2.14285714285715,0.357142857142856,-1.78571428571429,-0.357142857142856,-1.07142857142857,0,-0.357142857142856,-0.714285714285712,0.357142857142856,0,0.357142857142856,-1.42857142857142,-0.357142857142856,0.714285714285712,-0.357142857142856,-1.78571428571429,0.714285714285712,-0.714285714285712,-1.42857142857142,-1.07142857142857,-2.14285714285715,-2.5,-0.357142857142856,0,0,-1.07142857142857
16,0.367647058823528,0,0,0,0,0,0,0,0,0,0.735294117647056,0.735294117647056,-1.47058823529411,1.47058823529411,1.10294117647058,-0.367647058823528,-0.367647058823528,2.5735294117647,0,2.5735294117647,0.367647058823528,0.735294117647056,0,0.735294117647056,2.20588235294117,-0.735294117647056,1.10294117647058,0,0,0,1.47058823529411,1.83823529411764,1.10294117647058,1.10294117647058,1.83823529411764,1.47058823529411,0,3.30882352941178,-1.10294117647058,1.10294117647058,2.5735294117647,1.47058823529411,1.47058823529411,1.83823529411764,0.735294117647056,0.367647058823528,0,-0.735294117647056,2.94117647058822,0.735294117647056,1.10294117647058,1.10294117647058,0.735294117647056,0,2.20588235294117,-0.735294117647056,0.735294117647056,0,1.83823529411764,0.367647058823528,0.735294117647056,1.83823529411764,1.10294117647058,2.5735294117647,1.47058823529411,0,1.10294117647058,0.367647058823528,1.10294117647058,0.367647058823528,0.367647058823528,1.10294117647058,0,0.735294117647056,1.83823529411764,0.735294117647056,1.47058823529411,0.735294117647056,-0.367647058823528,0,-0.735294117647056,-0.367647058823528,0.367647058823528,2.20588235294117,1.47058823529411,1.10294117647058,0,1.83823529411764,1.47058823529411,2.20588235294117,-0.367647058823528,1.47058823529411,2.20588235294117,0,1.10294117647058,0.735294117647056,0.735294117647056,0.367647058823528,1.10294117647058,2.5735294117647,1.83823529411764,0.367647058823528,2.94117647058822,0.735294117647056,0,-1.47058823529411,1.10294117647058,1.47058823529411,2.20588235294117,-0.735294117647056,1.83823529411764,0.735294117647056,1.47058823529411,2.20588235294117,0,0,0.735294117647056,1.10294117647058,0,0.367647058823528,1.47058823529411,0.735294117647056,2.5735294117647,1.83823529411764,1.10294117647058,-0.367647058823528,-0.367647058823528,0.367647058823528,-0.367647058823528,2.5735294117647,1.47058823529411,2.20588235294117,0.735294117647056,-2.20588235294118,1.10294117647058,-0.367647058823528,0.367647058823528,0.735294117647056,0.367647058823528,1.47058823529411,1.83823529411764,1.47058823529411,0.367647058823528,-1.83823529411765,1.10294117647058,-1.47058823529411,-0.735294117647056,1.10294117647058,2.5735294117647,0.367647058823528,0.735294117647056,2.5735294117647,-0.367647058823528,-1.83823529411765,-1.10294117647058,2.5735294117647,2.20588235294117,1.83823529411764,-0.735294117647056,-1.83823529411765,-0.367647058823528,0.367647058823528,-1.10294117647058,-0.367647058823528,0.367647058823528,0.735294117647056,0,0.367647058823528,0.735294117647056,1.47058823529411,0.735294117647056,0.735294117647056,-1.47058823529411,2.5735294117647,1.83823529411764,0.367647058823528,1.10294117647058,1.10294117647058,-1.10294117647058,-0.735294117647056,2.20588235294117,1.10294117647058,0.367647058823528,0.735294117647056,-1.10294117647058,1.47058823529411,1.47058823529411,1.47058823529411,1.47058823529411,0.367647058823528,0.367647058823528,0.367647058823528,0.735294117647056,2.20588235294117,1.10294117647058,0.367647058823528,0,2.5735294117647,1.10294117647058,0,-1.47058823529411,0.735294117647056,0.735294117647056,-0.735294117647056,0.735294117647056,-0.367647058823528,0,0.367647058823528,0.367647058823528,-0.735294117647056,-0.367647058823528,2.94117647058822,2.20588235294117,0,0.367647058823528,-0.735294117647056,0.735294117647056,2.5735294117647,0.367647058823528,-0.367647058823528,0
17,4.79233226837061,0,0,0,0,0,0,0,0,0,4.47284345047922,4.79233226837061,3.5143769968051,4.79233226837061,4.47284345047922,5.43130990415335,3.19488817891374,3.83386581469649,2.23642172523961,5.11182108626198,4.47284345047922,5.43130990415335,5.11182108626198,4.15335463258786,6.0702875399361,6.38977635782747,4.47284345047922,3.5143769968051,5.11182108626198,4.47284345047922,5.11182108626198,4.15335463258786,4.47284345047922,6.38977635782747,3.19488817891374,6.0702875399361,4.15335463258786,5.11182108626198,5.11182108626198,5.11182108626198,3.5143769968051,5.11182108626198,4.79233226837061,5.75079872204474,5.43130990415335,4.47284345047922,6.0702875399361,4.47284345047922,5.11182108626198,3.83386581469649,4.79233226837061,2.555910543131,6.0702875399361,3.5143769968051,5.11182108626198,3.83386581469649,3.83386581469649,5.11182108626198,5.11182108626198,3.5143769968051,4.79233226837061,4.15335463258786,4.79233226837061,3.5143769968051,4.79233226837061,4.15335463258786,5.75079872204474,6.70926517571886,3.83386581469649,5.75079872204474,4.47284345047922,4.47284345047922,3.83386581469649,3.5143769968051,4.15335463258786,5.11182108626198,5.43130990415335,4.47284345047922,3.19488817891374,4.15335463258786,5.11182108626198,4.47284345047922,4.15335463258786,2.87539936102237,4.79233226837061,5.11182108626198,2.555910543131,3.83386581469649,4.15335463258786,5.43130990415335,4.47284345047922,4.47284345047922,4.47284345047922,2.87539936102237,4.15335463258786,4.47284345047922,4.15335463258786,2.87539936102237,5.75079872204474,4.79233226837061,3.83386581469649,5.43130990415335,5.11182108626198,4.15335463258786,4.15335463258786,5.43130990415335,4.15335463258786,5.75079872204474,3.83386581469649,4.15335463258786,5.75079872204474,5.11182108626198,4.15335463258786,5.11182108626198,4.15335463258786,6.0702875399361,4.79233226837061,3.5143769968051,1.27795527156549,3.83386581469649,5.11182108626198,5.11182108626198,3.83386581469649,6.0702875399361,4.47284345047922,2.87539936102237,2.87539936102237,4.47284345047922,3.83386581469649,4.15335463258786,6.38977635782747,3.19488817891374,4.79233226837061,4.15335463258786,4.79233226837061,4.15335463258786,4.79233226837061,6.0702875399361,4.79233226837061,4.47284345047922,5.11182108626198,3.5143769968051,3.83386581469649,3.5143769968051,4.47284345047922,4.47284345047922,5.75079872204474,4.47284345047922,4.79233226837061,4.15335463258786,3.5143769968051,4.79233226837061,5.75079872204474,3.5143769968051,2.555910543131,2.555910543131,6.0702875399361,6.0702875399361,3.19488817891374,4.79233226837061,3.19488817891374,3.83386581469649,5.43130990415335,2.87539936102237,5.43130990415335,3.19488817891374,4.47284345047922,4.15335463258786,4.15335463258786,6.0702875399361,5.75079872204474,3.83386581469649,5.11182108626198,5.75079872204474,4.79233226837061,6.0702875399361,3.5143769968051,3.83386581469649,4.15335463258786,5.75079872204474,3.83386581469649,4.79233226837061,5.43130990415335,4.79233226837061,3.83386581469649,5.11182108626198,4.15335463258786,4.15335463258786,7.34824281150159,3.83386581469649,6.0702875399361,3.19488817891374,3.83386581469649,4.47284345047922,5.11182108626198,4.47284345047922,5.11182108626198,4.79233226837061,5.11182108626198,3.5143769968051,5.11182108626198,6.0702875399361,5.11182108626198,4.15335463258786,3.83386581469649,5.11182108626198,4.47284345047922,4.15335463258786,3.5143769968051,5.43130990415335,5.43130990415335,5.11182108626198,5.43130990415335,5.75079872204474,3.19488817891374,3.5143769968051,4.47284345047922,5.43130990415335,5.43130990415335,4.15335463258786,4.79233226837061
18,9.69899665551839,0,0,0,0,0,0,0,0,0,4.0133779264214,8.36120401337792,8.0267558528428,4.68227424749164,9.69899665551839,7.35785953177257,8.0267558528428,6.35451505016722,7.35785953177257,8.0267558528428,6.35451505016722,8.0267558528428,8.69565217391304,8.69565217391304,8.0267558528428,8.36120401337792,7.35785953177257,9.36454849498327,6.68896321070234,8.0267558528428,7.69230769230769,9.69899665551839,6.68896321070234,9.36454849498327,7.69230769230769,8.69565217391304,6.68896321070234,8.36120401337792,7.69230769230769,7.02341137123745,6.68896321070234,9.03010033444815,9.69899665551839,7.69230769230769,7.02341137123745,7.69230769230769,8.0267558528428,9.03010033444815,7.69230769230769,8.0267558528428,6.35451505016722,7.35785953177257,7.35785953177257,9.03010033444815,9.03010033444815,7.35785953177257,7.69230769230769,8.69565217391304,9.69899665551839,8.0267558528428,6.68896321070234,7.35785953177257,7.69230769230769,7.69230769230769,6.68896321070234,7.35785953177257,8.0267558528428,8.0267558528428,10.7023411371237,6.68896321070234,6.68896321070234,6.68896321070234,8.69565217391304,9.69899665551839,5.01672240802675,7.69230769230769,6.0200668896321,7.35785953177257,8.36120401337792,9.03010033444815,7.35785953177257,9.03010033444815,6.68896321070234,7.02341137123745,6.35451505016722,6.68896321070234,9.69899665551839,6.0200668896321,8.69565217391304,8.69565217391304,9.03010033444815,8.36120401337792,6.0200668896321,7.35785953177257,6.35451505016722,8.0267558528428,5.01672240802675,9.69899665551839,7.35785953177257,6.68896321070234,7.69230769230769,8.36120401337792,8.69565217391304,6.35451505016722,11.371237458194,10.3678929765886,10.0334448160535,9.69899665551839,10.0334448160535,10.0334448160535,9.36454849498327,8.0267558528428,5.68561872909699,10.7023411371237,6.68896321070234,8.0267558528428,8.0267558528428,5.01672240802675,8.69565217391304,7.69230769230769,7.35785953177257,7.69230769230769,6.68896321070234,9.03010033444815,7.35785953177257,7.02341137123745,9.03010033444815,7.02341137123745,6.35451505016722,8.69565217391304,9.03010033444815,9.36454849498327,6.68896321070234,7.35785953177257,8.0267558528428,8.0267558528428,6.68896321070234,8.69565217391304,8.69565217391304,6.35451505016722,7.35785953177257,8.36120401337792,8.0267558528428,6.68896321070234,5.68561872909699,8.0267558528428,8.36120401337792,8.69565217391304,7.02341137123745,5.35117056856187,7.02341137123745,7.69230769230769,7.69230769230769,7.02341137123745,5.35117056856187,9.03010033444815,8.36120401337792,7.35785953177257,6.68896321070234,6.35451505016722,9.36454849498327,6.68896321070234,7.69230769230769,7.69230769230769,8.0267558528428,10.0334448160535,6.35451505016722,7.02341137123745,11.0367892976589,8.69565217391304,6.68896321070234,8.69565217391304,8.69565217391304,7.35785953177257,5.68561872909699,7.69230769230769,6.0200668896321,7.35785953177257,9.36454849498327,8.69565217391304,8.0267558528428,7.69230769230769,7.35785953177257,9.69899665551839,9.36454849498327,8.0267558528428,7.35785953177257,7.02341137123745,7.35785953177257,9.03010033444815,7.35785953177257,7.02341137123745,7.02341137123745,6.0200668896321,7.35785953177257,6.35451505016722,9.36454849498327,9.36454849498327,5.01672240802675,6.35451505016722,7.02341137123745,9.03010033444815,7.02341137123745,8.0267558528428,7.02341137123745,9.69899665551839,9.36454849498327,8.36120401337792,8.0267558528428,7.02341137123745,8.0267558528428,8.0267558528428,7.02341137123745,9.69899665551839,8.0267558528428,9.03010033444815,7.02341137123745,7.35785953177257,9.36454849498327,10.3678929765886,6.68896321070234
19,4.49943757030371,0,0,0,0,0,0,0,0,0,2.69966254218224,5.28683914510686,4.72440944881889,2.81214848143982,4.16197975253094,5.51181102362204,3.26209223847018,2.24971878515186,3.037120359955,4.27446569178853,4.16197975253094,3.82452193475815,3.93700787401574,2.81214848143982,4.8368953880765,3.48706411698538,4.04949381327333,2.24971878515186,4.8368953880765,4.04949381327333,4.27446569178853,3.48706411698538,3.26209223847018,5.51181102362204,2.92463442069741,5.06186726659168,2.47469066366703,4.72440944881889,3.71203599550056,5.51181102362204,3.59955005624297,2.81214848143982,5.62429696287965,4.04949381327333,2.13723284589427,3.14960629921259,4.94938132733409,4.49943757030371,3.037120359955,2.58717660292462,3.71203599550056,1.79977502812148,4.16197975253094,2.36220472440944,2.92463442069741,4.16197975253094,2.36220472440944,4.6119235095613,4.49943757030371,5.51181102362204,4.38695163104612,3.93700787401574,4.04949381327333,2.58717660292462,3.26209223847018,3.48706411698538,5.28683914510686,3.037120359955,4.72440944881889,6.07424071991001,4.49943757030371,6.07424071991001,4.8368953880765,2.69966254218224,3.71203599550056,2.58717660292462,4.49943757030371,3.93700787401574,4.27446569178853,4.6119235095613,3.26209223847018,5.06186726659168,2.58717660292462,3.59955005624297,4.04949381327333,1.91226096737909,4.94938132733409,4.04949381327333,3.93700787401574,4.38695163104612,5.06186726659168,4.04949381327333,3.37457817772779,5.17435320584927,3.26209223847018,3.37457817772779,1.79977502812148,3.14960629921259,1.5748031496063,3.48706411698538,4.04949381327333,3.14960629921259,2.47469066366703,3.71203599550056,5.73678290213724,3.82452193475815,5.28683914510686,3.26209223847018,4.38695163104612,3.48706411698538,2.47469066366703,3.037120359955,2.13723284589427,4.94938132733409,4.49943757030371,4.49943757030371,2.69966254218224,2.69966254218224,2.92463442069741,4.27446569178853,5.73678290213724,5.06186726659168,3.26209223847018,3.93700787401574,3.48706411698538,2.36220472440944,2.58717660292462,4.04949381327333,2.81214848143982,4.94938132733409,4.72440944881889,4.38695163104612,5.17435320584927,1.79977502812148,2.02474690663668,3.037120359955,5.28683914510686,5.17435320584927,4.38695163104612,2.58717660292462,5.39932508436445,4.27446569178853,4.16197975253094,2.92463442069741,3.93700787401574,4.8368953880765,4.16197975253094,2.92463442069741,4.94938132733409,4.49943757030371,4.49943757030371,3.48706411698538,3.82452193475815,5.06186726659168,3.14960629921259,3.037120359955,3.82452193475815,3.82452193475815,3.37457817772779,4.72440944881889,4.8368953880765,3.037120359955,3.26209223847018,3.037120359955,5.17435320584927,5.84926884139483,2.92463442069741,4.38695163104612,3.48706411698538,4.38695163104612,4.27446569178853,3.71203599550056,2.47469066366703,4.6119235095613,4.27446569178853,3.93700787401574,2.58717660292462,2.92463442069741,4.8368953880765,4.72440944881889,3.59955005624297,3.37457817772779,4.72440944881889,5.73678290213724,3.48706411698538,3.93700787401574,5.96175478065242,5.51181102362204,4.6119235095613,4.38695163104612,4.04949381327333,4.38695163104612,4.94938132733409,2.47469066366703,4.16197975253094,5.06186726659168,4.04949381327333,4.38695163104612,2.24971878515186,3.82452193475815,3.59955005624297,4.6119235095613,4.04949381327333,2.58717660292462,3.26209223847018,6.07424071991001,4.27446569178853,5.39932508436445,3.037120359955,4.16197975253094,3.93700787401574,4.72440944881889,3.59955005624297,4.27446569178853,2.92463442069741,1.68728908886389,3.82452193475815,4.6119235095613,2.81214848143982,3.82452193475815,3.037120359955
20,0.0775193798449703,0,0,0,0,0,0,0,0,0,-0.465116279069766,-1.3953488372093,1.39534883720931,-1.31782945736434,-0.852713178294573,-1.08527131782946,0.852713178294584,-1.16279069767442,-1.3953488372093,-1.00775193798449,0.232558139534889,-0.620155038759695,-0.620155038759695,-0.620155038759695,-0.0775193798449592,-1.55038759689923,-1.16279069767442,-0.387596899224807,-0.465116279069766,-0.930232558139532,-1.47286821705427,-0.155038759689918,-0.852713178294573,-0.155038759689918,-0.775193798449614,-0.310077519379848,-1.00775193798449,-0.387596899224807,-0.387596899224807,-0.542635658914725,-1.08527131782946,-1.62790697674419,-0.930232558139532,-1.00775193798449,-0.697674418604655,0.0775193798449703,-0.232558139534889,-1.62790697674419,-1.93798449612403,0,-1.55038759689923,-0.697674418604655,0,-1.00775193798449,-1.08527131782946,-1.08527131782946,-0.542635658914725,-1.16279069767442,-1.16279069767442,0.465116279069777,0.620155038759695,-0.387596899224807,-1.24031007751938,-0.542635658914725,-0.310077519379848,-0.620155038759695,0,-1.08527131782946,0,0.0775193798449703,-0.697674418604655,-1.70542635658915,0.387596899224807,-0.0775193798449592,-0.542635658914725,-0.310077519379848,-1.55038759689923,-0.620155038759695,-0.620155038759695,-0.852713178294573,-0.465116279069766,0.155038759689918,-0.697674418604655,0.542635658914725,-0.542635658914725,-1.08527131782946,-0.465116279069766,-0.620155038759695,-0.775193798449614,-0.465116279069766,-0.310077519379848,-1.00775193798449,-0.620155038759695,-0.465116279069766,-1.08527131782946,-0.310077519379848,-1.70542635658915,-0.0775193798449592,-0.775193798449614,-0.620155038759695,-0.542635658914725,-0.542635658914725,-1.24031007751938,-0.930232558139532,-0.465116279069766,0.232558139534889,-0.852713178294573,-1.08527131782946,-0.542635658914725,-0.387596899224807,-1.24031007751938,-0.310077519379848,-1.00775193798449,-0.465116279069766,-0.775193798449614,-0.697674418604655,-0.232558139534889,-1.00775193798449,-0.620155038759695,-1.16279069767442,-0.310077519379848,-0.852713178294573,-0.465116279069766,-0.542635658914725,-1.47286821705427,-1.55038759689923,-0.310077519379848,-0.232558139534889,-1.31782945736434,-0.775193798449614,-0.232558139534889,-1.16279069767442,-1.00775193798449,-0.775193798449614,-0.620155038759695,-0.465116279069766,0.155038759689918,-0.697674418604655,-0.542635658914725,-1.3953488372093,-0.387596899224807,-0.542635658914725,-0.775193798449614,-0.930232558139532,-0.620155038759695,-1.3953488372093,-0.310077519379848,-0.0775193798449592,0.0775193798449703,0.0775193798449703,-0.465116279069766,0.232558139534889,-0.930232558139532,-0.232558139534889,-0.155038759689918,-0.465116279069766,-0.310077519379848,-0.930232558139532,-1.16279069767442,-0.465116279069766,0.387596899224807,-0.620155038759695,-0.852713178294573,-0.697674418604655,-0.775193798449614,-2.09302325581395,-0.930232558139532,-1.16279069767442,-0.232558139534889,-0.155038759689918,-0.155038759689918,-0.387596899224807,-0.775193798449614,-0.0775193798449592,-1.16279069767442,0,-0.930232558139532,-0.310077519379848,-0.542635658914725,-0.310077519379848,-1.62790697674419,-1.08527131782946,-1.16279069767442,0.0775193798449703,-0.465116279069766,-0.232558139534889,-0.930232558139532,-0.775193798449614,-0.620155038759695,-0.775193798449614,-0.310077519379848,-0.930232558139532,-0.620155038759695,-1.70542635658915,-0.542635658914725,0.465116279069777,-0.232558139534889,-1.00775193798449,-0.930232558139532,-0.310077519379848,-0.0775193798449592,-0.775193798449614,-0.697674418604655,-0.310077519379848,-0.310077519379848,-0.852713178294573,-1.24031007751938,-0.697674418604655,-1.00775193798449,0.542635658914725,-0.775193798449614,-0.542635658914725,-0.387596899224807,-0.542635658914725,-1.00775193798449,-0.155038759689918,-1.3953488372093,-0.0775193798449592,-0.775193798449614,-0.930232558139532,-1.47286821705427
21,-4.78668054110302,0,0,0,0,0,0,0,0,0,-4.8907388137357,-5.51508844953173,-4.99479708636836,-4.26638917793964,-4.37044745057232,-5.61914672216441,-4.47450572320499,-4.57856399583767,-4.78668054110302,-4.8907388137357,-5.41103017689907,-4.47450572320499,-4.47450572320499,-4.37044745057232,-5.09885535900104,-3.6420395421436,-4.78668054110302,-4.99479708636836,-5.20291363163371,-4.78668054110302,-5.09885535900104,-4.47450572320499,-5.72320499479708,-4.47450572320499,-5.51508844953173,-4.16233090530698,-5.41103017689907,-4.47450572320499,-5.09885535900104,-5.09885535900104,-4.78668054110302,-4.8907388137357,-4.0582726326743,-5.51508844953173,-4.26638917793964,-5.61914672216441,-4.47450572320499,-4.57856399583767,-4.78668054110302,-4.57856399583767,-4.47450572320499,-6.03537981269511,-4.57856399583767,-5.20291363163371,-5.09885535900104,-5.51508844953173,-4.68262226847035,-5.41103017689907,-5.82726326742976,-5.41103017689907,-5.82726326742976,-4.37044745057232,-4.8907388137357,-4.8907388137357,-4.78668054110302,-5.82726326742976,-5.09885535900104,-5.09885535900104,-6.13943808532779,-4.68262226847035,-4.68262226847035,-4.57856399583767,-3.95421436004162,-4.47450572320499,-4.78668054110302,-4.16233090530698,-4.37044745057232,-5.41103017689907,-5.72320499479708,-4.99479708636836,-5.41103017689907,-5.30697190426639,-4.99479708636836,-4.26638917793964,-5.20291363163371,-4.8907388137357,-5.82726326742976,-5.72320499479708,-4.99479708636836,-4.78668054110302,-5.20291363163371,-6.24349635796045,-4.99479708636836,-4.57856399583767,-3.43392299687825,-4.57856399583767,-4.8907388137357,-4.57856399583767,-4.99479708636836,-4.47450572320499,-5.51508844953173,-4.68262226847035,-5.41103017689907,-3.6420395421436,-4.78668054110302,-4.47450572320499,-4.57856399583767,-5.93132154006244,-4.37044745057232,-4.99479708636836,-5.82726326742976,-5.09885535900104,-4.0582726326743,-4.68262226847035,-3.95421436004162,-4.47450572320499,-4.8907388137357,-5.51508844953173,-4.99479708636836,-4.68262226847035,-4.16233090530698,-4.99479708636836,-6.34755463059313,-3.6420395421436,-5.61914672216441,-4.0582726326743,-4.99479708636836,-4.16233090530698,-4.78668054110302,-4.26638917793964,-6.24349635796045,-5.61914672216441,-4.8907388137357,-4.78668054110302,-4.26638917793964,-5.51508844953173,-3.74609781477627,-5.30697190426639,-4.8907388137357,-4.78668054110302,-4.0582726326743,-3.85015608740895,-4.99479708636836,-4.57856399583767,-4.78668054110302,-4.78668054110302,-4.57856399583767,-3.53798126951093,-5.20291363163371,-4.68262226847035,-4.16233090530698,-4.78668054110302,-4.99479708636836,-5.41103017689907,-3.6420395421436,-5.09885535900104,-4.16233090530698,-6.03537981269511,-5.09885535900104,-4.8907388137357,-3.95421436004162,-5.20291363163371,-4.16233090530698,-5.82726326742976,-4.68262226847035,-5.41103017689907,-4.26638917793964,-5.20291363163371,-4.8907388137357,-5.72320499479708,-4.99479708636836,-5.09885535900104,-4.8907388137357,-4.47450572320499,-4.37044745057232,-4.37044745057232,-4.57856399583767,-4.99479708636836,-6.24349635796045,-4.37044745057232,-4.37044745057232,-5.41103017689907,-5.20291363163371,-4.78668054110302,-5.41103017689907,-4.8907388137357,-5.09885535900104,-4.99479708636836,-4.78668054110302,-5.51508844953173,-5.41103017689907,-4.47450572320499,-4.57856399583767,-5.09885535900104,-5.30697190426639,-4.0582726326743,-4.8907388137357,-5.51508844953173,-4.8907388137357,-3.6420395421436,-4.68262226847035,-4.16233090530698,-5.30697190426639,-4.57856399583767,-4.68262226847035,-4.8907388137357,-5.09885535900104,-4.57856399583767,-4.78668054110302,-4.47450572320499,-4.78668054110302,-4.47450572320499,-5.09885535900104,-4.26638917793964,-4.37044745057232,-5.20291363163371,-4.37044745057232,-4.16233090530698,-5.41103017689907,-4.0582726326743,-5.82726326742976
22,-1.69300225733634,0,0,0,0,0,0,0,0,0,-3.72460496613995,-2.82167042889391,-3.49887133182845,-2.70880361173815,-1.69300225733634,-3.83747178329571,-1.69300225733634,-2.25733634311512,-2.59593679458239,-2.70880361173815,-2.70880361173815,-2.14446952595937,-2.70880361173815,-2.93453724604966,-2.48306997742663,-2.82167042889391,-2.03160270880361,-2.25733634311512,-2.82167042889391,-2.82167042889391,-2.82167042889391,-1.46726862302483,-2.59593679458239,-3.95033860045146,-2.37020316027088,-2.48306997742663,-3.16027088036117,-2.25733634311512,-2.93453724604966,-2.82167042889391,-3.04740406320542,-2.03160270880361,-2.03160270880361,-1.46726862302483,-2.93453724604966,-1.80586907449209,-2.03160270880361,-3.6117381489842,-2.48306997742663,-1.80586907449209,-3.04740406320542,-3.16027088036117,-2.70880361173815,-2.14446952595937,-2.70880361173815,-2.48306997742663,-1.69300225733634,-2.82167042889391,-2.93453724604966,-3.16027088036117,-2.14446952595937,-2.37020316027088,-2.70880361173815,-3.95033860045146,-2.14446952595937,-2.48306997742663,-2.25733634311512,-3.38600451467269,-2.48306997742663,-2.93453724604966,-1.35440180586908,-3.04740406320542,-1.24153498871332,-3.72460496613995,-3.27313769751693,-2.82167042889391,-2.14446952595937,-3.04740406320542,-2.59593679458239,-2.25733634311512,-2.48306997742663,-2.70880361173815,-2.59593679458239,-2.14446952595937,-2.93453724604966,-3.04740406320542,-3.27313769751693,-1.80586907449209,-1.58013544018059,-3.16027088036117,-2.82167042889391,-1.91873589164786,-3.16027088036117,-3.16027088036117,-2.48306997742663,-3.38600451467269,-1.12866817155757,-1.0158013544018,-2.82167042889391,-3.83747178329571,-2.48306997742663,-2.48306997742663,-2.82167042889391,-2.93453724604966,-1.91873589164786,-2.70880361173815,-2.82167042889391,-2.25733634311512,-3.27313769751693,-1.69300225733634,-2.25733634311512,-2.59593679458239,-2.59593679458239,-2.48306997742663,-2.93453724604966,-3.16027088036117,-2.82167042889391,-2.03160270880361,-2.03160270880361,-2.25733634311512,-2.59593679458239,-1.80586907449209,-2.70880361173815,-2.14446952595937,-2.48306997742663,-1.0158013544018,-1.46726862302483,-1.91873589164786,-1.69300225733634,-2.93453724604966,-1.58013544018059,-2.70880361173815,-2.93453724604966,-2.37020316027088,-2.37020316027088,-2.37020316027088,-1.46726862302483,-1.35440180586908,-2.48306997742663,-2.82167042889391,-1.69300225733634,-2.03160270880361,-1.91873589164786,-2.14446952595937,-2.03160270880361,-3.6117381489842,-1.91873589164786,-2.25733634311512,-2.59593679458239,-2.14446952595937,-2.14446952595937,-3.16027088036117,-3.04740406320542,-1.80586907449209,-2.03160270880361,-1.46726862302483,-3.6117381489842,-2.82167042889391,-3.49887133182845,-2.48306997742663,-3.38600451467269,-2.70880361173815,-1.91873589164786,-3.04740406320542,-2.25733634311512,-1.58013544018059,-2.25733634311512,-2.03160270880361,-3.04740406320542,-3.72460496613995,-2.48306997742663,-2.37020316027088,-2.70880361173815,-0.902934537246047,-1.69300225733634,-1.58013544018059,-3.16027088036117,-3.27313769751693,-2.70880361173815,-3.04740406320542,-3.38600451467269,-3.16027088036117,-2.25733634311512,-2.59593679458239,-3.04740406320542,-3.49887133182845,-2.59593679458239,-2.93453724604966,-1.80586907449209,-3.72460496613995,-2.59593679458239,-4.06320541760722,-1.69300225733634,-2.03160270880361,-3.27313769751693,-2.03160270880361,-2.14446952595937,-2.37020316027088,-1.24153498871332,-2.25733634311512,-2.25733634311512,-3.27313769751693,-2.59593679458239,-2.14446952595937,-2.03160270880361,-3.16027088036117,-2.59593679458239,-2.14446952595937,-0.112866817155755,-2.93453724604966,-2.48306997742663,-3.6117381489842,-1.69300225733634,-3.27313769751693,-2.25733634311512,-2.25733634311512,-3.04740406320542,-2.59593679458239,-2.14446952595937,-2.48306997742663,-3.49887133182845
23,3.03398058252426,0,0,0,0,0,0,0,0,0,1.94174757281553,0.606796116504849,2.42718446601942,3.27669902912622,2.9126213592233,2.18446601941749,3.03398058252426,1.94174757281553,2.30582524271845,3.27669902912622,2.66990291262137,2.54854368932038,2.9126213592233,3.39805825242718,1.94174757281553,2.66990291262137,2.66990291262137,2.79126213592233,3.27669902912622,2.30582524271845,2.42718446601942,2.30582524271845,1.82038834951457,2.79126213592233,3.7621359223301,3.39805825242718,1.82038834951457,2.0631067961165,2.66990291262137,2.0631067961165,1.6990291262136,1.45631067961165,2.9126213592233,4.00485436893203,1.33495145631068,2.30582524271845,3.15533980582525,2.79126213592233,2.66990291262137,1.6990291262136,2.18446601941749,3.03398058252426,2.42718446601942,1.33495145631068,2.54854368932038,3.88349514563107,1.6990291262136,2.42718446601942,1.57766990291262,1.82038834951457,2.9126213592233,2.9126213592233,2.30582524271845,3.39805825242718,1.57766990291262,1.6990291262136,2.79126213592233,2.66990291262137,3.03398058252426,1.45631067961165,2.42718446601942,2.66990291262137,2.9126213592233,1.57766990291262,2.18446601941749,1.45631067961165,2.0631067961165,0.849514563106801,2.42718446601942,2.30582524271845,3.39805825242718,2.79126213592233,2.9126213592233,2.79126213592233,2.0631067961165,2.66990291262137,4.12621359223302,3.39805825242718,2.18446601941749,2.9126213592233,3.03398058252426,2.66990291262137,3.03398058252426,3.88349514563107,2.54854368932038,3.39805825242718,3.27669902912622,2.18446601941749,0.606796116504849,1.94174757281553,3.15533980582525,2.18446601941749,2.30582524271845,2.9126213592233,2.18446601941749,4.6116504854369,2.66990291262137,3.64077669902914,2.66990291262137,2.42718446601942,1.82038834951457,2.0631067961165,1.09223300970873,2.66990291262137,2.0631067961165,1.94174757281553,1.82038834951457,1.82038834951457,2.0631067961165,3.27669902912622,2.9126213592233,2.42718446601942,3.7621359223301,2.30582524271845,2.79126213592233,2.18446601941749,3.15533980582525,2.30582524271845,3.39805825242718,3.15533980582525,2.54854368932038,2.18446601941749,2.18446601941749,2.79126213592233,2.9126213592233,0.606796116504849,3.15533980582525,3.39805825242718,2.0631067961165,0.970873786407767,2.18446601941749,2.0631067961165,3.27669902912622,2.18446601941749,0.849514563106801,2.0631067961165,2.54854368932038,2.30582524271845,0.849514563106801,2.0631067961165,1.21359223300972,1.33495145631068,1.6990291262136,3.64077669902914,3.27669902912622,1.94174757281553,2.66990291262137,2.54854368932038,2.0631067961165,2.18446601941749,2.79126213592233,2.30582524271845,3.7621359223301,2.79126213592233,1.94174757281553,2.79126213592233,2.66990291262137,3.27669902912622,0.728155339805836,1.57766990291262,2.30582524271845,2.18446601941749,1.94174757281553,4.12621359223302,2.30582524271845,2.66990291262137,2.42718446601942,1.09223300970873,3.27669902912622,3.27669902912622,2.30582524271845,2.18446601941749,1.45631067961165,1.6990291262136,1.09223300970873,2.18446601941749,1.45631067961165,1.6990291262136,2.0631067961165,1.57766990291262,3.51941747572815,2.9126213592233,2.66990291262137,1.6990291262136,2.0631067961165,3.7621359223301,2.79126213592233,1.6990291262136,2.30582524271845,3.03398058252426,3.7621359223301,1.82038834951457,3.7621359223301,0.970873786407767,2.66990291262137,2.30582524271845,3.15533980582525,2.18446601941749,3.15533980582525,2.18446601941749,3.39805825242718,0.242718446601953,2.79126213592233,3.03398058252426,1.45631067961165,1.45631067961165,1.82038834951457,2.66990291262137,2.9126213592233,2.9126213592233,3.03398058252426
24,1.13636363636365,0,0,0,0,0,0,0,0,0,1.26262626262625,1.26262626262625,1.51515151515151,-0.252525252525249,0.883838383838387,1.13636363636365,1.26262626262625,1.64141414141414,0.505050505050497,-0.252525252525249,-0.12626262626263,1.01010101010102,0,1.13636363636365,1.8939393939394,0.883838383838387,0.631313131313127,0,1.13636363636365,0.631313131313127,0.25252525252526,2.02020202020201,-0.505050505050508,0.631313131313127,0.37878787878789,1.38888888888888,0.883838383838387,1.13636363636365,1.26262626262625,1.26262626262625,1.38888888888888,-0.252525252525249,1.26262626262625,-0.252525252525249,0.883838383838387,2.3989898989899,0,-0.252525252525249,1.38888888888888,2.14646464646464,1.01010101010102,0.505050505050497,1.01010101010102,0.757575757575757,1.01010101010102,-1.13636363636364,0.883838383838387,0.631313131313127,-0.757575757575757,-0.378787878787878,0.631313131313127,0.37878787878789,1.26262626262625,0.757575757575757,0.505050505050497,0.883838383838387,1.76767676767677,1.38888888888888,1.38888888888888,1.01010101010102,2.3989898989899,0.505050505050497,3.91414141414141,1.13636363636365,2.02020202020201,1.38888888888888,-0.378787878787878,1.51515151515151,2.14646464646464,0.37878787878789,1.01010101010102,0.505050505050497,0.25252525252526,-0.505050505050508,2.14646464646464,0.25252525252526,-0.378787878787878,0.25252525252526,3.28282828282829,0.883838383838387,1.26262626262625,0.631313131313127,0.757575757575757,1.38888888888888,1.01010101010102,0.883838383838387,0.757575757575757,0.37878787878789,0.757575757575757,1.26262626262625,-0.505050505050508,0.883838383838387,1.8939393939394,1.01010101010102,1.26262626262625,1.51515151515151,-0.631313131313127,0.883838383838387,-0.505050505050508,1.13636363636365,-0.631313131313127,0.883838383838387,1.51515151515151,1.13636363636365,0,0.37878787878789,0.25252525252526,0.12626262626263,1.01010101010102,0.505050505050497,-1.01010101010101,1.26262626262625,1.8939393939394,2.02020202020201,0.631313131313127,2.02020202020201,0.505050505050497,0.37878787878789,1.8939393939394,-0.12626262626263,1.51515151515151,0.37878787878789,-0.12626262626263,0.37878787878789,-0.12626262626263,1.8939393939394,1.38888888888888,1.51515151515151,1.01010101010102,0.883838383838387,-0.252525252525249,1.64141414141414,0.37878787878789,1.76767676767677,0.25252525252526,-0.631313131313127,0.883838383838387,0.883838383838387,0.505050505050497,1.38888888888888,0.37878787878789,2.14646464646464,1.26262626262625,0.757575757575757,0.505050505050497,0.631313131313127,2.65151515151516,1.01010101010102,0.631313131313127,0.505050505050497,0.505050505050497,1.13636363636365,1.01010101010102,2.27272727272727,0.25252525252526,0.883838383838387,0.505050505050497,0.631313131313127,0.757575757575757,0.12626262626263,1.26262626262625,0.25252525252526,0.505050505050497,2.14646464646464,0.631313131313127,0.12626262626263,0.37878787878789,-0.631313131313127,0.631313131313127,0,-0.12626262626263,1.01010101010102,1.13636363636365,1.26262626262625,-0.757575757575757,0.12626262626263,2.3989898989899,0,2.02020202020201,1.26262626262625,1.38888888888888,0.631313131313127,0.505050505050497,-0.252525252525249,1.01010101010102,0.883838383838387,-0.378787878787878,0.757575757575757,1.01010101010102,1.26262626262625,0.12626262626263,0.25252525252526,-0.252525252525249,0.505050505050497,-0.883838383838387,0.757575757575757,1.01010101010102,1.64141414141414,0.505050505050497,1.26262626262625,0,1.51515151515151,1.13636363636365,0.631313131313127,0.12626262626263,0,2.27272727272727,1.76767676767677,0,0.12626262626263,1.8939393939394
25,-7.69230769230769,0,0,0,0,0,0,0,0,0,-8.54700854700855,-8.33333333333334,-8.76068376068376,-7.69230769230769,-7.58547008547008,-7.47863247863247,-7.47863247863247,-7.69230769230769,-8.01282051282052,-6.94444444444444,-8.54700854700855,-7.90598290598291,-8.22649572649573,-7.69230769230769,-7.69230769230769,-8.33333333333334,-7.69230769230769,-8.11965811965812,-7.69230769230769,-8.22649572649573,-7.58547008547008,-8.76068376068376,-9.18803418803419,-6.62393162393162,-8.65384615384616,-5.98290598290598,-8.33333333333334,-8.44017094017094,-8.76068376068376,-8.22649572649573,-7.58547008547008,-7.69230769230769,-8.33333333333334,-8.33333333333334,-8.44017094017094,-7.90598290598291,-9.4017094017094,-8.33333333333334,-7.37179487179487,-8.33333333333334,-7.58547008547008,-7.05128205128205,-7.47863247863247,-7.26495726495726,-7.79914529914529,-9.18803418803419,-8.65384615384616,-8.54700854700855,-7.26495726495726,-7.79914529914529,-8.86752136752137,-8.11965811965812,-7.37179487179487,-8.11965811965812,-8.33333333333334,-7.90598290598291,-8.44017094017094,-6.94444444444444,-7.79914529914529,-7.15811965811965,-9.82905982905983,-7.47863247863247,-8.22649572649573,-8.44017094017094,-8.44017094017094,-8.22649572649573,-7.69230769230769,-8.76068376068376,-9.4017094017094,-7.15811965811965,-7.90598290598291,-8.33333333333334,-8.65384615384616,-8.44017094017094,-7.05128205128205,-8.22649572649573,-8.22649572649573,-8.33333333333334,-7.47863247863247,-7.79914529914529,-7.69230769230769,-7.15811965811965,-8.44017094017094,-8.22649572649573,-8.76068376068376,-7.79914529914529,-8.11965811965812,-8.65384615384616,-8.01282051282052,-9.08119658119658,-7.37179487179487,-8.76068376068376,-6.62393162393162,-6.73076923076923,-7.69230769230769,-8.65384615384616,-8.22649572649573,-8.01282051282052,-7.37179487179487,-7.69230769230769,-7.37179487179487,-7.15811965811965,-7.05128205128205,-7.79914529914529,-8.11965811965812,-8.22649572649573,-8.97435897435898,-8.11965811965812,-7.79914529914529,-7.90598290598291,-7.69230769230769,-8.54700854700855,-7.58547008547008,-7.15811965811965,-8.11965811965812,-8.33333333333334,-8.22649572649573,-8.97435897435898,-8.22649572649573,-8.01282051282052,-6.73076923076923,-7.47863247863247,-6.94444444444444,-6.83760683760684,-8.11965811965812,-8.44017094017094,-8.65384615384616,-7.47863247863247,-8.65384615384616,-8.65384615384616,-8.11965811965812,-6.83760683760684,-8.54700854700855,-8.65384615384616,-8.97435897435898,-7.05128205128205,-8.54700854700855,-7.69230769230769,-8.01282051282052,-9.08119658119658,-8.44017094017094,-7.47863247863247,-7.37179487179487,-8.11965811965812,-8.11965811965812,-8.44017094017094,-7.58547008547008,-8.33333333333334,-9.18803418803419,-7.79914529914529,-9.18803418803419,-8.22649572649573,-7.47863247863247,-7.69230769230769,-9.82905982905983,-7.47863247863247,-7.26495726495726,-7.69230769230769,-7.47863247863247,-8.33333333333334,-7.90598290598291,-7.79914529914529,-7.26495726495726,-6.3034188034188,-8.44017094017094,-8.01282051282052,-7.58547008547008,-7.69230769230769,-7.26495726495726,-7.15811965811965,-8.44017094017094,-7.69230769230769,-8.86752136752137,-8.65384615384616,-8.01282051282052,-8.11965811965812,-9.08119658119658,-8.54700854700855,-7.37179487179487,-7.26495726495726,-7.58547008547008,-8.65384615384616,-8.76068376068376,-8.54700854700855,-6.41025641025641,-9.08119658119658,-8.44017094017094,-8.65384615384616,-7.69230769230769,-8.65384615384616,-8.54700854700855,-8.76068376068376,-6.83760683760684,-8.01282051282052,-8.22649572649573,-7.90598290598291,-7.47863247863247,-7.79914529914529,-8.44017094017094,-8.65384615384616,-7.58547008547008,-8.11965811965812,-6.83760683760684,-8.01282051282052,-8.11965811965812,-6.83760683760684,-7.90598290598291,-7.47863247863247,-9.2948717948718,-9.18803418803419,-7.37179487179487
26,-2.49687890137328,0,0,0,0,0,0,0,0,0,-2.49687890137328,-2.49687890137328,-0.749063670411987,-2.49687890137328,-2.24719101123596,-2.62172284644194,-0.374531835205993,-1.62297128589264,-1.62297128589264,-2.1223470661673,-0.998751560549316,-2.87141073657927,-0.624219725343322,-1.87265917602997,-0.374531835205993,-1.62297128589264,-2.37203495630461,-3.99500624219725,-1.12359550561798,-1.62297128589264,-1.99750312109863,-0.624219725343322,-2.99625468164794,-2.87141073657927,-3.37078651685393,0.499375780274658,-1.99750312109863,-1.37328339575531,-1.12359550561798,-1.7478152309613,-1.62297128589264,-1.24843945068664,-1.87265917602997,-0.499375780274658,-2.1223470661673,-3.24594257178527,-1.37328339575531,-2.74656679151061,-0.998751560549316,-2.37203495630461,-1.7478152309613,-2.1223470661673,-1.37328339575531,-1.24843945068664,-1.62297128589264,-3.1210986267166,-0.749063670411987,-2.49687890137328,-2.24719101123596,-0.998751560549316,-1.87265917602997,-2.24719101123596,-1.7478152309613,-2.49687890137328,-3.62047440699126,-2.24719101123596,-2.24719101123596,-1.24843945068664,-2.1223470661673,-1.24843945068664,-2.99625468164794,-0.749063670411987,-2.1223470661673,-1.87265917602997,-2.24719101123596,-2.24719101123596,-2.62172284644194,-2.37203495630461,-0.374531835205993,-1.24843945068664,-0.998751560549316,-1.7478152309613,-0.998751560549316,-1.37328339575531,-1.99750312109863,-2.1223470661673,-1.87265917602997,-0.749063670411987,-2.87141073657927,-2.62172284644194,-0.624219725343322,-2.74656679151061,-0.249687890137329,-0.998751560549316,-0.998751560549316,-0.873907615480651,0,-3.24594257178527,-1.49812734082397,-1.12359550561798,-2.1223470661673,-0.499375780274658,-0.998751560549316,-1.49812734082397,-3.37078651685393,-1.7478152309613,-1.24843945068664,-1.62297128589264,-2.49687890137328,-2.24719101123596,-0.249687890137329,-2.74656679151061,-2.62172284644194,-1.99750312109863,-2.37203495630461,-2.1223470661673,-2.24719101123596,-2.1223470661673,-2.37203495630461,-1.87265917602997,-1.49812734082397,-2.1223470661673,-1.24843945068664,-0.873907615480651,-1.87265917602997,-2.1223470661673,-1.62297128589264,-1.87265917602997,-1.99750312109863,-1.99750312109863,-1.87265917602997,-2.49687890137328,-0.499375780274658,-0.249687890137329,-2.1223470661673,-2.1223470661673,-2.62172284644194,-0.624219725343322,-2.49687890137328,-1.99750312109863,-0.374531835205993,-1.87265917602997,-0.873907615480651,-1.62297128589264,-2.37203495630461,-2.37203495630461,-1.87265917602997,-1.87265917602997,-0.873907615480651,-1.87265917602997,-0.749063670411987,-1.37328339575531,0,-1.12359550561798,-2.37203495630461,-2.24719101123596,-2.62172284644194,-2.37203495630461,-1.37328339575531,-1.12359550561798,-2.49687890137328,-2.1223470661673,-0.873907615480651,-1.12359550561798,-2.49687890137328,-2.49687890137328,-1.7478152309613,-2.24719101123596,-1.62297128589264,-2.1223470661673,-3.37078651685393,-0.624219725343322,-1.87265917602997,-0.624219725343322,-2.62172284644194,-1.99750312109863,-1.24843945068664,-0.749063670411987,-1.7478152309613,-2.49687890137328,-2.62172284644194,-0.124843945068664,-0.624219725343322,-1.49812734082397,-1.12359550561798,-1.87265917602997,-2.62172284644194,-1.87265917602997,-1.37328339575531,-1.37328339575531,-2.1223470661673,-2.24719101123596,-2.37203495630461,-2.49687890137328,-1.37328339575531,-1.7478152309613,-1.7478152309613,-0.624219725343322,-2.87141073657927,-0.499375780274658,-2.74656679151061,-1.37328339575531,-2.49687890137328,-0.624219725343322,-2.99625468164794,-2.24719101123596,-0.998751560549316,-1.12359550561798,-1.62297128589264,-1.87265917602997,-1.37328339575531,-1.99750312109863,-1.62297128589264,-2.49687890137328,-0.624219725343322,-2.37203495630461,-1.49812734082397,-2.87141073657927,-1.12359550561798,-1.99750312109863,-2.37203495630461
27,-7.25907384230288,0,0,0,0,0,0,0,0,0,-7.25907384230288,-6.13266583229036,-7.38423028785983,-7.88485607008761,-7.63454317897372,-7.63454317897372,-6.75844806007509,-7.75969962453066,-6.88360450563203,-8.38548185231539,-7.75969962453066,-6.38297872340425,-7.13391739674594,-8.01001251564456,-6.88360450563203,-7.50938673341677,-6.63329161451814,-7.75969962453066,-7.13391739674594,-6.63329161451814,-7.13391739674594,-7.25907384230288,-6.5081351689612,-7.38423028785983,-6.63329161451814,-7.63454317897372,-8.26032540675845,-8.63579474342928,-8.76095118898623,-7.38423028785983,-7.63454317897372,-8.51063829787234,-7.25907384230288,-8.26032540675845,-8.38548185231539,-6.75844806007509,-7.25907384230288,-7.13391739674594,-9.01126408010012,-7.25907384230288,-7.88485607008761,-6.88360450563203,-7.25907384230288,-7.25907384230288,-6.75844806007509,-7.50938673341677,-7.13391739674594,-8.26032540675845,-8.51063829787234,-8.63579474342928,-6.00750938673341,-8.1351689612015,-7.63454317897372,-7.63454317897372,-7.50938673341677,-7.25907384230288,-9.01126408010012,-7.13391739674594,-8.38548185231539,-8.88610763454318,-7.25907384230288,-7.25907384230288,-8.88610763454318,-6.00750938673341,-9.38673341677097,-7.38423028785983,-7.50938673341677,-6.5081351689612,-7.25907384230288,-8.76095118898623,-7.50938673341677,-7.63454317897372,-7.00876095118899,-7.25907384230288,-8.38548185231539,-7.50938673341677,-7.88485607008761,-8.26032540675845,-7.25907384230288,-7.13391739674594,-7.50938673341677,-8.51063829787234,-6.5081351689612,-7.75969962453066,-7.63454317897372,-7.38423028785983,-7.63454317897372,-6.88360450563203,-7.63454317897372,-6.63329161451814,-7.63454317897372,-7.50938673341677,-7.38423028785983,-7.50938673341677,-8.63579474342928,-7.13391739674594,-8.01001251564456,-8.01001251564456,-7.88485607008761,-7.00876095118899,-7.38423028785983,-6.25782227784731,-8.88610763454318,-9.26157697121401,-7.00876095118899,-7.63454317897372,-7.13391739674594,-8.38548185231539,-7.50938673341677,-8.38548185231539,-6.75844806007509,-6.38297872340425,-8.63579474342928,-7.88485607008761,-7.13391739674594,-9.13642052565707,-7.50938673341677,-7.25907384230288,-8.38548185231539,-7.50938673341677,-8.01001251564456,-8.01001251564456,-6.88360450563203,-7.25907384230288,-9.26157697121401,-5.75719649561952,-8.01001251564456,-6.5081351689612,-8.26032540675845,-6.00750938673341,-7.00876095118899,-6.5081351689612,-7.63454317897372,-9.51188986232791,-6.75844806007509,-7.88485607008761,-7.13391739674594,-6.88360450563203,-7.50938673341677,-8.1351689612015,-7.00876095118899,-7.13391739674594,-6.75844806007509,-6.88360450563203,-7.63454317897372,-7.00876095118899,-8.01001251564456,-7.88485607008761,-7.13391739674594,-7.75969962453066,-9.51188986232791,-7.88485607008761,-7.25907384230288,-7.38423028785983,-8.51063829787234,-8.63579474342928,-6.63329161451814,-7.13391739674594,-6.00750938673341,-8.51063829787234,-8.1351689612015,-8.1351689612015,-7.63454317897372,-7.25907384230288,-8.26032540675845,-8.1351689612015,-6.88360450563203,-7.63454317897372,-7.88485607008761,-9.13642052565707,-8.51063829787234,-7.75969962453066,-7.13391739674594,-7.88485607008761,-7.13391739674594,-6.38297872340425,-6.38297872340425,-6.13266583229036,-7.88485607008761,-7.25907384230288,-7.50938673341677,-6.75844806007509,-6.25782227784731,-7.75969962453066,-6.00750938673341,-7.88485607008761,-6.75844806007509,-7.50938673341677,-7.38423028785983,-5.13141426783479,-7.88485607008761,-8.26032540675845,-6.75844806007509,-7.50938673341677,-7.75969962453066,-7.13391739674594,-7.88485607008761,-7.63454317897372,-6.5081351689612,-7.25907384230288,-7.75969962453066,-7.88485607008761,-7.38423028785983,-8.88610763454318,-8.1351689612015,-7.63454317897372,-7.25907384230288,-8.1351689612015,-7.13391739674594,-7.25907384230288,-9.01126408010012
28,-4,0,0,0,0,0,0,0,0,0,-6.00000000000001,-4.875,-3.875,-5.25,-4,-5.125,-5.75,-4,-5,-4.375,-5,-5.625,-4.75,-5.375,-5.375,-4.75,-5,-5.125,-4.875,-5.125,-5.375,-6.25,-5.125,-3.875,-5.875,-6.00000000000001,-5,-6.625,-5,-4.75,-4.625,-6.375,-5.625,-6.00000000000001,-4.625,-4.875,-5.875,-4.875,-3.5,-4.875,-5,-5.625,-6.49999999999999,-4.5,-6.375,-4.75,-5.875,-6.25,-5.25,-5.375,-5.625,-5.625,-5.25,-5.25,-4.75,-4,-4.875,-4.5,-4.625,-6.125,-5,-5.375,-4.375,-5.375,-6.75,-5.25,-5.875,-3.875,-5.125,-5.50000000000001,-5.50000000000001,-5,-3.37499999999999,-4.5,-4.375,-4.25,-5.50000000000001,-5.125,-4.75,-4.625,-5.125,-5.25,-6.25,-6.00000000000001,-5.125,-4.375,-5.75,-3.75,-5.125,-6.125,-6.25,-5,-4.625,-4.5,-3.875,-4.5,-6.125,-4.75,-5.25,-3.625,-5.75,-6.125,-4.5,-5.125,-4.625,-3.875,-4.125,-4.875,-6.00000000000001,-4.625,-4.75,-5.875,-5,-5.625,-6.25,-6.375,-5.125,-5,-5.75,-6.99999999999999,-5.25,-6.25,-5.25,-4.625,-5,-6.125,-5.625,-5.625,-5.375,-4.375,-4.5,-5.50000000000001,-4.875,-3.875,-4.125,-5.375,-5,-5.875,-4.125,-4.125,-5.125,-5.50000000000001,-4.75,-5.875,-5.625,-5.875,-4.75,-5.75,-5.125,-5.50000000000001,-5.375,-5.25,-5.75,-6.125,-5.25,-5.50000000000001,-4.5,-5.875,-5.50000000000001,-6.00000000000001,-5.50000000000001,-5.25,-4.875,-5.625,-6.375,-5.50000000000001,-7.25,-5.25,-6.00000000000001,-6.00000000000001,-5.50000000000001,-5.125,-5.125,-5.875,-3.75,-5.625,-6.75,-5.50000000000001,-6.49999999999999,-4.625,-6.125,-7.125,-6.75,-6.125,-4.375,-5.625,-4.875,-6.625,-5.50000000000001,-6.375,-6.49999999999999,-5,-4.625,-7.375,-4,-6.125,-4.375,-5.75,-5.75,-5.75,-4.875,-4.625,-6.25,-5.50000000000001,-4.375,-4,-6.49999999999999,-6.00000000000001,-5.375,-5.25,-4.875
29,-4.47957839262187,0,0,0,0,0,0,0,0,0,-3.29380764163373,-4.34782608695652,-3.82081686429513,-4.87483530961792,-4.08432147562582,-4.34782608695652,-5.13833992094862,-5.13833992094862,-3.42555994729907,-3.55731225296443,-3.82081686429513,-4.47957839262187,-4.08432147562582,-4.34782608695652,-2.63504611330698,-4.87483530961792,-3.16205533596838,-5.27009222661396,-5.00658761528326,-4.47957839262187,-4.34782608695652,-4.08432147562582,-4.87483530961792,-4.47957839262187,-3.29380764163373,-3.16205533596838,-4.61133069828722,-4.21607378129117,-3.55731225296443,-3.95256916996047,-4.21607378129117,-3.82081686429513,-5.13833992094862,-3.82081686429513,-3.29380764163373,-3.03030303030303,-4.34782608695652,-3.82081686429513,-5.79710144927537,-4.61133069828722,-5.00658761528326,-5.66534914361001,-5.79710144927537,-5.66534914361001,-4.74308300395256,-3.82081686429513,-3.68906455862977,-4.61133069828722,-4.34782608695652,-4.87483530961792,-3.95256916996047,-4.08432147562582,-3.95256916996047,-4.34782608695652,-4.61133069828722,-4.87483530961792,-3.95256916996047,-4.74308300395256,-3.16205533596838,-4.08432147562582,-4.08432147562582,-3.82081686429513,-4.61133069828722,-3.55731225296443,-4.74308300395256,-4.47957839262187,-4.08432147562582,-3.29380764163373,-3.68906455862977,-1.58102766798419,-4.47957839262187,-4.47957839262187,-3.16205533596838,-3.82081686429513,-4.87483530961792,-5.40184453227931,-4.61133069828722,-4.87483530961792,-3.95256916996047,-4.21607378129117,-3.68906455862977,-2.76679841897233,-3.55731225296443,-3.03030303030303,-3.03030303030303,-4.21607378129117,-4.34782608695652,-3.55731225296443,-4.34782608695652,-3.95256916996047,-3.55731225296443,-3.42555994729907,-4.87483530961792,-3.29380764163373,-5.13833992094862,-4.08432147562582,-4.74308300395256,-4.47957839262187,-3.82081686429513,-4.61133069828722,-4.47957839262187,-3.16205533596838,-4.08432147562582,-4.74308300395256,-3.55731225296443,-4.21607378129117,-4.47957839262187,-4.21607378129117,-3.55731225296443,-3.29380764163373,-3.82081686429513,-4.87483530961792,-3.68906455862977,-5.53359683794467,-2.50329380764164,-5.13833992094862,-3.82081686429513,-4.87483530961792,-3.16205533596838,-3.42555994729907,-5.27009222661396,-3.42555994729907,-3.95256916996047,-5.27009222661396,-4.74308300395256,-2.37154150197628,-4.74308300395256,-3.55731225296443,-5.40184453227931,-4.61133069828722,-3.55731225296443,-3.95256916996047,-2.63504611330698,-6.06060606060606,-5.00658761528326,-2.76679841897233,-5.00658761528326,-4.21607378129117,-4.21607378129117,-4.08432147562582,-5.92885375494071,-5.13833992094862,-4.87483530961792,-4.34782608695652,-5.00658761528326,-4.61133069828722,-4.74308300395256,-3.42555994729907,-3.42555994729907,-3.29380764163373,-4.74308300395256,-4.34782608695652,-4.47957839262187,-4.08432147562582,-2.89855072463768,-4.08432147562582,-3.68906455862977,-4.47957839262187,-4.87483530961792,-6.06060606060606,-4.87483530961792,-3.82081686429513,-5.92885375494071,-5.00658761528326,-5.13833992094862,-2.89855072463768,-5.27009222661396,-4.08432147562582,-4.47957839262187,-4.08432147562582,-4.61133069828722,-4.74308300395256,-5.00658761528326,-3.55731225296443,-3.82081686429513,-4.08432147562582,-5.79710144927537,-5.66534914361001,-5.27009222661396,-4.21607378129117,-2.10803689064558,-5.40184453227931,-2.89855072463768,-4.08432147562582,-4.34782608695652,-3.82081686429513,-4.87483530961792,-5.66534914361001,-5.53359683794467,-3.68906455862977,-4.21607378129117,-3.03030303030303,-5.79710144927537,-4.74308300395256,-4.87483530961792,-4.21607378129117,-4.47957839262187,-4.74308300395256,-4.08432147562582,-4.21607378129117,-4.74308300395256,-3.95256916996047,-4.47957839262187,-5.13833992094862,-5.66534914361001,-4.08432147562582,-4.21607378129117,-4.34782608695652,-3.68906455862977,-5.53359683794467,-3.42555994729907
30,-5.66473988439307,0,0,0,0,0,0,0,0,0,-6.82080924855492,-5.66473988439307,-6.01156069364162,-5.89595375722544,-5.89595375722544,-5.4335260115607,-5.54913294797688,-5.08670520231214,-6.12716763005781,-5.89595375722544,-5.54913294797688,-6.12716763005781,-5.08670520231214,-4.85549132947977,-4.73988439306359,-5.78034682080925,-6.01156069364162,-6.93641618497109,-5.4335260115607,-4.73988439306359,-5.66473988439307,-5.66473988439307,-6.12716763005781,-6.12716763005781,-5.31791907514451,-4.97109826589596,-6.47398843930636,-6.70520231213873,-6.01156069364162,-5.20231213872833,-6.70520231213873,-7.05202312138729,-5.31791907514451,-6.24277456647398,-5.89595375722544,-4.6242774566474,-6.58959537572255,-5.66473988439307,-8.09248554913294,-5.4335260115607,-6.58959537572255,-8.09248554913294,-5.4335260115607,-6.70520231213873,-6.24277456647398,-5.66473988439307,-6.24277456647398,-5.54913294797688,-6.70520231213873,-5.89595375722544,-7.05202312138729,-5.66473988439307,-5.89595375722544,-6.58959537572255,-5.78034682080925,-6.12716763005781,-5.4335260115607,-5.78034682080925,-5.4335260115607,-6.01156069364162,-7.16763005780346,-7.05202312138729,-7.16763005780346,-6.24277456647398,-5.20231213872833,-5.20231213872833,-5.31791907514451,-5.54913294797688,-5.78034682080925,-4.97109826589596,-6.58959537572255,-5.78034682080925,-5.89595375722544,-6.93641618497109,-7.28323699421965,-6.47398843930636,-5.78034682080925,-5.78034682080925,-6.12716763005781,-5.89595375722544,-5.66473988439307,-6.35838150289018,-5.54913294797688,-6.24277456647398,-4.85549132947977,-6.70520231213873,-7.16763005780346,-5.66473988439307,-7.16763005780346,-5.4335260115607,-6.35838150289018,-5.78034682080925,-6.35838150289018,-6.24277456647398,-7.39884393063583,-5.54913294797688,-5.66473988439307,-7.05202312138729,-6.24277456647398,-6.82080924855492,-6.12716763005781,-6.35838150289018,-6.82080924855492,-5.08670520231214,-5.78034682080925,-5.66473988439307,-5.89595375722544,-5.54913294797688,-6.47398843930636,-5.4335260115607,-6.70520231213873,-5.54913294797688,-7.6300578034682,-6.82080924855492,-6.47398843930636,-5.89595375722544,-4.73988439306359,-5.20231213872833,-5.89595375722544,-5.78034682080925,-6.70520231213873,-6.70520231213873,-6.01156069364162,-5.4335260115607,-5.54913294797688,-5.66473988439307,-6.35838150289018,-6.82080924855492,-5.89595375722544,-6.12716763005781,-6.24277456647398,-5.78034682080925,-5.78034682080925,-6.70520231213873,-6.12716763005781,-5.4335260115607,-6.01156069364162,-5.66473988439307,-4.6242774566474,-6.58959537572255,-5.54913294797688,-6.47398843930636,-6.47398843930636,-5.31791907514451,-5.66473988439307,-5.31791907514451,-6.70520231213873,-6.93641618497109,-6.70520231213873,-6.24277456647398,-7.16763005780346,-6.47398843930636,-5.31791907514451,-6.93641618497109,-5.31791907514451,-6.47398843930636,-7.51445086705202,-6.01156069364162,-5.78034682080925,-7.86127167630057,-6.24277456647398,-6.47398843930636,-5.31791907514451,-5.31791907514451,-6.24277456647398,-6.24277456647398,-7.16763005780346,-5.89595375722544,-5.78034682080925,-6.35838150289018,-5.31791907514451,-5.89595375722544,-7.05202312138729,-5.31791907514451,-4.85549132947977,-4.97109826589596,-6.70520231213873,-5.08670520231214,-6.01156069364162,-4.85549132947977,-6.82080924855492,-4.97109826589596,-5.78034682080925,-5.08670520231214,-6.47398843930636,-6.35838150289018,-6.24277456647398,-5.89595375722544,-7.05202312138729,-6.01156069364162,-7.28323699421965,-6.47398843930636,-6.58959537572255,-6.35838150289018,-5.08670520231214,-6.47398843930636,-6.24277456647398,-6.58959537572255,-5.66473988439307,-6.47398843930636,-6.58959537572255,-7.16763005780346,-6.24277456647398,-6.58959537572255,-5.20231213872833,-6.12716763005781,-6.12716763005781,-5.78034682080925,-5.08670520231214,-5.4335260115607,-6.93641618497109
31,0.500625782227782,0,0,0,0,0,0,0,0,0,0.625782227784732,-1.12640801001251,1.25156445556946,-0.750938673341672,-2.00250312891114,0,-1.3767209011264,-0.876095118898623,-1.75219023779725,0.500625782227782,-0.125156445556951,-1.75219023779725,0.125156445556951,1.12640801001251,0.125156445556951,0.125156445556951,0.250312891113902,0.375469336670831,0,0.500625782227782,-0.876095118898623,1.12640801001251,0.500625782227782,-1.25156445556946,-0.375469336670842,-0.500625782227782,-0.625782227784732,-1.25156445556946,-0.375469336670842,0.375469336670831,-0.125156445556951,-0.375469336670842,0.500625782227782,-0.500625782227782,-0.625782227784732,-0.125156445556951,-0.250312891113891,0.250312891113902,-1.25156445556946,-0.125156445556951,0.125156445556951,-0.250312891113891,-0.250312891113891,-1.50187734668336,0.375469336670831,0.250312891113902,-1.12640801001251,1.37672090112642,1.8773466833542,0.125156445556951,-1.3767209011264,0,0,-0.250312891113891,-0.375469336670842,0,-0.125156445556951,0.250312891113902,0.125156445556951,0,-0.375469336670842,1.12640801001251,1.25156445556946,0,-0.125156445556951,-2.37797246558198,0.375469336670831,-0.375469336670842,0,-1.3767209011264,0.750938673341683,0.125156445556951,0.250312891113902,-0.375469336670842,-0.500625782227782,-0.375469336670842,-1.25156445556946,0.125156445556951,-0.125156445556951,-1.12640801001251,-3.00375469336671,-0.625782227784732,0.750938673341683,-1.50187734668336,-0.500625782227782,1.00125156445556,-0.625782227784732,0.125156445556951,0.625782227784732,-0.876095118898623,0.625782227784732,-0.375469336670842,-2.12765957446809,0.375469336670831,-0.500625782227782,-0.625782227784732,0,-2.50312891113892,-0.500625782227782,0.125156445556951,-0.125156445556951,0.750938673341683,0.125156445556951,0.876095118898634,-0.250312891113891,0.125156445556951,-0.250312891113891,-1.00125156445557,1.00125156445556,-1.12640801001251,-0.625782227784732,0.500625782227782,0.876095118898634,-0.250312891113891,0.876095118898634,-0.125156445556951,0.876095118898634,-0.125156445556951,1.25156445556946,0,-1.50187734668336,0.375469336670831,0.125156445556951,-0.625782227784732,0.375469336670831,-0.250312891113891,-1.6270337922403,-1.12640801001251,-1.3767209011264,0.250312891113902,-2.25281602002503,-0.250312891113891,0.250312891113902,-0.125156445556951,-0.250312891113891,-1.8773466833542,-0.500625782227782,0.375469336670831,-0.500625782227782,0.250312891113902,-0.500625782227782,-0.625782227784732,1.50187734668334,0.625782227784732,0.375469336670831,-0.750938673341672,-1.75219023779725,-0.625782227784732,-0.500625782227782,-0.250312891113891,-0.250312891113891,-0.876095118898623,-0.500625782227782,-0.876095118898623,1.75219023779725,-0.250312891113891,-0.500625782227782,0,0.750938673341683,2.25281602002503,0.125156445556951,-0.625782227784732,-0.750938673341672,-0.375469336670842,-2.37797246558198,0.125156445556951,-1.25156445556946,-0.876095118898623,-1.3767209011264,-0.500625782227782,-0.876095118898623,-0.375469336670842,-0.250312891113891,-0.500625782227782,-1.00125156445557,-0.500625782227782,0.125156445556951,0,-1.25156445556946,-0.250312891113891,0.625782227784732,-0.500625782227782,-0.250312891113891,-0.250312891113891,-1.75219023779725,0.125156445556951,-1.6270337922403,0.250312891113902,-0.375469336670842,-0.125156445556951,0.375469336670831,-1.25156445556946,-1.8773466833542,-1.00125156445557,0.375469336670831,-0.125156445556951,-0.125156445556951,0,-2.50312891113892,-0.250312891113891,-1.00125156445557,-0.250312891113891,0.250312891113902,-0.625782227784732,0.375469336670831,0.125156445556951,0.625782227784732,1.6270337922403,-0.500625782227782,-0.876095118898623,0.125156445556951
32,6.75965665236051,0,0,0,0,0,0,0,0,0,6.86695278969958,6.33047210300428,6.43776824034334,6.33047210300428,5.79399141630901,6.97424892703862,6.22317596566524,6.75965665236051,6.43776824034334,5.04291845493563,6.22317596566524,5.04291845493563,7.18884120171674,6.33047210300428,6.11587982832618,4.8283261802575,6.65236051502145,6.54506437768241,6.33047210300428,6.22317596566524,6.22317596566524,6.00858369098713,6.65236051502145,6.33047210300428,6.33047210300428,6.11587982832618,6.00858369098713,5.04291845493563,6.33047210300428,7.29613733905579,5.90128755364807,6.00858369098713,7.29613733905579,6.75965665236051,6.43776824034334,4.93562231759657,7.29613733905579,5.5793991416309,6.43776824034334,6.11587982832618,6.43776824034334,6.00858369098713,7.29613733905579,6.65236051502145,6.54506437768241,6.54506437768241,7.08154506437768,6.75965665236051,4.6137339055794,6.33047210300428,6.22317596566524,5.47210300429184,5.79399141630901,6.33047210300428,5.90128755364807,6.65236051502145,5.68669527896997,6.75965665236051,4.29184549356223,7.29613733905579,7.08154506437768,5.79399141630901,6.65236051502145,5.79399141630901,6.11587982832618,6.54506437768241,6.11587982832618,6.75965665236051,5.3648068669528,5.15021459227467,6.22317596566524,5.90128755364807,6.97424892703862,6.75965665236051,7.18884120171674,6.86695278969958,5.3648068669528,6.75965665236051,6.65236051502145,6.43776824034334,5.90128755364807,5.90128755364807,6.54506437768241,5.04291845493563,6.86695278969958,6.00858369098713,6.54506437768241,6.75965665236051,5.15021459227467,5.47210300429184,6.22317596566524,7.40343347639485,6.22317596566524,6.00858369098713,6.86695278969958,4.93562231759657,6.86695278969958,5.3648068669528,6.11587982832618,5.79399141630901,6.43776824034334,6.54506437768241,6.86695278969958,6.11587982832618,6.11587982832618,5.5793991416309,6.43776824034334,5.47210300429184,5.90128755364807,5.5793991416309,5.68669527896997,7.08154506437768,6.22317596566524,6.65236051502145,6.00858369098713,7.08154506437768,5.79399141630901,5.90128755364807,6.22317596566524,5.79399141630901,5.04291845493563,6.43776824034334,6.11587982832618,6.33047210300428,6.43776824034334,6.86695278969958,5.79399141630901,5.3648068669528,6.11587982832618,5.90128755364807,6.33047210300428,5.3648068669528,5.90128755364807,6.54506437768241,5.90128755364807,6.97424892703862,6.97424892703862,5.79399141630901,6.11587982832618,6.65236051502145,5.90128755364807,7.08154506437768,6.11587982832618,6.00858369098713,8.04721030042919,6.97424892703862,6.97424892703862,5.90128755364807,5.68669527896997,6.54506437768241,6.33047210300428,6.11587982832618,5.90128755364807,6.00858369098713,6.75965665236051,6.22317596566524,7.29613733905579,5.5793991416309,7.40343347639485,6.54506437768241,5.5793991416309,5.47210300429184,5.68669527896997,7.61802575107295,5.25751072961373,6.54506437768241,6.33047210300428,7.29613733905579,5.5793991416309,7.08154506437768,6.43776824034334,4.72103004291846,7.93991416309012,5.68669527896997,6.11587982832618,6.22317596566524,4.72103004291846,6.97424892703862,7.51072961373391,5.5793991416309,6.11587982832618,6.11587982832618,5.68669527896997,6.11587982832618,5.90128755364807,6.11587982832618,5.90128755364807,5.68669527896997,5.47210300429184,7.08154506437768,5.68669527896997,6.75965665236051,6.43776824034334,5.79399141630901,5.79399141630901,6.11587982832618,7.51072961373391,5.90128755364807,4.39914163090129,6.86695278969958,7.08154506437768,5.04291845493563,6.97424892703862,4.18454935622317,6.65236051502145,6.00858369098713,6.54506437768241,5.15021459227467,5.68669527896997,5.68669527896997,5.90128755364807
33,5.32150776053215,0,0,0,0,0,0,0,0,0,5.32150776053215,5.87583148558759,5.32150776053215,6.20842572062084,5.21064301552105,4.87804878048781,5.21064301552105,4.43458980044347,5.21064301552105,4.87804878048781,4.76718403547671,5.54323725055432,5.87583148558759,5.76496674057649,6.5410199556541,5.76496674057649,6.65188470066518,5.32150776053215,5.32150776053215,5.76496674057649,5.65410199556542,6.65188470066518,5.54323725055432,5.21064301552105,6.5410199556541,6.20842572062084,5.43237250554325,5.87583148558759,4.87804878048781,6.09756097560976,5.32150776053215,4.87804878048781,5.32150776053215,5.21064301552105,4.98891352549888,5.09977827050998,5.76496674057649,5.54323725055432,6.31929046563193,4.43458980044347,5.98669623059866,5.32150776053215,5.54323725055432,5.54323725055432,4.98891352549888,5.76496674057649,5.32150776053215,5.65410199556542,5.32150776053215,5.76496674057649,4.54545454545454,4.76718403547671,5.98669623059866,5.65410199556542,4.98891352549888,5.32150776053215,6.76274944567627,5.54323725055432,5.76496674057649,5.87583148558759,5.54323725055432,5.43237250554325,6.09756097560976,5.32150776053215,4.2128603104213,5.43237250554325,5.87583148558759,6.43015521064301,5.54323725055432,4.98891352549888,5.76496674057649,7.76053215077606,6.87361419068737,6.31929046563193,4.65631929046564,5.54323725055432,4.54545454545454,5.98669623059866,4.65631929046564,4.98891352549888,5.43237250554325,5.87583148558759,5.21064301552105,4.76718403547671,5.76496674057649,5.32150776053215,5.09977827050998,5.43237250554325,5.54323725055432,3.9911308203991,5.21064301552105,5.09977827050998,5.21064301552105,5.87583148558759,4.87804878048781,4.87804878048781,3.9911308203991,5.09977827050998,5.32150776053215,4.32372505543237,5.76496674057649,5.76496674057649,5.87583148558759,4.32372505543237,4.98891352549888,4.98891352549888,6.09756097560976,5.32150776053215,6.43015521064301,4.1019955654102,5.98669623059866,4.65631929046564,5.32150776053215,3.9911308203991,6.31929046563193,5.43237250554325,4.87804878048781,5.32150776053215,5.65410199556542,6.87361419068737,4.87804878048781,5.54323725055432,5.54323725055432,4.65631929046564,5.09977827050998,5.43237250554325,6.43015521064301,5.65410199556542,4.32372505543237,5.87583148558759,4.98891352549888,6.43015521064301,4.98891352549888,5.21064301552105,5.32150776053215,5.87583148558759,4.87804878048781,6.43015521064301,5.65410199556542,4.43458980044347,4.54545454545454,4.87804878048781,5.87583148558759,5.43237250554325,6.43015521064301,6.43015521064301,4.87804878048781,4.76718403547671,6.09756097560976,5.98669623059866,5.32150776053215,4.76718403547671,5.43237250554325,5.43237250554325,5.09977827050998,3.54767184035476,4.1019955654102,5.65410199556542,5.21064301552105,5.65410199556542,6.09756097560976,4.43458980044347,5.21064301552105,5.76496674057649,5.76496674057649,5.65410199556542,5.54323725055432,4.2128603104213,4.54545454545454,4.76718403547671,6.20842572062084,4.43458980044347,4.87804878048781,5.21064301552105,5.65410199556542,5.76496674057649,6.43015521064301,5.43237250554325,5.43237250554325,5.09977827050998,4.87804878048781,4.98891352549888,5.65410199556542,4.54545454545454,5.43237250554325,4.76718403547671,4.87804878048781,4.87804878048781,5.54323725055432,5.21064301552105,5.65410199556542,5.76496674057649,5.98669623059866,6.09756097560976,5.43237250554325,4.65631929046564,5.43237250554325,6.20842572062084,6.31929046563193,5.65410199556542,6.20842572062084,4.87804878048781,4.98891352549888,5.32150776053215,5.21064301552105,5.09977827050998,4.98891352549888,5.32150776053215,6.09756097560976,4.98891352549888,5.87583148558759
34,15,0,0,0,0,0,0,0,0,0,16.025641025641,15.6410256410257,15.5128205128205,16.4102564102564,16.2820512820513,15,16.025641025641,15.8974358974359,13.7179487179487,16.7948717948718,17.1794871794872,15.5128205128205,17.0512820512821,16.4102564102564,15.2564102564102,16.025641025641,16.2820512820513,17.5641025641026,16.1538461538462,14.7435897435897,14.7435897435897,14.7435897435897,14.4871794871795,15,16.025641025641,15.8974358974359,15.7692307692308,14.4871794871795,14.4871794871795,16.4102564102564,16.4102564102564,16.6666666666667,16.7948717948718,16.1538461538462,16.4102564102564,13.974358974359,15.2564102564102,16.4102564102564,15.5128205128205,14.7435897435897,16.4102564102564,14.6153846153846,14.7435897435897,15.2564102564102,17.8205128205128,15.2564102564102,14.2307692307692,14.4871794871795,16.1538461538462,17.0512820512821,15.7692307692308,15.3846153846154,16.025641025641,16.025641025641,15.7692307692308,17.0512820512821,16.2820512820513,16.1538461538462,15.3846153846154,15.2564102564102,15.7692307692308,15,15.8974358974359,14.7435897435897,14.8717948717949,15,15,15.1282051282051,15.5128205128205,15.7692307692308,16.2820512820513,16.4102564102564,14.7435897435897,15.1282051282051,14.3589743589744,16.6666666666667,16.2820512820513,14.2307692307692,15.7692307692308,15.5128205128205,16.2820512820513,15.7692307692308,16.6666666666667,15.1282051282051,16.7948717948718,14.3589743589744,16.025641025641,15.6410256410257,16.9230769230769,16.6666666666667,15.5128205128205,16.4102564102564,16.1538461538462,16.7948717948718,14.8717948717949,17.0512820512821,14.4871794871795,15.8974358974359,15.5128205128205,15,15,14.7435897435897,16.5384615384615,14.7435897435897,14.8717948717949,16.2820512820513,16.4102564102564,15.7692307692308,16.2820512820513,15.8974358974359,16.1538461538462,15.5128205128205,16.025641025641,15.3846153846154,15.7692307692308,16.4102564102564,14.8717948717949,15.2564102564102,16.1538461538462,15.8974358974359,15.7692307692308,16.025641025641,15.3846153846154,15.6410256410257,15.3846153846154,16.025641025641,16.025641025641,15.6410256410257,15.7692307692308,15.6410256410257,16.5384615384615,15.5128205128205,15,15.2564102564102,16.9230769230769,17.5641025641026,15.5128205128205,16.6666666666667,16.7948717948718,15.8974358974359,15.7692307692308,16.6666666666667,14.3589743589744,15.7692307692308,17.1794871794872,14.7435897435897,16.5384615384615,15.7692307692308,16.025641025641,16.1538461538462,16.6666666666667,15.7692307692308,16.025641025641,16.025641025641,16.4102564102564,16.2820512820513,15.3846153846154,17.1794871794872,15.1282051282051,14.8717948717949,15.2564102564102,15.6410256410257,16.6666666666667,15.3846153846154,15,16.025641025641,15.1282051282051,16.4102564102564,16.1538461538462,16.5384615384615,16.1538461538462,15.8974358974359,15.3846153846154,16.2820512820513,14.6153846153846,16.5384615384615,15.6410256410257,16.1538461538462,16.9230769230769,15.8974358974359,14.1025641025641,15.2564102564102,16.025641025641,16.2820512820513,15.2564102564102,14.6153846153846,16.2820512820513,14.3589743589744,15.8974358974359,15.3846153846154,14.7435897435897,15.2564102564102,15.7692307692308,16.2820512820513,15.5128205128205,15.2564102564102,16.025641025641,16.025641025641,15.7692307692308,16.2820512820513,16.1538461538462,16.5384615384615,16.4102564102564,16.2820512820513,14.7435897435897,16.5384615384615,15.6410256410257,15.6410256410257,15.3846153846154,16.5384615384615,16.025641025641
35,15.6129032258065,0,0,0,0,0,0,0,0,0,16.5161290322581,16,17.0322580645161,17.5483870967742,15.8709677419355,18.5806451612903,17.9354838709678,15.4838709677419,16.3870967741935,16.9032258064516,16.6451612903226,15.4838709677419,16.9032258064516,15.4838709677419,16.5161290322581,15.4838709677419,15.4838709677419,16.5161290322581,16.6451612903226,16.7741935483871,14.4516129032258,16.258064516129,16.1290322580645,16.6451612903226,16.9032258064516,15.6129032258065,16.1290322580645,16.5161290322581,15.741935483871,16.1290322580645,16.7741935483871,17.5483870967742,16,17.2903225806452,16.5161290322581,16.5161290322581,17.0322580645161,17.2903225806452,15.741935483871,15.741935483871,17.0322580645161,15.6129032258065,16.5161290322581,15.4838709677419,16.1290322580645,15.4838709677419,16.9032258064516,16.1290322580645,16.1290322580645,18.4516129032258,16.1290322580645,16.3870967741935,15.8709677419355,16.6451612903226,17.1612903225806,17.8064516129032,15.4838709677419,17.4193548387097,16.7741935483871,16.3870967741935,17.1612903225806,16.9032258064516,16.7741935483871,15.8709677419355,16.9032258064516,15.3548387096774,16.3870967741935,14.9677419354839,15.8709677419355,16.5161290322581,16.6451612903226,16.7741935483871,17.2903225806452,15.2258064516129,15.4838709677419,14.9677419354839,15.741935483871,16.1290322580645,16.1290322580645,14.3225806451613,17.6774193548387,15.741935483871,16.1290322580645,15.2258064516129,16.258064516129,17.5483870967742,16.3870967741935,17.0322580645161,16.3870967741935,16,16.5161290322581,16.7741935483871,16.7741935483871,15.8709677419355,16.9032258064516,16.3870967741935,15.741935483871,16.6451612903226,16.5161290322581,16.7741935483871,16.1290322580645,16.9032258064516,16.7741935483871,16.6451612903226,16.3870967741935,15.741935483871,16.5161290322581,15.741935483871,15.4838709677419,16.9032258064516,16.6451612903226,15.4838709677419,16.6451612903226,16.3870967741935,15.4838709677419,17.1612903225806,16.9032258064516,15.3548387096774,16.1290322580645,16.6451612903226,15.2258064516129,16.3870967741935,15.6129032258065,17.1612903225806,16.6451612903226,15.6129032258065,16.6451612903226,14.7096774193549,16.6451612903226,15.741935483871,16.6451612903226,16.5161290322581,16.258064516129,17.5483870967742,17.5483870967742,16.3870967741935,16,15.741935483871,16.1290322580645,15.3548387096774,16.6451612903226,17.5483870967742,17.9354838709678,18.5806451612903,16.7741935483871,14.5806451612903,16.1290322580645,15.3548387096774,17.2903225806452,15.741935483871,15.741935483871,16.7741935483871,17.9354838709678,16.6451612903226,16.6451612903226,16.3870967741935,16.3870967741935,16.7741935483871,16.7741935483871,16.5161290322581,16.258064516129,16.1290322580645,17.5483870967742,16,15.8709677419355,16.258064516129,14.8387096774194,16.258064516129,15.3548387096774,16.3870967741935,17.0322580645161,16.9032258064516,16.258064516129,15.3548387096774,18.3225806451613,16.1290322580645,15.2258064516129,16.258064516129,17.2903225806452,15.0967741935484,15.741935483871,16.6451612903226,15.741935483871,17.0322580645161,15.6129032258065,16.3870967741935,16.1290322580645,15.8709677419355,15.3548387096774,16.9032258064516,15.8709677419355,16.6451612903226,15.8709677419355,16.6451612903226,16.6451612903226,17.1612903225806,15.4838709677419,17.2903225806452,16,15.6129032258065,16.1290322580645,15.741935483871,16.7741935483871,17.1612903225806,16.1290322580645,16.6451612903226,15.4838709677419,16.258064516129,16.6451612903226,16,17.1612903225806
36,17.8266178266178,0,0,0,0,0,0,0,0,0,19.6581196581197,17.2161172161172,18.4371184371184,17.4603174603175,18.9255189255189,17.4603174603175,18.6813186813187,18.6813186813187,17.8266178266178,18.1929181929182,16.7277167277167,18.4371184371184,18.4371184371184,18.4371184371184,17.4603174603175,18.9255189255189,15.3846153846154,18.9255189255189,18.4371184371184,17.2161172161172,17.4603174603175,17.7045177045177,17.4603174603175,19.047619047619,18.9255189255189,19.6581196581197,18.6813186813187,17.5824175824176,19.1697191697192,17.0940170940171,17.5824175824176,17.3382173382173,18.6813186813187,17.3382173382173,18.8034188034188,17.7045177045177,17.2161172161172,17.3382173382173,18.6813186813187,19.1697191697192,17.5824175824176,19.6581196581197,18.0708180708181,18.5592185592186,17.5824175824176,18.1929181929182,17.3382173382173,18.1929181929182,16.3614163614164,17.8266178266178,18.6813186813187,18.3150183150183,19.7802197802198,19.047619047619,18.8034188034188,18.5592185592186,17.948717948718,17.5824175824176,16.7277167277167,19.1697191697192,18.0708180708181,17.4603174603175,18.9255189255189,18.4371184371184,18.9255189255189,18.3150183150183,19.6581196581197,18.1929181929182,16.6056166056166,16.7277167277167,19.5360195360195,18.8034188034188,19.1697191697192,19.4139194139194,18.8034188034188,19.7802197802198,19.6581196581197,16.3614163614164,18.0708180708181,20.2686202686203,17.948717948718,18.6813186813187,18.1929181929182,18.5592185592186,18.8034188034188,18.5592185592186,18.5592185592186,18.9255189255189,19.2918192918193,18.3150183150183,17.7045177045177,18.1929181929182,18.4371184371184,19.5360195360195,18.0708180708181,17.0940170940171,18.6813186813187,17.4603174603175,18.1929181929182,18.5592185592186,17.7045177045177,18.1929181929182,17.948717948718,18.3150183150183,17.0940170940171,16.3614163614164,17.948717948718,19.5360195360195,17.3382173382173,18.4371184371184,18.4371184371184,19.7802197802198,16.4835164835165,18.9255189255189,16.7277167277167,18.5592185592186,19.5360195360195,17.5824175824176,18.6813186813187,18.5592185592186,18.5592185592186,19.7802197802198,19.047619047619,17.8266178266178,18.1929181929182,19.2918192918193,18.0708180708181,18.5592185592186,19.2918192918193,18.4371184371184,19.5360195360195,18.8034188034188,18.1929181929182,17.4603174603175,18.4371184371184,19.6581196581197,18.6813186813187,18.4371184371184,18.3150183150183,17.948717948718,18.6813186813187,17.948717948718,19.2918192918193,17.948717948718,18.9255189255189,18.3150183150183,18.9255189255189,19.7802197802198,17.948717948718,17.5824175824176,19.047619047619,18.0708180708181,15.8730158730159,18.9255189255189,19.2918192918193,19.5360195360195,17.5824175824176,19.2918192918193,18.0708180708181,17.5824175824176,18.3150183150183,17.8266178266178,18.8034188034188,18.1929181929182,18.0708180708181,17.7045177045177,18.1929181929182,18.5592185592186,19.1697191697192,17.948717948718,17.948717948718,18.1929181929182,17.3382173382173,17.3382173382173,18.0708180708181,18.0708180708181,17.4603174603175,18.4371184371184,17.5824175824176,17.948717948718,19.7802197802198,18.3150183150183,18.5592185592186,18.9255189255189,17.8266178266178,19.5360195360195,18.3150183150183,17.5824175824176,17.3382173382173,18.1929181929182,17.948717948718,17.5824175824176,18.0708180708181,18.8034188034188,19.5360195360195,17.5824175824176,17.948717948718,17.948717948718,17.4603174603175,19.9023199023199,19.5360195360195,19.047619047619,18.1929181929182,19.7802197802198,16.971916971917,18.0708180708181,18.3150183150183,19.2918192918193,18.9255189255189,17.4603174603175,18.6813186813187
