PeriodId,bird-47,bird-87,bird-90,bird-93,bird-96,bird-99,bird-102,bird-105,bird-108,bird-111,bird-114,bird-117,bird-120,bird-124,bird-127,bird-130,bird-133,bird-136,bird-139,bird-142,bird-145,bird-148,bird-151,bird-154,bird-157,bird-160,bird-163,bird-166,bird-169,bird-172,bird-175,bird-178,bird-181,bird-184,bird-187,bird-190,bird-193,bird-196,bird-199,bird-202,bird-205,bird-208,bird-211,bird-214,bird-217,bird-220,bird-223,bird-226,bird-229,bird-232,bird-235,bird-238,bird-241,bird-244,bird-247,bird-250,bird-253,bird-256,bird-259,bird-262,bird-265,bird-268,bird-271,bird-274,bird-277,bird-280,bird-283,bird-286,bird-289,bird-292,bird-295,bird-298,bird-301,bird-304,bird-307,bird-310,bird-313,bird-316,bird-319,bird-322,bird-325,bird-328,bird-331,bird-334,bird-337,bird-340,bird-343,bird-346,bird-349,bird-352,bird-355,bird-358,bird-361,bird-364,bird-367,bird-370,bird-373,bird-376,bird-379,bird-382,bird-385,bird-388,bird-391,bird-394,bird-397,bird-400,bird-403,bird-406,bird-409,bird-412,bird-415,bird-418,bird-421,bird-424,bird-427,bird-430,bird-433,bird-436,bird-439,bird-442,bird-445,bird-448,bird-451,bird-454,bird-457,bird-460,cHRev-532,cHRev-535,cHRev-538,cHRev-541,cHRev-544,cHRev-547,cHRev-550,cHRev-553,cHRev-556,cHRev-559,cHRev-562,cHRev-565,cHRev-568,cHRev-571,cHRev-574,cHRev-577,cHRev-580,cHRev-583,cHRev-586,cHRev-589,cHRev-592,cHRev-595,cHRev-598,cHRev-601,cHRev-604,cHRev-607,cHRev-610,cHRev-613,cHRev-616,cHRev-619,cHRev-622,cHRev-10695,cHRev-10713,cHRev-10716,cHRev-10719,cHRev-10722,cHRev-10725,cHRev-10728,cHRev-10731,cHRev-10734,cHRev-10737,cHRev-10740,cHRev-10743,cHRev-10746,cHRev-10749,cHRev-10752,cHRev-10755,cHRev-10758,cHRev-10761,cHRev-10764,cHRev-10767,cHRev-10770,cHRev-10773,cHRev-10776,cHRev-10779,cHRev-10782,cHRev-10785,cHRev-10788,cHRev-10791,cHRev-10794,cHRev-10797,cHRev-10800,cHRev-10803,cHRev-10806,cHRev-10809,cHRev-10812,cHRev-10815,cHRev-10818,cHRev-10821,cHRev-10824,cHRev-10827,cHRev-10830,cHRev-10833,cHRev-10836,cHRev-10839,cHRev-10842,cHRev-10847,cHRev-10850,cHRev-10853,cHRev-10856,cHRev-10859,cHRev-10862,cHRev-10865,cHRev-10868,cHRev-10871,cHRev-10874,cHRev-10877,cHRev-10880,cHRev-10883,cHRev-10886,cHRev-10889,cHRev-10892,cHRev-10895,cHRev-10898,cHRev-10901,cHRev-10904,cHRev-10908,cHRev-10911,cHRev-10914,cHRev-10917,cHRev-10920,cHRev-10923,cHRev-10926,cHRev-10929,cHRev-10932,cHRev-10935,cHRev-10938,cHRev-10941,cHRev-10944,cHRev-10947,cHRev-10950
1,200,210,240,210,210,180,240,250,190,190,250,260,240,190,200,210,190,190,190,240,190,240,190,200,180,250,200,250,230,240,190,190,190,190,210,250,240,210,210,200,260,250,190,190,250,180,200,200,240,250,250,240,200,250,180,190,210,240,240,250,230,260,230,200,250,210,190,200,250,190,210,240,200,180,250,240,250,260,190,200,190,200,200,200,250,240,200,260,200,250,190,250,240,240,250,260,240,190,260,190,190,250,200,240,190,200,260,190,240,250,230,240,190,180,240,200,190,200,250,190,240,200,190,190,190,190,200,250,210,240,200,200,250,190,240,250,250,260,260,200,190,190,250,260,240,190,240,260,250,180,200,210,240,240,200,250,190,240,240,250,190,260,180,260,240,200,250,200,260,250,260,240,200,200,200,250,200,240,190,250,190,200,260,240,260,190,240,210,250,200,180,260,230,250,240,240,250,190,240,190,260,190,190,250,240,260,190,200,200,240,210,240,240,250,180,250,190,250,260,260,260,260,200,230,230,250,230,250,200,260,260,230,240,260,250,240,250
2,-0.33333333333333,-0.33333333333333,0.66666666666666,0,-0.33333333333333,-0.666666666666671,1,1,-1,-0.33333333333333,1.33333333333334,1.33333333333334,0.333333333333341,-0.666666666666671,-1,-0.33333333333333,-0.666666666666671,-0.666666666666671,-1.33333333333333,0.66666666666666,-1,0.333333333333341,-1,-0.666666666666671,-1,1,-0.666666666666671,0.66666666666666,0.66666666666666,0.333333333333341,-1,-1.33333333333333,-1.33333333333333,-0.666666666666671,0,1.33333333333334,0.66666666666666,-0.666666666666671,0,-0.666666666666671,1.66666666666666,1.33333333333334,-1,-1,1.33333333333334,-1,-1,-0.33333333333333,1,1.66666666666666,1.33333333333334,0.333333333333341,-0.33333333333333,1,-1,-0.666666666666671,-0.33333333333333,0.66666666666666,1,0.66666666666666,0.66666666666666,1.66666666666666,0.333333333333341,-0.666666666666671,1.33333333333334,-0.666666666666671,-0.666666666666671,-1,1.33333333333334,-0.33333333333333,-0.666666666666671,1,-1,-1,1.33333333333334,1,1,1.66666666666666,-1.33333333333333,-0.666666666666671,-0.33333333333333,-0.666666666666671,-0.666666666666671,-0.666666666666671,1.33333333333334,1,-0.666666666666671,1,-0.33333333333333,1.33333333333334,-0.666666666666671,1,1,0.66666666666666,1,1,0.66666666666666,-1,1.33333333333334,-0.666666666666671,-1,0.66666666666666,-0.33333333333333,1,-1,-0.33333333333333,1,-1.33333333333333,1,1,1,1.33333333333334,-1,-0.666666666666671,0.66666666666666,-0.666666666666671,-0.666666666666671,-0.33333333333333,1,-0.666666666666671,1,-1,-1,-1,-1.33333333333333,-0.666666666666671,-1,1,0,1,-0.33333333333333,-0.33333333333333,1.33333333333334,-1,0.333333333333341,1,1.33333333333334,1.33333333333334,1,-0.666666666666671,-0.666666666666671,-0.666666666666671,1.33333333333334,1.66666666666666,0.66666666666666,-1,0.66666666666666,1.66666666666666,1.33333333333334,-1,-0.666666666666671,-0.33333333333333,1,0.66666666666666,-0.666666666666671,0.66666666666666,-0.666666666666671,0.66666666666666,1,1.33333333333334,-1,1.33333333333334,-1.33333333333333,1.33333333333334,0.66666666666666,-0.33333333333333,1,-1,1,1.33333333333334,1.66666666666666,1,-0.666666666666671,-1,-0.666666666666671,1.66666666666666,-0.666666666666671,1,-1,1.33333333333334,-1,-0.33333333333333,1.33333333333334,1,1,-1.33333333333333,0.333333333333341,0,0.66666666666666,-0.666666666666671,-0.666666666666671,1.33333333333334,0.66666666666666,1.33333333333334,1,0.66666666666666,1,-1,1,-0.666666666666671,1.33333333333334,-1,-0.666666666666671,0.66666666666666,1,1.33333333333334,-0.666666666666671,-0.666666666666671,-0.666666666666671,0.66666666666666,-0.666666666666671,0.66666666666666,0.66666666666666,1.33333333333334,-0.666666666666671,1.33333333333334,-0.666666666666671,1,1.66666666666666,1.33333333333334,1.33333333333334,1,-0.666666666666671,0.66666666666666,1,1.33333333333334,1,1,-0.666666666666671,1.33333333333334,1.33333333333334,0.333333333333341,1,1.66666666666666,1.33333333333334,0.333333333333341,1
3,-2.12121212121212,-1.81818181818182,-0.60606060606061,-2.12121212121212,-1.51515151515151,-2.12121212121212,-0.303030303030305,-0.303030303030305,-2.12121212121212,-2.42424242424243,0,-0.303030303030305,-0.60606060606061,-2.12121212121212,-2.12121212121212,-1.81818181818182,-1.81818181818182,-1.51515151515151,-2.12121212121212,-0.909090909090904,-2.72727272727272,-0.60606060606061,-2.12121212121212,-1.81818181818182,-2.42424242424243,-0.303030303030305,-1.81818181818182,-0.909090909090904,-0.909090909090904,-0.909090909090904,-2.12121212121212,-2.12121212121212,-2.42424242424243,-1.51515151515151,-1.81818181818182,-0.60606060606061,-0.60606060606061,-2.42424242424243,-1.51515151515151,-1.51515151515151,-0.303030303030305,0,-2.42424242424243,-2.42424242424243,-0.60606060606061,-2.42424242424243,-1.81818181818182,-2.12121212121212,-1.21212121212121,-0.60606060606061,-0.909090909090904,-0.909090909090904,-1.51515151515151,-0.303030303030305,-2.12121212121212,-1.81818181818182,-1.81818181818182,-0.60606060606061,-0.60606060606061,-0.909090909090904,-0.60606060606061,0,-1.21212121212121,-2.12121212121212,-0.909090909090904,-2.12121212121212,-2.42424242424243,-2.42424242424243,0,-1.81818181818182,-2.42424242424243,-0.60606060606061,-2.42424242424243,-2.42424242424243,-0.909090909090904,-0.60606060606061,-0.909090909090904,-0.60606060606061,-2.72727272727272,-2.12121212121212,-2.12121212121212,-2.12121212121212,-2.12121212121212,-1.81818181818182,-0.60606060606061,-0.909090909090904,-2.12121212121212,-0.909090909090904,-2.12121212121212,-0.60606060606061,-2.12121212121212,-0.303030303030305,-0.60606060606061,-0.60606060606061,-0.303030303030305,-0.60606060606061,-0.909090909090904,-2.72727272727272,-0.303030303030305,-2.42424242424243,-2.42424242424243,-0.909090909090904,-2.42424242424243,-0.909090909090904,-2.42424242424243,-1.81818181818182,-0.303030303030305,-2.42424242424243,0,-0.303030303030305,-0.909090909090904,0,-1.81818181818182,-1.81818181818182,-0.60606060606061,-1.81818181818182,-2.12121212121212,-2.12121212121212,-0.909090909090904,-2.12121212121212,-0.60606060606061,-2.42424242424243,-2.42424242424243,-2.42424242424243,-2.42424242424243,-2.12121212121212,-2.12121212121212,-0.60606060606061,-1.51515151515151,-0.909090909090904,-1.51515151515151,-2.12121212121212,-0.303030303030305,-2.42424242424243,-1.21212121212121,-0.60606060606061,-0.303030303030305,-0.60606060606061,-0.303030303030305,-2.42424242424243,-2.42424242424243,-1.81818181818182,-0.60606060606061,0,-0.60606060606061,-2.42424242424243,-0.303030303030305,0,-0.60606060606061,-2.42424242424243,-1.81818181818182,-2.12121212121212,-0.909090909090904,-0.909090909090904,-2.12121212121212,-0.60606060606061,-2.12121212121212,-0.909090909090904,-0.60606060606061,-0.303030303030305,-1.81818181818182,-0.60606060606061,-2.42424242424243,0,-0.303030303030305,-1.51515151515151,0,-1.81818181818182,-0.303030303030305,-0.303030303030305,0,-0.909090909090904,-2.12121212121212,-2.12121212121212,-2.42424242424243,0,-1.51515151515151,-0.303030303030305,-1.81818181818182,-0.909090909090904,-2.42424242424243,-2.42424242424243,-0.60606060606061,-0.60606060606061,-0.60606060606061,-2.42424242424243,-0.60606060606061,-1.51515151515151,-0.60606060606061,-2.12121212121212,-2.12121212121212,-0.60606060606061,-0.60606060606061,-0.60606060606061,-0.60606060606061,-0.60606060606061,-1.21212121212121,-2.72727272727272,-0.303030303030305,-1.81818181818182,-0.303030303030305,-1.81818181818182,-2.12121212121212,-0.303030303030305,-0.303030303030305,-0.303030303030305,-1.81818181818182,-2.12121212121212,-2.12121212121212,-0.303030303030305,-2.42424242424243,-0.60606060606061,-0.60606060606061,-0.60606060606061,-2.12121212121212,-0.60606060606061,-2.12121212121212,-0.909090909090904,0,-0.303030303030305,0,-0.60606060606061,-1.81818181818182,-0.60606060606061,-0.909090909090904,-0.303030303030305,-0.60606060606061,-0.60606060606061,-1.81818181818182,-0.303030303030305,-0.60606060606061,-0.909090909090904,0,0,-0.303030303030305,-0.60606060606061,-0.60606060606061
4,5.45977011494252,2.87356321839081,4.88505747126438,5.74712643678161,5.45977011494252,2.87356321839081,4.59770114942528,6.32183908045978,5.17241379310345,2.87356321839081,6.89655172413792,4.59770114942528,4.59770114942528,3.16091954022988,2.58620689655173,2.58620689655173,3.16091954022988,5.74712643678161,3.16091954022988,4.59770114942528,5.17241379310345,4.02298850574712,2.58620689655173,3.16091954022988,2.87356321839081,6.60919540229885,3.16091954022988,6.60919540229885,6.89655172413792,4.31034482758621,5.45977011494252,3.16091954022988,2.87356321839081,3.16091954022988,3.16091954022988,6.60919540229885,7.18390804597702,5.17241379310345,3.16091954022988,5.17241379310345,6.60919540229885,4.88505747126438,5.45977011494252,5.45977011494252,6.89655172413792,2.58620689655173,5.17241379310345,5.17241379310345,4.02298850574712,6.89655172413792,7.18390804597702,4.31034482758621,5.17241379310345,6.60919540229885,3.44827586206897,3.44827586206897,2.87356321839081,4.31034482758621,6.60919540229885,6.60919540229885,4.31034482758621,7.18390804597702,6.60919540229885,3.16091954022988,4.59770114942528,2.87356321839081,5.17241379310345,2.87356321839081,6.60919540229885,5.45977011494252,2.58620689655173,4.88505747126438,2.58620689655173,5.17241379310345,7.18390804597702,4.31034482758621,6.89655172413792,6.60919540229885,4.88505747126438,5.45977011494252,2.87356321839081,5.74712643678161,5.45977011494252,5.74712643678161,4.59770114942528,6.60919540229885,5.17241379310345,6.60919540229885,5.74712643678161,4.02298850574712,3.16091954022988,4.88505747126438,6.89655172413792,4.31034482758621,4.31034482758621,6.60919540229885,6.32183908045978,5.45977011494252,6.89655172413792,3.16091954022988,4.88505747126438,6.60919540229885,5.17241379310345,6.32183908045978,2.87356321839081,2.87356321839081,4.59770114942528,5.17241379310345,4.88505747126438,4.88505747126438,4.31034482758621,6.60919540229885,5.74712643678161,3.16091954022988,4.31034482758621,2.87356321839081,3.16091954022988,5.45977011494252,6.60919540229885,3.16091954022988,7.18390804597702,3.16091954022988,2.87356321839081,2.87356321839081,5.17241379310345,5.45977011494252,2.58620689655173,4.31034482758621,5.45977011494252,7.18390804597702,5.45977011494252,3.44827586206897,4.02298850574712,3.16091954022988,4.31034482758621,4.31034482758621,6.89655172413792,6.32183908045978,4.31034482758621,2.87356321839081,5.17241379310345,5.45977011494252,6.89655172413792,6.89655172413792,6.89655172413792,2.87356321839081,6.89655172413792,6.60919540229885,4.31034482758621,2.87356321839081,3.44827586206897,3.16091954022988,4.31034482758621,4.31034482758621,2.87356321839081,6.89655172413792,5.74712643678161,6.60919540229885,7.18390804597702,4.88505747126438,2.58620689655173,6.89655172413792,3.16091954022988,4.88505747126438,4.02298850574712,5.17241379310345,6.60919540229885,2.87356321839081,4.31034482758621,7.18390804597702,6.89655172413792,6.32183908045978,2.87356321839081,4.88505747126438,2.58620689655173,6.89655172413792,5.17241379310345,6.32183908045978,5.74712643678161,4.31034482758621,5.45977011494252,4.88505747126438,6.32183908045978,4.02298850574712,4.31034482758621,5.45977011494252,4.59770114942528,3.44827586206897,4.31034482758621,3.16091954022988,5.17241379310345,4.59770114942528,4.59770114942528,4.88505747126438,6.89655172413792,4.31034482758621,4.31034482758621,5.45977011494252,4.88505747126438,5.17241379310345,4.31034482758621,5.74712643678161,5.45977011494252,6.60919540229885,6.89655172413792,6.60919540229885,3.16091954022988,5.45977011494252,2.87356321839081,4.02298850574712,4.88505747126438,4.02298850574712,4.59770114942528,4.88505747126438,5.74712643678161,4.59770114942528,5.17241379310345,6.60919540229885,6.60919540229885,6.60919540229885,4.59770114942528,6.60919540229885,5.17241379310345,4.31034482758621,4.59770114942528,6.89655172413792,6.89655172413792,6.60919540229885,3.16091954022988,4.31034482758621,6.32183908045978,4.31034482758621,4.88505747126438,4.88505747126438,4.31034482758621,6.89655172413792,4.59770114942528
5,14.4772117962467,10.9919571045576,12.8686327077748,13.941018766756,13.4048257372654,11.7962466487936,12.6005361930295,15.2815013404826,13.6729222520107,11.5281501340483,15.0134048257373,13.1367292225201,12.6005361930295,11.260053619303,11.5281501340483,11.5281501340483,11.5281501340483,14.2091152815014,11.7962466487936,12.6005361930295,13.4048257372654,12.3324396782842,11.5281501340483,11.260053619303,11.260053619303,15.0134048257373,10.9919571045576,15.5495978552279,15.2815013404826,13.4048257372654,14.2091152815014,11.260053619303,11.7962466487936,11.260053619303,10.9919571045576,15.0134048257373,15.5495978552279,14.2091152815014,11.5281501340483,13.941018766756,15.2815013404826,12.6005361930295,13.6729222520107,13.6729222520107,15.5495978552279,11.5281501340483,13.4048257372654,13.4048257372654,12.3324396782842,15.0134048257373,15.5495978552279,13.1367292225201,13.941018766756,15.8176943699732,11.260053619303,11.7962466487936,10.9919571045576,12.6005361930295,15.2815013404826,15.0134048257373,12.3324396782842,15.0134048257373,15.0134048257373,11.5281501340483,13.1367292225201,11.5281501340483,13.941018766756,10.9919571045576,15.2815013404826,14.4772117962467,11.7962466487936,12.6005361930295,11.260053619303,13.4048257372654,15.8176943699732,12.6005361930295,15.5495978552279,15.5495978552279,13.941018766756,14.2091152815014,10.9919571045576,13.941018766756,13.941018766756,13.6729222520107,13.1367292225201,15.5495978552279,13.6729222520107,14.745308310992,13.6729222520107,12.6005361930295,11.7962466487936,12.6005361930295,15.2815013404826,12.6005361930295,12.3324396782842,15.5495978552279,15.0134048257373,13.6729222520107,15.0134048257373,10.9919571045576,13.941018766756,15.0134048257373,13.941018766756,15.2815013404826,11.260053619303,11.260053619303,13.1367292225201,13.6729222520107,13.1367292225201,13.1367292225201,12.8686327077748,14.745308310992,13.6729222520107,11.260053619303,12.3324396782842,11.260053619303,10.9919571045576,14.2091152815014,15.0134048257373,11.260053619303,15.0134048257373,11.260053619303,11.260053619303,11.7962466487936,13.4048257372654,14.2091152815014,11.5281501340483,13.1367292225201,13.6729222520107,15.0134048257373,13.6729222520107,11.260053619303,13.1367292225201,11.5281501340483,12.6005361930295,12.6005361930295,15.0134048257373,15.0134048257373,12.8686327077748,10.9919571045576,13.941018766756,14.2091152815014,15.0134048257373,14.745308310992,15.0134048257373,11.7962466487936,15.2815013404826,14.745308310992,12.3324396782842,11.5281501340483,11.260053619303,11.5281501340483,13.1367292225201,12.8686327077748,11.260053619303,15.0134048257373,13.6729222520107,14.745308310992,15.0134048257373,13.1367292225201,11.5281501340483,15.0134048257373,11.7962466487936,13.1367292225201,12.3324396782842,13.4048257372654,15.2815013404826,11.7962466487936,12.6005361930295,15.0134048257373,15.5495978552279,15.2815013404826,11.7962466487936,13.941018766756,11.5281501340483,14.745308310992,13.941018766756,15.5495978552279,14.2091152815014,12.3324396782842,13.6729222520107,13.6729222520107,14.745308310992,12.3324396782842,12.3324396782842,14.2091152815014,13.1367292225201,11.260053619303,12.3324396782842,11.7962466487936,13.4048257372654,13.1367292225201,12.6005361930295,12.8686327077748,15.5495978552279,12.8686327077748,13.1367292225201,14.2091152815014,13.1367292225201,13.941018766756,12.8686327077748,13.6729222520107,13.4048257372654,15.0134048257373,14.745308310992,15.2815013404826,11.5281501340483,13.6729222520107,11.7962466487936,12.8686327077748,13.941018766756,12.8686327077748,12.8686327077748,13.1367292225201,14.4772117962467,12.6005361930295,13.941018766756,15.5495978552279,15.2815013404826,15.2815013404826,13.4048257372654,15.0134048257373,13.6729222520107,12.8686327077748,12.3324396782842,15.2815013404826,15.8176943699732,15.2815013404826,11.260053619303,13.1367292225201,14.745308310992,12.6005361930295,13.1367292225201,13.1367292225201,12.3324396782842,15.0134048257373,12.6005361930295
6,13.8539042821159,10.0755667506297,19.1435768261965,13.8539042821159,20.9068010075567,19.647355163728,10.831234256927,12.5944584382871,13.8539042821159,11.5869017632242,12.3425692695214,18.1360201511335,10.831234256927,11.3350125944584,11.3350125944584,12.0906801007557,12.0906801007557,13.3501259445844,11.0831234256927,10.3274559193955,13.6020151133501,10.5793450881612,19.1435768261965,11.3350125944584,10.831234256927,12.5944584382871,10.831234256927,21.4105793450882,13.8539042821159,11.5869017632242,13.6020151133501,18.639798488665,19.1435768261965,18.639798488665,11.3350125944584,13.0982367758187,14.1057934508816,13.6020151133501,11.3350125944584,13.3501259445844,14.1057934508816,19.3954659949622,13.6020151133501,13.0982367758187,21.6624685138539,10.831234256927,13.6020151133501,13.6020151133501,10.831234256927,13.8539042821159,14.1057934508816,11.3350125944584,13.6020151133501,21.9143576826196,11.0831234256927,18.639798488665,11.0831234256927,10.3274559193955,13.8539042821159,13.3501259445844,10.831234256927,12.8463476070529,12.5944584382871,11.5869017632242,19.1435768261965,11.0831234256927,14.1057934508816,9.82367758186398,14.1057934508816,21.6624685138539,11.5869017632242,10.0755667506297,11.0831234256927,13.0982367758187,21.6624685138539,18.1360201511335,13.8539042821159,13.6020151133501,13.6020151133501,14.3576826196474,11.0831234256927,13.8539042821159,13.6020151133501,13.6020151133501,11.5869017632242,21.1586901763224,13.6020151133501,14.1057934508816,13.8539042821159,11.3350125944584,11.3350125944584,18.1360201511335,14.1057934508816,10.831234256927,10.831234256927,13.6020151133501,20.1511335012595,12.3425692695214,12.8463476070529,18.1360201511335,21.9143576826196,13.6020151133501,13.8539042821159,14.6095717884131,10.831234256927,18.8916876574307,18.8916876574307,13.3501259445844,11.5869017632242,11.5869017632242,11.0831234256927,13.0982367758187,12.8463476070529,11.0831234256927,11.5869017632242,11.0831234256927,10.3274559193955,21.6624685138539,21.4105793450882,10.831234256927,13.3501259445844,10.3274559193955,10.831234256927,19.647355163728,12.8463476070529,13.0982367758187,11.5869017632242,18.8916876574307,13.0982367758187,12.8463476070529,13.8539042821159,17.8841309823678,11.8387909319899,11.5869017632242,10.5793450881612,19.3954659949622,12.8463476070529,21.4105793450882,11.8387909319899,10.831234256927,14.3576826196474,12.5944584382871,13.0982367758187,13.6020151133501,20.6549118387909,19.1435768261965,13.0982367758187,13.0982367758187,9.82367758186398,19.8992443324937,18.8916876574307,18.8916876574307,11.3350125944584,10.831234256927,11.0831234256927,13.6020151133501,20.6549118387909,13.6020151133501,13.3501259445844,19.1435768261965,11.0831234256927,20.9068010075567,18.8916876574307,11.5869017632242,10.5793450881612,21.1586901763224,13.6020151133501,10.831234256927,10.5793450881612,20.9068010075567,14.1057934508816,14.1057934508816,18.8916876574307,14.3576826196474,11.5869017632242,12.8463476070529,22.1662468513854,13.6020151133501,20.6549118387909,18.3879093198992,21.1586901763224,21.6624685138539,13.3501259445844,18.3879093198992,18.639798488665,14.1057934508816,18.639798488665,10.5793450881612,19.1435768261965,11.8387909319899,13.0982367758187,11.0831234256927,19.3954659949622,19.3954659949622,13.8539042821159,10.831234256927,11.5869017632242,13.8539042821159,10.831234256927,13.6020151133501,11.5869017632242,13.3501259445844,13.0982367758187,13.0982367758187,21.1586901763224,13.6020151133501,11.8387909319899,13.8539042821159,18.8916876574307,18.8916876574307,22.6700251889169,18.639798488665,10.831234256927,11.3350125944584,13.8539042821159,10.3274559193955,13.6020151133501,13.3501259445844,12.8463476070529,13.0982367758187,11.5869017632242,13.0982367758187,13.6020151133501,19.3954659949622,10.5793450881612,13.8539042821159,21.9143576826196,13.0982367758187,10.831234256927,10.831234256927,13.8539042821159,18.8916876574307,18.3879093198992,11.3350125944584,11.0831234256927,13.6020151133501,11.0831234256927
7,15.7384987893463,3.87409200968523,12.8329297820823,15.0121065375303,15.0121065375303,12.8329297820823,11.864406779661,7.50605326876512,7.50605326876512,5.56900726392251,15.2542372881356,12.590799031477,5.81113801452784,5.56900726392251,4.60048426150121,5.81113801452784,4.60048426150121,7.50605326876512,4.60048426150121,13.317191283293,7.99031476997578,12.3486682808717,11.3801452784504,4.84261501210654,12.8329297820823,7.50605326876512,4.84261501210654,15.0121065375303,16.2227602905569,5.81113801452784,6.77966101694916,13.0750605326877,12.590799031477,12.1065375302663,4.35835351089588,7.99031476997578,8.9588377723971,6.77966101694916,12.1065375302663,14.2857142857143,7.99031476997578,14.043583535109,7.99031476997578,6.77966101694916,15.7384987893463,11.6222760290557,7.74818401937045,14.043583535109,5.81113801452784,8.23244552058111,8.23244552058111,5.32687651331718,15.0121065375303,16.9491525423729,13.0750605326877,12.1065375302663,4.11622276029056,12.1065375302663,8.23244552058111,8.71670702179177,6.05326876513317,8.23244552058111,14.7699757869249,5.32687651331718,13.8014527845036,12.590799031477,7.50605326876512,3.87409200968523,15.2542372881356,15.2542372881356,4.11622276029056,6.05326876513317,12.590799031477,15.0121065375303,15.4963680387409,13.8014527845036,7.74818401937045,15.0121065375303,14.7699757869249,7.99031476997578,5.32687651331718,7.26392251815982,8.23244552058111,14.7699757869249,12.590799031477,15.2542372881356,15.4963680387409,8.47457627118644,7.74818401937045,6.05326876513317,4.60048426150121,13.8014527845036,15.7384987893463,6.2953995157385,6.2953995157385,7.50605326876512,14.5278450363196,6.77966101694916,15.4963680387409,11.3801452784504,15.7384987893463,16.4648910411622,7.26392251815982,8.9588377723971,4.60048426150121,11.864406779661,13.317191283293,8.47457627118644,5.56900726392251,13.317191283293,6.05326876513317,8.23244552058111,7.26392251815982,12.8329297820823,13.8014527845036,12.3486682808717,3.87409200968523,15.7384987893463,16.2227602905569,4.60048426150121,8.47457627118644,5.32687651331718,12.3486682808717,12.3486682808717,14.7699757869249,7.26392251815982,4.60048426150121,13.0750605326877,15.7384987893463,7.74818401937045,8.23244552058111,11.864406779661,6.2953995157385,12.3486682808717,5.81113801452784,13.5593220338983,15.4963680387409,15.7384987893463,13.0750605326877,11.864406779661,8.47457627118644,13.8014527845036,7.26392251815982,7.99031476997578,15.9806295399516,11.864406779661,16.2227602905569,15.7384987893463,4.60048426150121,12.590799031477,13.317191283293,12.1065375302663,5.56900726392251,5.08474576271187,5.32687651331718,17.1912832929782,14.7699757869249,8.71670702179177,7.74818401937045,14.5278450363196,3.87409200968523,15.7384987893463,13.317191283293,5.32687651331718,5.32687651331718,15.0121065375303,16.7070217917676,5.08474576271187,4.84261501210654,15.2542372881356,16.7070217917676,8.23244552058111,12.590799031477,15.0121065375303,4.60048426150121,7.50605326876512,15.4963680387409,14.7699757869249,15.2542372881356,13.0750605326877,15.7384987893463,14.7699757869249,8.71670702179177,13.0750605326877,12.3486682808717,15.2542372881356,12.590799031477,12.590799031477,13.8014527845036,5.32687651331718,7.26392251815982,12.3486682808717,13.5593220338983,12.3486682808717,15.7384987893463,5.08474576271187,6.2953995157385,8.47457627118644,5.81113801452784,7.26392251815982,4.84261501210654,15.0121065375303,7.99031476997578,9.20096852300243,15.2542372881356,8.9588377723971,5.32687651331718,8.23244552058111,13.317191283293,12.3486682808717,15.9806295399516,12.3486682808717,6.05326876513317,13.5593220338983,6.77966101694916,5.08474576271187,7.26392251815982,7.74818401937045,7.26392251815982,7.50605326876512,6.2953995157385,15.4963680387409,7.02179176755449,13.317191283293,4.84261501210654,8.47457627118644,16.2227602905569,8.23244552058111,5.32687651331718,5.81113801452784,7.99031476997578,13.0750605326877,12.590799031477,13.0750605326877,5.08474576271187,15.9806295399516,14.043583535109
8,5.98455598455598,8.88030888030888,4.82625482625483,6.37065637065637,7.14285714285714,4.82625482625483,4.44015444015444,12.1621621621622,10.6177606177606,10.2316602316602,6.75675675675675,4.05405405405406,8.68725868725868,8.88030888030888,9.45945945945945,9.65250965250966,9.26640926640927,10.8108108108108,9.07335907335907,4.44015444015444,12.1621621621622,3.86100386100385,4.24710424710424,8.4942084942085,4.63320463320462,11.3899613899614,9.65250965250966,7.52895752895753,7.52895752895753,10.03861003861,11.5830115830116,4.63320463320462,4.63320463320462,4.24710424710424,9.07335907335907,11.1969111969112,12.5482625482626,11.7760617760618,3.86100386100385,7.33590733590734,12.5482625482626,5.21235521235521,10.8108108108108,11.7760617760618,7.14285714285714,3.86100386100385,11.1969111969112,5.5984555984556,9.07335907335907,11.7760617760618,12.3552123552124,9.45945945945945,5.7915057915058,7.33590733590734,4.24710424710424,4.05405405405406,9.65250965250966,4.63320463320462,12.5482625482626,11.3899613899614,9.45945945945945,12.3552123552124,6.56370656370657,8.88030888030888,5.01930501930501,4.63320463320462,11.1969111969112,8.88030888030888,7.33590733590734,6.94980694980696,10.03861003861,10.2316602316602,4.24710424710424,6.56370656370657,7.14285714285714,5.01930501930501,12.1621621621622,7.72200772200773,6.75675675675675,12.3552123552124,9.26640926640927,11.1969111969112,11.3899613899614,5.7915057915058,5.40540540540539,7.33590733590734,6.17760617760619,12.3552123552124,10.6177606177606,9.65250965250966,9.65250965250966,4.05405405405406,6.94980694980696,9.65250965250966,9.45945945945945,11.7760617760618,7.33590733590734,10.8108108108108,7.14285714285714,4.24710424710424,6.94980694980696,7.14285714285714,12.3552123552124,12.3552123552124,9.45945945945945,4.05405405405406,5.21235521235521,10.6177606177606,9.84555984555984,4.63320463320462,9.84555984555984,12.3552123552124,11.003861003861,4.63320463320462,5.01930501930501,3.47490347490347,8.4942084942085,6.75675675675675,7.14285714285714,9.26640926640927,11.5830115830116,9.84555984555984,4.24710424710424,5.01930501930501,6.56370656370657,11.003861003861,8.88030888030888,4.63320463320462,6.56370656370657,11.5830115830116,11.3899613899614,4.05405405405406,10.2316602316602,4.63320463320462,9.84555984555984,4.44015444015444,7.14285714285714,7.14285714285714,5.21235521235521,4.44015444015444,11.7760617760618,7.14285714285714,11.3899613899614,12.3552123552124,6.56370656370657,3.47490347490347,7.72200772200773,7.72200772200773,9.84555984555984,4.05405405405406,3.66795366795367,4.44015444015444,9.65250965250966,10.4247104247104,8.4942084942085,8.4942084942085,6.17760617760619,11.969111969112,11.5830115830116,5.40540540540539,8.68725868725868,6.37065637065637,5.7915057915058,10.2316602316602,9.65250965250966,5.5984555984556,8.10810810810811,9.84555984555984,9.07335907335907,6.94980694980696,6.94980694980696,12.3552123552124,4.82625482625483,6.17760617760619,8.68725868725868,11.1969111969112,7.52895752895753,6.75675675675675,6.75675675675675,3.86100386100385,7.14285714285714,5.40540540540539,11.5830115830116,5.01930501930501,4.05405405405406,5.98455598455598,5.5984555984556,3.47490347490347,5.01930501930501,9.84555984555984,11.1969111969112,4.44015444015444,5.40540540540539,3.66795366795367,7.33590733590734,10.6177606177606,10.03861003861,12.1621621621622,10.03861003861,11.7760617760618,10.03861003861,6.56370656370657,11.7760617760618,11.969111969112,6.56370656370657,12.3552123552124,9.84555984555984,11.1969111969112,5.01930501930501,3.86100386100385,6.37065637065637,5.5984555984556,10.4247104247104,5.01930501930501,11.1969111969112,8.4942084942085,11.003861003861,11.969111969112,12.3552123552124,11.7760617760618,10.8108108108108,7.14285714285714,10.8108108108108,5.7915057915058,9.07335907335907,12.7413127413127,6.94980694980696,12.1621621621622,8.88030888030888,9.45945945945945,11.5830115830116,5.01930501930501,4.82625482625483,5.01930501930501,9.45945945945945,7.14285714285714,5.01930501930501
9,0.407331975560088,8.55397148676171,3.46232179226069,1.22199592668024,3.66598778004072,3.66598778004072,1.42566191446027,8.75763747454175,8.14663951120163,8.35030549898168,0.610997963340121,2.44399185336048,8.14663951120163,8.14663951120163,7.5356415478615,8.55397148676171,8.14663951120163,8.9613034623218,7.94297352342159,1.62932790224033,7.73930753564154,1.62932790224033,2.44399185336048,8.55397148676171,0.814663951120154,8.55397148676171,8.55397148676171,2.64765784114054,0.814663951120154,8.9613034623218,7.73930753564154,4.07331975560081,2.85132382892057,2.85132382892057,7.5356415478615,8.14663951120163,8.14663951120163,8.35030549898168,1.22199592668024,1.22199592668024,7.94297352342159,3.66598778004072,8.35030549898168,7.5356415478615,2.85132382892057,0.610997963340121,8.14663951120163,0.814663951120154,8.14663951120163,7.73930753564154,7.5356415478615,8.14663951120163,1.62932790224033,2.85132382892057,1.62932790224033,3.0549898167006,8.9613034623218,1.62932790224033,7.94297352342159,8.14663951120163,7.5356415478615,8.75763747454175,0.407331975560088,8.55397148676171,3.66598778004072,1.22199592668024,8.55397148676171,7.33197556008147,0.814663951120154,2.85132382892057,7.73930753564154,8.35030549898168,1.01832993890021,1.42566191446027,3.66598778004072,3.0549898167006,8.55397148676171,1.62932790224033,1.01832993890021,8.14663951120163,8.55397148676171,8.55397148676171,8.55397148676171,1.42566191446027,1.22199592668024,3.25865580448066,1.22199592668024,8.35030549898168,7.94297352342159,7.94297352342159,8.55397148676171,2.85132382892057,1.42566191446027,8.14663951120163,8.9613034623218,7.94297352342159,2.85132382892057,7.94297352342159,1.42566191446027,3.0549898167006,3.0549898167006,0.814663951120154,7.73930753564154,8.35030549898168,8.35030549898168,2.44399185336048,3.25865580448066,8.9613034623218,8.75763747454175,1.42566191446027,7.94297352342159,8.35030549898168,8.75763747454175,1.42566191446027,1.01832993890021,1.22199592668024,7.73930753564154,3.86965376782078,3.66598778004072,7.94297352342159,7.94297352342159,8.55397148676171,1.42566191446027,2.85132382892057,1.62932790224033,8.14663951120163,8.75763747454175,3.0549898167006,1.42566191446027,8.35030549898168,8.55397148676171,3.46232179226069,8.35030549898168,1.42566191446027,8.55397148676171,3.66598778004072,1.01832993890021,3.0549898167006,0.610997963340121,1.42566191446027,8.55397148676171,0.203665987780033,8.35030549898168,7.94297352342159,3.25865580448066,2.85132382892057,1.01832993890021,1.42566191446027,7.94297352342159,3.46232179226069,3.66598778004072,3.25865580448066,8.14663951120163,7.5356415478615,8.14663951120163,2.03665987780042,3.25865580448066,8.14663951120163,7.5356415478615,4.07331975560081,7.73930753564154,3.46232179226069,3.25865580448066,7.94297352342159,7.73930753564154,3.0549898167006,1.22199592668024,8.9613034623218,8.14663951120163,3.0549898167006,0.814663951120154,8.14663951120163,3.66598778004072,1.42566191446027,8.9613034623218,7.5356415478615,3.0549898167006,0.610997963340121,3.0549898167006,3.46232179226069,3.25865580448066,3.46232179226069,8.14663951120163,3.46232179226069,3.25865580448066,1.22199592668024,2.64765784114054,1.83299389002036,3.0549898167006,8.9613034623218,8.55397148676171,1.22199592668024,3.86965376782078,2.44399185336048,1.01832993890021,8.55397148676171,8.75763747454175,9.16496945010183,8.75763747454175,8.75763747454175,7.5356415478615,1.42566191446027,8.14663951120163,8.35030549898168,3.0549898167006,8.35030549898168,8.14663951120163,8.14663951120163,3.25865580448066,2.64765784114054,3.86965376782078,2.44399185336048,8.75763747454175,1.62932790224033,7.73930753564154,8.14663951120163,8.14663951120163,8.14663951120163,8.35030549898168,8.55397148676171,9.16496945010183,0.407331975560088,7.5356415478615,3.66598778004072,7.33197556008147,8.14663951120163,3.66598778004072,9.16496945010183,8.55397148676171,8.55397148676171,8.75763747454175,3.66598778004072,2.85132382892057,0.814663951120154,8.14663951120163,1.22199592668024,0.610997963340121
10,13.9846743295019,22.6053639846743,11.1111111111111,12.8352490421456,19.5402298850575,18.7739463601533,10.9195402298851,24.5210727969349,18.5823754789272,16.4750957854406,12.2605363984674,17.816091954023,17.2413793103448,15.5172413793103,23.7547892720307,16.2835249042146,23.7547892720307,18.007662835249,16.2835249042146,19.9233716475096,26.2452107279693,11.8773946360153,17.6245210727969,17.816091954023,19.9233716475096,24.1379310344828,15.5172413793103,13.7931034482759,21.0727969348659,17.0498084291188,25.095785440613,19.5402298850575,13.2183908045977,19.1570881226054,23.3716475095785,24.5210727969349,23.7547892720307,24.3295019157088,19.7318007662835,20.8812260536398,25.6704980842912,18.9655172413793,17.6245210727969,17.6245210727969,13.9846743295019,11.1111111111111,16.4750957854406,13.2183908045977,24.904214559387,25.095785440613,16.8582375478927,23.9463601532567,18.5823754789272,13.0268199233716,10.727969348659,12.0689655172414,15.7088122605364,11.1111111111111,19.3486590038314,17.816091954023,24.1379310344828,24.1379310344828,11.8773946360153,16.2835249042146,13.2183908045977,18.7739463601533,18.7739463601533,16.0919540229885,20.1149425287356,19.5402298850575,22.4137931034483,24.7126436781609,11.1111111111111,13.9846743295019,12.4521072796935,11.8773946360153,23.5632183908046,20.1149425287356,19.7318007662835,18.3908045977011,22.6053639846743,24.7126436781609,17.2413793103448,18.7739463601533,11.3026819923372,19.7318007662835,19.9233716475096,17.2413793103448,23.9463601532567,22.9885057471264,16.2835249042146,12.8352490421456,21.264367816092,24.3295019157088,18.5823754789272,23.5632183908046,13.9846743295019,16.2835249042146,19.7318007662835,18.007662835249,13.2183908045977,12.8352490421456,24.7126436781609,24.5210727969349,16.8582375478927,20.3065134099617,18.3908045977011,16.6666666666667,22.9885057471264,13.7931034482759,23.9463601532567,17.0498084291188,24.904214559387,11.3026819923372,17.4329501915709,18.007662835249,22.2222222222222,19.7318007662835,12.0689655172414,15.9003831417625,16.8582375478927,23.5632183908046,18.3908045977011,19.1570881226054,19.5402298850575,23.5632183908046,16.6666666666667,20.6896551724138,20.3065134099617,24.7126436781609,18.1992337164751,18.007662835249,17.0498084291188,13.6015325670498,24.1379310344828,17.2413793103448,18.3908045977011,14.176245210728,11.6858237547893,11.4942528735632,17.6245210727969,12.4521072796935,19.3486590038314,23.7547892720307,19.7318007662835,17.816091954023,15.1340996168582,13.7931034482759,15.9003831417625,10.727969348659,19.9233716475096,11.1111111111111,17.0498084291188,23.5632183908046,22.6053639846743,19.1570881226054,19.1570881226054,16.8582375478927,24.5210727969349,11.8773946360153,23.1800766283525,11.6858237547893,13.7931034482759,23.5632183908046,16.4750957854406,17.6245210727969,21.0727969348659,24.3295019157088,23.5632183908046,13.0268199233716,21.264367816092,25.095785440613,20.1149425287356,12.8352490421456,24.1379310344828,16.0919540229885,13.6015325670498,18.7739463601533,21.0727969348659,11.1111111111111,20.3065134099617,18.1992337164751,23.3716475095785,13.6015325670498,19.7318007662835,14.367816091954,19.1570881226054,12.0689655172414,11.8773946360153,23.5632183908046,18.9655172413793,12.6436781609195,18.7739463601533,11.3026819923372,13.4099616858238,22.4137931034483,24.7126436781609,24.7126436781609,18.1992337164751,18.5823754789272,17.2413793103448,19.3486590038314,25.095785440613,23.3716475095785,20.1149425287356,25.095785440613,18.1992337164751,19.1570881226054,13.0268199233716,19.3486590038314,19.3486590038314,18.1992337164751,16.6666666666667,18.1992337164751,23.9463601532567,15.3256704980843,18.3908045977011,18.7739463601533,23.5632183908046,18.3908045977011,23.5632183908046,19.1570881226054,26.4367816091954,18.7739463601533,16.4750957854406,19.3486590038314,21.0727969348659,24.904214559387,17.2413793103448,24.1379310344828,24.3295019157088,18.1992337164751,18.5823754789272,10.9195402298851,24.7126436781609,21.8390804597701,13.0268199233716
11,16.7763157894737,14.1447368421053,9.86842105263157,16.7763157894737,11.8421052631579,11.5131578947368,14.4736842105263,16.1184210526316,17.1052631578947,15.1315789473684,10.6907894736842,13.3223684210526,15.2960526315789,14.6381578947368,15.1315789473684,22.8618421052632,14.3092105263158,15.2960526315789,22.6973684210526,12.5,16.9407894736842,9.86842105263157,13.6513157894737,15.9539473684211,11.3486842105263,15.4605263157895,18.9144736842105,16.1184210526316,12.6644736842105,14.9671052631579,17.2697368421053,11.8421052631579,11.1842105263158,11.8421052631579,14.1447368421053,15.9539473684211,14.8026315789474,15.625,11.8421052631579,20.3947368421053,16.4473684210526,11.5131578947368,16.1184210526316,15.7894736842105,12.5,9.86842105263157,22.8618421052632,12.1710526315789,15.2960526315789,24.3421052631579,14.9671052631579,14.8026315789474,15.2960526315789,15.9539473684211,10.3618421052632,10.5263157894737,14.4736842105263,15.2960526315789,16.2828947368421,20.7236842105263,22.8618421052632,15.625,15.2960526315789,14.3092105263158,12.0065789473684,10.8552631578947,16.4473684210526,14.4736842105263,11.6776315789474,11.3486842105263,14.6381578947368,16.2828947368421,10.3618421052632,12.8289473684211,11.3486842105263,10.6907894736842,14.1447368421053,15.4605263157895,12.5,24.1776315789474,14.3092105263158,16.9407894736842,15.2960526315789,10.8552631578947,13.3223684210526,11.6776315789474,16.4473684210526,15.7894736842105,14.9671052631579,14.6381578947368,20.0657894736842,12.1710526315789,12.8289473684211,15.4605263157895,24.5065789473684,21.875,15.4605263157895,22.8618421052632,11.3486842105263,13.8157894736842,12.0065789473684,11.3486842105263,16.1184210526316,15.7894736842105,23.8486842105263,16.4473684210526,11.0197368421053,14.8026315789474,22.2039473684211,12.6644736842105,14.8026315789474,15.4605263157895,16.1184210526316,10.5263157894737,9.86842105263157,10.6907894736842,13.6513157894737,12.1710526315789,10.5263157894737,14.6381578947368,19.9013157894737,15.4605263157895,14.9671052631579,12.0065789473684,11.1842105263158,16.1184210526316,19.9013157894737,15.7894736842105,13.4868421052632,16.1184210526316,21.3815789473684,10.0328947368421,14.1447368421053,12.3355263157895,14.8026315789474,10.3618421052632,10.3618421052632,12.5,15.9539473684211,10.8552631578947,16.4473684210526,11.3486842105263,16.4473684210526,19.7368421052632,12.6644736842105,10.1973684210526,14.3092105263158,19.2434210526316,18.9144736842105,9.53947368421053,16.1184210526316,10.1973684210526,15.2960526315789,23.0263157894737,14.9671052631579,18.75,10.6907894736842,19.7368421052632,20.5592105263158,13.9802631578947,14.3092105263158,10.5263157894737,13.6513157894737,14.6381578947368,14.4736842105263,10.5263157894737,12.9934210526316,15.4605263157895,19.7368421052632,14.9671052631579,12.3355263157895,16.2828947368421,11.6776315789474,12.3355263157895,24.1776315789474,14.6381578947368,16.6118421052632,11.3486842105263,12.6644736842105,9.86842105263157,12.9934210526316,18.75,14.6381578947368,15.1315789473684,11.0197368421053,12.5,10.6907894736842,12.1710526315789,10.0328947368421,19.4078947368421,17.5986842105263,11.0197368421053,18.2565789473684,14.4736842105263,13.1578947368421,14.6381578947368,16.1184210526316,16.2828947368421,24.0131578947368,20.7236842105263,22.3684210526316,11.6776315789474,24.1776315789474,14.9671052631579,12.0065789473684,23.8486842105263,21.0526315789474,17.7631578947368,11.1842105263158,10.6907894736842,11.1842105263158,10.5263157894737,15.1315789473684,11.1842105263158,15.4605263157895,13.4868421052632,16.7763157894737,16.7763157894737,14.6381578947368,15.9539473684211,14.1447368421053,17.9276315789474,22.0394736842105,18.5855263157895,14.8026315789474,16.2828947368421,12.8289473684211,16.6118421052632,16.1184210526316,15.7894736842105,15.2960526315789,9.86842105263157,10.5263157894737,17.4342105263158,15.9539473684211,12.9934210526316,19.7368421052632
12,7.39191073919108,11.1576011157601,7.53138075313808,7.39191073919108,8.22873082287308,8.50767085076709,7.25244072524407,12.1338912133891,12.2733612273361,12.4128312412831,5.85774058577406,7.94979079497908,13.5285913528591,10.4602510460251,12.1338912133891,11.4365411436541,11.8549511854951,11.8549511854951,12.5523012552301,9.34449093444909,12.4128312412831,6.69456066945606,6.55509065550905,13.5285913528591,7.25244072524407,11.4365411436541,10.8786610878661,8.78661087866108,8.22873082287308,12.4128312412831,11.8549511854951,9.0655509065551,8.64714086471407,9.34449093444909,11.8549511854951,11.9944211994421,10.1813110181311,11.5760111576011,8.50767085076709,8.08926080892609,11.4365411436541,9.4839609483961,12.1338912133891,10.8786610878661,9.4839609483961,6.83403068340307,10.3207810320781,6.69456066945606,13.2496513249651,12.4128312412831,11.2970711297071,12.6917712691771,7.53138075313808,8.92608089260809,6.83403068340307,8.78661087866108,11.9944211994421,7.67085076708507,12.2733612273361,10.3207810320781,11.7154811715481,11.8549511854951,6.55509065550905,11.5760111576011,9.9023709902371,7.11297071129706,12.8312412831241,11.4365411436541,6.97350069735008,8.08926080892609,11.0181311018131,12.9707112970711,6.69456066945606,8.64714086471407,8.36820083682008,8.64714086471407,11.9944211994421,6.69456066945606,6.97350069735008,11.2970711297071,11.7154811715481,12.1338912133891,12.5523012552301,6.41562064156207,6.55509065550905,8.92608089260809,7.11297071129706,12.4128312412831,11.1576011157601,11.8549511854951,11.2970711297071,9.6234309623431,7.39191073919108,13.2496513249651,13.8075313807531,10.4602510460251,8.36820083682008,10.3207810320781,8.22873082287308,7.25244072524407,10.3207810320781,6.97350069735008,12.1338912133891,12.9707112970711,12.9707112970711,9.6234309623431,8.50767085076709,11.4365411436541,10.5997210599721,9.34449093444909,12.8312412831241,12.2733612273361,12.9707112970711,7.81032078103208,6.55509065550905,6.83403068340307,11.7154811715481,9.34449093444909,8.92608089260809,11.9944211994421,11.2970711297071,11.9944211994421,7.25244072524407,9.0655509065551,7.53138075313808,11.4365411436541,11.9944211994421,9.34449093444909,9.34449093444909,11.7154811715481,10.3207810320781,9.0655509065551,11.7154811715481,7.67085076708507,12.2733612273361,7.53138075313808,5.99721059972107,8.92608089260809,7.11297071129706,7.11297071129706,12.2733612273361,5.85774058577406,12.1338912133891,11.2970711297071,9.4839609483961,7.25244072524407,8.22873082287308,7.81032078103208,11.4365411436541,7.67085076708507,9.20502092050208,8.22873082287308,12.6917712691771,11.2970711297071,12.4128312412831,7.11297071129706,8.08926080892609,11.4365411436541,11.4365411436541,7.94979079497908,11.9944211994421,7.67085076708507,8.92608089260809,11.4365411436541,11.9944211994421,7.11297071129706,8.22873082287308,12.6917712691771,12.5523012552301,8.64714086471407,8.36820083682008,13.5285913528591,9.34449093444909,6.83403068340307,13.8075313807531,11.7154811715481,8.78661087866108,5.71827057182706,8.92608089260809,7.11297071129706,9.9023709902371,8.22873082287308,12.1338912133891,9.76290097629009,9.0655509065551,7.94979079497908,7.94979079497908,9.76290097629009,7.81032078103208,11.9944211994421,12.2733612273361,8.64714086471407,9.0655509065551,6.97350069735008,7.25244072524407,11.8549511854951,12.5523012552301,11.9944211994421,12.2733612273361,12.5523012552301,11.9944211994421,6.69456066945606,11.5760111576011,11.7154811715481,7.25244072524407,12.8312412831241,12.9707112970711,11.8549511854951,8.08926080892609,8.22873082287308,7.94979079497908,8.22873082287308,11.2970711297071,5.85774058577406,11.1576011157601,11.4365411436541,12.4128312412831,13.3891213389121,11.2970711297071,12.6917712691771,12.5523012552301,5.29986052998606,12.5523012552301,9.76290097629009,11.0181311018131,12.6917712691771,9.6234309623431,10.8786610878661,12.1338912133891,13.3891213389121,11.9944211994421,8.36820083682008,6.97350069735008,6.41562064156207,12.2733612273361,8.22873082287308,8.50767085076709
13,16.8463611859838,15.2291105121294,14.2857142857143,17.654986522911,15.4986522911051,15.633423180593,16.4420485175202,16.0377358490566,16.4420485175202,16.0377358490566,14.55525606469,15.633423180593,16.8463611859838,15.633423180593,16.711590296496,16.3072776280323,16.711590296496,16.1725067385445,17.2506738544474,17.1159029649596,17.1159029649596,15.9029649595687,14.9595687331536,18.4636118598383,17.3854447439353,15.3638814016172,16.1725067385445,16.9811320754717,16.8463611859838,16.1725067385445,15.9029649595687,16.8463611859838,15.4986522911051,17.9245283018868,16.3072776280323,16.8463611859838,15.0943396226415,15.2291105121294,16.4420485175202,18.3288409703504,15.633423180593,16.0377358490566,15.633423180593,15.2291105121294,17.654986522911,15.633423180593,15.633423180593,15.4986522911051,17.654986522911,16.4420485175202,14.9595687331536,16.4420485175202,16.711590296496,16.4420485175202,15.633423180593,16.711590296496,16.711590296496,16.8463611859838,15.9029649595687,15.9029649595687,16.711590296496,16.4420485175202,16.3072776280323,16.5768194070081,16.711590296496,15.9029649595687,16.4420485175202,15.3638814016172,16.1725067385445,16.3072776280323,15.4986522911051,16.9811320754717,15.7681940700809,16.4420485175202,16.8463611859838,16.1725067385445,16.9811320754717,16.3072776280323,15.2291105121294,16.1725067385445,16.4420485175202,16.9811320754717,16.5768194070081,15.633423180593,16.3072776280323,16.4420485175202,16.3072776280323,16.711590296496,14.9595687331536,16.4420485175202,17.2506738544474,16.3072776280323,16.0377358490566,18.0592991913747,17.5202156334232,14.4204851752022,17.2506738544474,15.2291105121294,16.5768194070081,16.4420485175202,19.0026954177898,15.633423180593,16.3072776280323,16.8463611859838,17.654986522911,18.1940700808625,15.7681940700809,15.2291105121294,14.9595687331536,18.3288409703504,17.2506738544474,15.4986522911051,17.1159029649596,16.4420485175202,14.4204851752022,15.633423180593,15.7681940700809,15.633423180593,15.0943396226415,16.1725067385445,15.9029649595687,15.7681940700809,17.1159029649596,17.2506738544474,16.711590296496,15.2291105121294,16.5768194070081,16.9811320754717,17.9245283018868,15.3638814016172,15.0943396226415,16.4420485175202,15.633423180593,16.3072776280323,16.0377358490566,14.8247978436658,14.0161725067385,16.0377358490566,17.2506738544474,16.0377358490566,16.5768194070081,15.3638814016172,16.1725067385445,16.0377358490566,16.5768194070081,14.55525606469,16.711590296496,16.9811320754717,16.3072776280323,15.633423180593,17.1159029649596,15.3638814016172,15.9029649595687,15.7681940700809,16.4420485175202,16.5768194070081,16.4420485175202,15.9029649595687,15.633423180593,15.7681940700809,16.3072776280323,14.9595687331536,16.3072776280323,15.7681940700809,16.1725067385445,14.2857142857143,16.8463611859838,16.3072776280323,17.3854447439353,17.2506738544474,16.711590296496,17.2506738544474,17.5202156334232,15.2291105121294,17.654986522911,15.0943396226415,16.8463611859838,14.2857142857143,15.633423180593,14.1509433962264,17.654986522911,16.4420485175202,17.1159029649596,17.9245283018868,16.8463611859838,17.5202156334232,15.0943396226415,18.4636118598383,15.7681940700809,16.9811320754717,16.5768194070081,17.1159029649596,16.8463611859838,15.3638814016172,15.3638814016172,16.1725067385445,16.4420485175202,16.0377358490566,16.9811320754717,17.9245283018868,16.5768194070081,16.9811320754717,17.3854447439353,16.711590296496,14.55525606469,17.2506738544474,18.0592991913747,15.2291105121294,16.0377358490566,14.9595687331536,14.9595687331536,15.9029649595687,15.633423180593,14.55525606469,15.7681940700809,14.9595687331536,16.8463611859838,16.9811320754717,15.9029649595687,16.5768194070081,16.1725067385445,15.3638814016172,17.5202156334232,17.9245283018868,15.3638814016172,16.3072776280323,16.1725067385445,14.9595687331536,16.9811320754717,17.1159029649596,15.9029649595687,15.2291105121294,14.2857142857143,15.633423180593,16.1725067385445,16.8463611859838,16.9811320754717
14,15.8620689655173,13.3793103448276,12.9655172413793,15.448275862069,13.7931034482759,14.2068965517241,14.8965517241379,13.7931034482759,14.8965517241379,14.6206896551724,13.3793103448276,14.0689655172414,14.8965517241379,14.2068965517241,15.1724137931035,15.0344827586207,15.7241379310345,14.3448275862069,15.3103448275862,15.3103448275862,15.5862068965517,14.7586206896552,14.0689655172414,16,15.7241379310345,14.3448275862069,13.9310344827586,15.448275862069,15.5862068965517,14.8965517241379,14.0689655172414,15.3103448275862,14.0689655172414,16.551724137931,15.0344827586207,15.448275862069,13.9310344827586,13.7931034482759,14.7586206896552,16.9655172413793,14.2068965517241,14.2068965517241,13.7931034482759,13.9310344827586,16,14.2068965517241,14.0689655172414,13.5172413793103,15.5862068965517,14.4827586206897,13.6551724137931,14.4827586206897,13.9310344827586,15.0344827586207,13.9310344827586,14.7586206896552,14.4827586206897,14.7586206896552,14.8965517241379,14.6206896551724,15.5862068965517,14.4827586206897,14.6206896551724,14.4827586206897,14.8965517241379,13.7931034482759,14.0689655172414,13.5172413793103,15.1724137931035,14.7586206896552,14.8965517241379,15.1724137931035,14.2068965517241,14.0689655172414,15.8620689655173,15.5862068965517,15.448275862069,14.8965517241379,13.5172413793103,15.3103448275862,14.0689655172414,15.1724137931035,14.7586206896552,13.6551724137931,14.3448275862069,15.448275862069,14.4827586206897,15.0344827586207,12.6896551724138,14.4827586206897,15.448275862069,14.8965517241379,14.3448275862069,16.9655172413793,15.8620689655173,14.3448275862069,15.5862068965517,14.0689655172414,14.8965517241379,14.7586206896552,16.9655172413793,14.7586206896552,14.3448275862069,14.3448275862069,16.1379310344828,16.2758620689655,14.0689655172414,13.6551724137931,13.7931034482759,16.9655172413793,15.5862068965517,14.6206896551724,15.0344827586207,14.7586206896552,12.9655172413793,14.0689655172414,13.9310344827586,13.9310344827586,12.6896551724138,14.3448275862069,14.7586206896552,14.0689655172414,15.8620689655173,15.1724137931035,15.448275862069,13.6551724137931,15.0344827586207,15.1724137931035,15.1724137931035,13.2413793103448,14.3448275862069,14.3448275862069,14.2068965517241,14.3448275862069,14.4827586206897,12.6896551724138,12.6896551724138,15.1724137931035,15.5862068965517,13.7931034482759,14.6206896551724,13.9310344827586,15.0344827586207,14.2068965517241,14.6206896551724,13.1034482758621,15.1724137931035,15.448275862069,14.4827586206897,13.3793103448276,15.7241379310345,13.7931034482759,13.6551724137931,14.4827586206897,14.3448275862069,14.2068965517241,14.2068965517241,14.6206896551724,14.7586206896552,14.6206896551724,14.0689655172414,12.9655172413793,14.3448275862069,14.6206896551724,15.5862068965517,12.9655172413793,14.7586206896552,14.2068965517241,15.3103448275862,15.448275862069,15.3103448275862,16.1379310344828,15.0344827586207,13.3793103448276,15.8620689655173,13.7931034482759,15.7241379310345,12.6896551724138,14.7586206896552,12.6896551724138,15.3103448275862,14.3448275862069,15.448275862069,16,14.8965517241379,15.3103448275862,15.1724137931035,16.551724137931,14.6206896551724,15.0344827586207,14.3448275862069,15.3103448275862,14.6206896551724,14.0689655172414,13.6551724137931,15.3103448275862,14.3448275862069,14.7586206896552,15.1724137931035,16,14.6206896551724,15.1724137931035,15.8620689655173,15.0344827586207,14.2068965517241,15.8620689655173,16.1379310344828,14.7586206896552,14.8965517241379,14.2068965517241,12.8275862068965,15.8620689655173,14.6206896551724,12.8275862068965,14.3448275862069,12.8275862068965,14.7586206896552,15.1724137931035,14.4827586206897,14.8965517241379,14.4827586206897,14.8965517241379,16.2758620689655,15.1724137931035,14.8965517241379,14.3448275862069,15.0344827586207,13.3793103448276,14.6206896551724,15.0344827586207,13.9310344827586,13.6551724137931,13.7931034482759,15.448275862069,15.448275862069,15.3103448275862,15.448275862069
15,14.9544863459038,9.88296488946685,13.2639791937581,14.8244473342003,8.97269180754225,10.2730819245774,14.1742522756827,9.62288686605981,14.8244473342003,14.9544863459038,13.7841352405722,10.0130039011703,14.8244473342003,13.5240572171651,10.6631989596879,14.6944083224968,10.6631989596879,14.1742522756827,15.2145643693108,10.6631989596879,11.5734720416125,13.5240572171651,9.23276983094929,16.1248374512354,10.7932379713914,9.23276983094929,14.4343302990897,16.2548764629389,11.0533159947984,14.8244473342003,10.2730819245774,10.9232769830949,13.2639791937581,12.22366710013,10.4031209362809,10.5331599479844,9.36280884265279,9.75292587776333,9.36280884265279,12.7438231469441,10.5331599479844,9.62288686605981,13.3940182054616,15.0845253576073,15.9947984395319,14.1742522756827,14.4343302990897,13.1339401820546,10.7932379713914,10.7932379713914,13.9141742522757,9.88296488946685,8.97269180754225,15.4746423927178,13.5240572171651,15.6046814044213,15.6046814044213,14.6944083224968,14.8244473342003,14.1742522756827,11.5734720416125,10.4031209362809,15.2145643693108,15.2145643693108,15.0845253576073,10.1430429128739,15.2145643693108,13.9141742522757,9.88296488946685,9.62288686605981,10.6631989596879,11.0533159947984,13.2639791937581,15.0845253576073,15.3446033810143,14.0442132639792,11.3133940182055,10.6631989596879,8.84265279583876,15.3446033810143,10.7932379713914,10.7932379713914,13.9141742522757,9.10273081924577,15.0845253576073,10.4031209362809,10.1430429128739,14.8244473342003,8.84265279583876,10.0130039011703,15.4746423927178,14.3042912873862,10.7932379713914,11.8335500650195,14.9544863459038,9.62288686605981,15.4746423927178,14.8244473342003,10.4031209362809,11.5734720416125,16.6449934980494,14.0442132639792,10.4031209362809,10.7932379713914,15.0845253576073,10.9232769830949,9.75292587776333,12.8738621586476,9.10273081924577,16.2548764629389,10.5331599479844,13.9141742522757,10.4031209362809,14.5643693107932,8.71261378413524,8.71261378413524,9.36280884265279,9.75292587776333,12.7438231469441,14.6944083224968,14.3042912873862,9.88296488946685,11.183355006502,11.3133940182055,10.2730819245774,8.3224967490247,14.5643693107932,10.7932379713914,10.6631989596879,8.97269180754225,14.3042912873862,11.183355006502,14.4343302990897,14.9544863459038,9.62288686605981,7.93237971391418,8.45253576072822,14.9544863459038,15.4746423927178,13.5240572171651,14.4343302990897,14.4343302990897,14.3042912873862,10.2730819245774,11.0533159947984,8.45253576072822,15.0845253576073,15.0845253576073,14.6944083224968,13.7841352405722,10.5331599479844,13.6540962288687,14.4343302990897,10.7932379713914,9.75292587776333,10.4031209362809,10.1430429128739,15.4746423927178,10.1430429128739,14.4343302990897,10.0130039011703,13.5240572171651,14.1742522756827,10.4031209362809,15.4746423927178,8.3224967490247,10.2730819245774,10.1430429128739,10.2730819245774,15.2145643693108,10.2730819245774,11.963589076723,11.3133940182055,14.1742522756827,11.443433029909,13.7841352405722,15.2145643693108,8.97269180754225,10.5331599479844,12.3537061118336,11.5734720416125,9.10273081924577,10.0130039011703,15.6046814044213,10.2730819245774,15.4746423927178,10.4031209362809,15.3446033810143,14.5643693107932,11.183355006502,14.6944083224968,14.8244473342003,10.5331599479844,14.4343302990897,13.6540962288687,11.183355006502,9.88296488946685,10.6631989596879,15.0845253576073,15.4746423927178,14.8244473342003,10.2730819245774,11.963589076723,10.0130039011703,8.71261378413524,11.3133940182055,15.3446033810143,14.3042912873862,15.0845253576073,9.10273081924577,8.84265279583876,11.183355006502,14.8244473342003,9.62288686605981,10.5331599479844,13.3940182054616,14.1742522756827,15.3446033810143,10.4031209362809,14.4343302990897,10.2730819245774,10.4031209362809,11.963589076723,10.6631989596879,14.8244473342003,13.9141742522757,10.1430429128739,8.71261378413524,15.2145643693108,10.5331599479844,9.75292587776333,8.97269180754225,9.62288686605981,14.9544863459038,11.0533159947984,11.3133940182055,15.7347204161248
16,9.93464052287583,4.05228758169935,8.62745098039215,11.2418300653595,4.96732026143791,5.62091503267974,10.4575163398693,5.35947712418301,9.93464052287583,9.93464052287583,8.10457516339869,6.1437908496732,11.1111111111111,9.01960784313724,6.1437908496732,9.41176470588236,6.66666666666667,9.80392156862746,10.4575163398693,6.9281045751634,6.66666666666667,9.93464052287583,6.01307189542484,11.5032679738562,7.18954248366013,4.70588235294118,9.93464052287583,10.3267973856209,5.75163398692811,11.2418300653595,5.22875816993464,6.40522875816993,9.41176470588236,7.58169934640522,5.75163398692811,6.5359477124183,5.22875816993464,5.49019607843138,6.1437908496732,7.45098039215686,5.49019607843138,5.09803921568628,10.1960784313726,9.28104575163398,10.1960784313726,9.41176470588236,9.15032679738561,9.54248366013073,6.01307189542484,5.88235294117647,8.10457516339869,5.49019607843138,6.01307189542484,10.1960784313726,9.93464052287583,9.93464052287583,10.8496732026144,10.0653594771242,9.54248366013073,10.4575163398693,6.79738562091503,5.22875816993464,10.718954248366,10.9803921568628,9.80392156862746,5.49019607843138,10.1960784313726,8.36601307189542,6.9281045751634,6.1437908496732,6.79738562091503,6.27450980392157,10.718954248366,8.75816993464051,11.8954248366013,10.718954248366,6.79738562091503,5.35947712418301,6.27450980392157,10.8496732026144,6.01307189542484,8.62745098039215,10.4575163398693,3.79084967320262,9.80392156862746,6.5359477124183,5.75163398692811,10.718954248366,4.44444444444445,5.22875816993464,11.3725490196078,10.9803921568628,6.1437908496732,7.84313725490196,11.7647058823529,5.49019607843138,10.5882352941177,10.0653594771242,6.66666666666667,6.1437908496732,12.0261437908497,9.93464052287583,6.5359477124183,5.49019607843138,10.718954248366,6.40522875816993,6.79738562091503,8.49673202614378,5.49019607843138,11.8954248366013,6.01307189542484,8.62745098039215,7.05882352941176,11.5032679738562,4.18300653594772,4.31372549019609,3.66013071895426,5.09803921568628,8.36601307189542,9.41176470588236,10.4575163398693,4.57516339869282,7.71241830065359,6.79738562091503,7.05882352941176,4.70588235294118,10.5882352941177,7.32026143790849,6.40522875816993,4.31372549019609,10.4575163398693,6.27450980392157,9.54248366013073,9.41176470588236,6.1437908496732,4.70588235294118,4.57516339869282,10.1960784313726,11.2418300653595,9.41176470588236,9.15032679738561,9.28104575163398,10.1960784313726,4.83660130718955,5.49019607843138,3.79084967320262,9.54248366013073,12.0261437908497,10.4575163398693,9.01960784313724,6.27450980392157,9.54248366013073,8.88888888888888,5.49019607843138,6.5359477124183,5.49019607843138,6.5359477124183,10.1960784313726,5.09803921568628,9.6732026143791,5.22875816993464,7.97385620915032,9.15032679738561,5.49019607843138,9.93464052287583,4.05228758169935,5.75163398692811,5.09803921568628,7.05882352941176,10.8496732026144,5.75163398692811,7.58169934640522,5.62091503267974,8.36601307189542,7.05882352941176,9.54248366013073,10.4575163398693,4.57516339869282,6.40522875816993,8.88888888888888,8.10457516339869,5.75163398692811,6.1437908496732,12.0261437908497,6.1437908496732,10.9803921568628,6.5359477124183,12.4183006535948,10.0653594771242,6.27450980392157,10.3267973856209,10.4575163398693,5.49019607843138,9.15032679738561,9.6732026143791,6.5359477124183,6.27450980392157,6.01307189542484,9.93464052287583,10.9803921568628,10.0653594771242,6.66666666666667,7.71241830065359,5.22875816993464,4.96732026143791,6.40522875816993,12.2875816993464,10.8496732026144,9.41176470588236,5.09803921568628,3.66013071895426,6.9281045751634,12.0261437908497,4.05228758169935,5.62091503267974,9.80392156862746,9.41176470588236,10.9803921568628,6.01307189542484,10.4575163398693,6.1437908496732,5.88235294117647,7.05882352941176,6.40522875816993,10.4575163398693,10.3267973856209,7.71241830065359,3.92156862745099,10.5882352941177,5.09803921568628,5.75163398692811,4.44444444444445,5.22875816993464,11.5032679738562,6.9281045751634,6.40522875816993,10.1960784313726
17,12.0160213618158,17.7570093457944,14.5527369826435,16.0213618157543,15.6208277703605,15.4873164218959,13.4846461949266,12.1495327102804,18.4245660881175,12.8170894526035,16.2883845126836,12.4165554072096,17.2229639519359,14.9532710280374,12.1495327102804,17.0894526034713,15.7543391188251,12.1495327102804,18.1575433911882,13.7516688918558,12.8170894526035,17.3564753004005,12.283044058745,12.8170894526035,12.6835781041388,18.0240320427236,14.5527369826435,14.5527369826435,15.3538050734312,14.1522029372497,12.5500667556742,16.2883845126836,12.283044058745,20.1602136181575,18.0240320427236,11.8825100133511,14.2857142857143,14.018691588785,12.9506008010681,19.6261682242991,12.6835781041388,15.4873164218959,11.7489986648865,17.7570093457944,13.0841121495327,12.6835781041388,11.214953271028,17.7570093457944,11.7489986648865,18.4245660881175,13.7516688918558,11.6154873164219,15.7543391188251,11.214953271028,13.0841121495327,12.8170894526035,12.0160213618158,11.8825100133511,12.4165554072096,12.4165554072096,12.283044058745,12.0160213618158,11.7489986648865,12.283044058745,17.4899866488652,17.6234979973298,12.1495327102804,12.6835781041388,17.3564753004005,13.7516688918558,13.4846461949266,15.3538050734312,14.4192256341789,16.9559412550067,18.5580774365821,18.958611481976,13.4846461949266,12.0160213618158,15.2202937249666,13.0841121495327,15.3538050734312,18.2910547396529,20.2937249666222,12.0160213618158,15.8878504672897,13.4846461949266,14.8197596795728,12.0160213618158,13.4846461949266,15.7543391188251,16.2883845126836,12.8170894526035,13.0841121495327,14.4192256341789,13.0841121495327,12.5500667556742,16.2883845126836,18.2910547396529,15.3538050734312,15.3538050734312,14.6862483311081,18.6915887850467,18.4245660881175,17.4899866488652,19.0921228304406,12.6835781041388,19.0921228304406,13.7516688918558,11.4819759679573,18.1575433911882,12.4165554072096,15.3538050734312,14.4192256341789,14.4192256341789,11.0814419225634,14.6862483311081,11.4819759679573,19.2256341789052,17.2229639519359,11.6154873164219,14.9532710280374,17.0894526034713,16.9559412550067,18.0240320427236,14.1522029372497,11.4819759679573,12.9506008010681,13.351134846462,16.5554072096128,17.6234979973298,15.2202937249666,18.8251001335114,18.8251001335114,12.4165554072096,13.6181575433912,11.6154873164219,11.7489986648865,20.1602136181575,16.5554072096128,11.8825100133511,12.8170894526035,13.2176234979973,12.5500667556742,14.6862483311081,17.890520694259,16.2883845126836,19.7596795727637,14.9532710280374,11.8825100133511,12.1495327102804,12.0160213618158,12.6835781041388,18.6915887850467,12.283044058745,13.351134846462,16.8224299065421,16.0213618157543,11.4819759679573,12.4165554072096,14.2857142857143,10.5473965287049,13.351134846462,17.7570093457944,13.4846461949266,13.0841121495327,11.7489986648865,16.5554072096128,17.890520694259,17.7570093457944,13.2176234979973,14.4192256341789,14.8197596795728,18.5580774365821,10.8144192256342,12.4165554072096,13.351134846462,12.0160213618158,14.018691588785,20.4272363150868,14.9532710280374,14.2857142857143,10.9479305740988,13.0841121495327,16.6889185580774,18.958611481976,15.6208277703605,13.351134846462,14.4192256341789,12.1495327102804,15.6208277703605,18.958611481976,16.5554072096128,18.2910547396529,14.4192256341789,16.8224299065421,15.4873164218959,13.6181575433912,18.6915887850467,11.3484646194927,17.2229639519359,11.3484646194927,13.2176234979973,19.2256341789052,12.9506008010681,18.958611481976,17.7570093457944,17.6234979973298,14.2857142857143,15.8878504672897,17.2229639519359,11.214953271028,13.7516688918558,16.8224299065421,14.5527369826435,15.7543391188251,11.3484646194927,16.154873164219,12.6835781041388,17.7570093457944,14.8197596795728,17.890520694259,13.0841121495327,13.0841121495327,12.283044058745,12.8170894526035,18.0240320427236,19.6261682242991,11.0814419225634,19.2256341789052,12.6835781041388,18.8251001335114,13.0841121495327,12.6835781041388,13.0841121495327,12.6835781041388,13.6181575433912,18.958611481976
