PeriodId,bird-39,bird-79,bird-82,bird-85,bird-88,bird-91,bird-94,bird-97,bird-100,bird-103,bird-106,bird-109,bird-112,bird-115,bird-118,bird-121,bird-124,bird-127,bird-130,bird-133,bird-136,bird-139,bird-142,bird-145,bird-148,bird-151,bird-154,bird-157,bird-160,bird-163,bird-166,bird-169,bird-172,bird-175,bird-178,bird-181,bird-184,bird-187,bird-190,bird-193,bird-196,bird-199,bird-202,bird-205,bird-208,bird-211,bird-214,bird-217,bird-220,bird-223,bird-226,bird-229,bird-232,bird-235,bird-238,bird-241,bird-244,bird-247,bird-250,bird-253,bird-256,bird-259,bird-262,bird-265,bird-268,bird-271,bird-274,bird-277,bird-280,bird-283,bird-286,bird-289,bird-292,bird-295,bird-298,bird-301,bird-304,bird-307,bird-310,bird-313,bird-316,bird-319,bird-322,bird-325,bird-328,bird-331,bird-334,bird-337,bird-340,bird-343,bird-346,bird-349,bird-352,bird-355,bird-358,bird-361,bird-364,bird-367,bird-370,bird-373,bird-376,bird-379,bird-382,bird-385,bird-388,bird-391,bird-394,bird-397,bird-400,bird-403,bird-406,bird-409,bird-412,bird-415,bird-418,bird-421,bird-424,bird-427,bird-430,bird-433,bird-436,bird-439,bird-442,bird-445,bird-448,bird-451,cHRev-505,cHRev-508,cHRev-511,cHRev-514,cHRev-517,cHRev-520,cHRev-523,cHRev-526,cHRev-529,cHRev-532,cHRev-535,cHRev-538,cHRev-541,cHRev-544,cHRev-547,cHRev-550,cHRev-553,cHRev-556,cHRev-559,cHRev-562,cHRev-565,cHRev-568,cHRev-571,cHRev-574,cHRev-577,cHRev-580,cHRev-583,cHRev-586,cHRev-589,cHRev-592,cHRev-595,cHRev-668,cHRev-671,cHRev-686,cHRev-689,cHRev-692,cHRev-695,cHRev-698,cHRev-701,cHRev-704,cHRev-707,cHRev-710,cHRev-713,cHRev-716,cHRev-719,cHRev-722,cHRev-725,cHRev-728,cHRev-731,cHRev-734,cHRev-737,cHRev-740,cHRev-743,cHRev-746,cHRev-749,cHRev-751,cHRev-754,cHRev-757,cHRev-760,cHRev-763,cHRev-766,cHRev-769,cHRev-772,cHRev-775,cHRev-778,cHRev-781,cHRev-784,cHRev-787,cHRev-790,cHRev-793,cHRev-796,cHRev-799,cHRev-802,cHRev-805,cHRev-808,cHRev-811,cHRev-814,cHRev-817,cHRev-820,cHRev-823,cHRev-826,cHRev-829,cHRev-832,cHRev-835,cHRev-838,cHRev-841,cHRev-844,cHRev-847,cHRev-850,cHRev-853,cHRev-856,cHRev-859,cHRev-862,cHRev-865,cHRev-868,cHRev-871,cHRev-874,cHRev-877,cHRev-880,cHRev-883,cHRev-886,cHRev-889,cHRev-892,cHRev-895,cHRev-898,cHRev-901,cHRev-904,cHRev-907,cHRev-910,cHRev-913,cHRev-916,cHRev-919
4,-11.5853658536585,-10.3658536585366,-7.3170731707317,-8.53658536585366,-6.70731707317073,-5.48780487804879,-4.26829268292683,-6.70731707317073,-8.53658536585366,-7.92682926829268,-7.92682926829268,-10.3658536585366,-6.70731707317073,-6.70731707317073,-8.53658536585366,-3.65853658536586,-6.70731707317073,-11.5853658536585,-9.75609756097561,-7.3170731707317,-7.3170731707317,-7.3170731707317,-7.92682926829268,-8.53658536585366,-6.09756097560976,-4.87804878048781,-3.04878048780488,-5.48780487804879,-1.21951219512195,-6.70731707317073,-6.09756097560976,-4.26829268292683,-4.26829268292683,-8.53658536585366,-6.70731707317073,-6.09756097560976,-7.92682926829268,-4.87804878048781,-9.14634146341463,-9.14634146341463,-3.04878048780488,-6.09756097560976,-3.65853658536586,-6.09756097560976,-7.92682926829268,-7.3170731707317,-5.48780487804879,-4.26829268292683,-8.53658536585366,-4.26829268292683,-6.09756097560976,-9.14634146341463,-7.3170731707317,-6.09756097560976,-7.3170731707317,-9.14634146341463,-7.92682926829268,-3.65853658536586,-5.48780487804879,-3.65853658536586,-9.14634146341463,-7.3170731707317,-7.92682926829268,-6.09756097560976,-5.48780487804879,-7.3170731707317,-10.9756097560976,-7.3170731707317,-4.87804878048781,-7.3170731707317,-7.92682926829268,-11.5853658536585,-10.9756097560976,-7.3170731707317,-8.53658536585366,-6.09756097560976,-5.48780487804879,-6.09756097560976,-7.3170731707317,-6.70731707317073,-4.87804878048781,-7.3170731707317,-5.48780487804879,-7.92682926829268,-7.3170731707317,-6.09756097560976,-12.1951219512195,-6.09756097560976,-9.14634146341463,-6.70731707317073,-8.53658536585366,-8.53658536585366,-6.09756097560976,-4.87804878048781,-5.48780487804879,-7.92682926829268,-10.9756097560976,-9.14634146341463,-7.92682926829268,-6.09756097560976,-7.92682926829268,-3.04878048780488,-7.92682926829268,-7.92682926829268,-9.14634146341463,-8.53658536585366,-4.87804878048781,-7.3170731707317,-10.3658536585366,-10.3658536585366,-7.3170731707317,-7.92682926829268,-6.09756097560976,-3.04878048780488,-4.87804878048781,-9.75609756097561,-3.65853658536586,-10.9756097560976,-9.14634146341463,-11.5853658536585,-8.53658536585366,-4.87804878048781,-6.09756097560976,-6.09756097560976,-7.3170731707317,-5.48780487804879,-7.92682926829268,-6.09756097560976,-7.92682926829268,-10.3658536585366,-9.14634146341463,-7.3170731707317,-6.70731707317073,-9.75609756097561,-7.3170731707317,-7.3170731707317,-3.65853658536586,-6.09756097560976,-9.14634146341463,-9.14634146341463,-7.92682926829268,-7.3170731707317,-9.75609756097561,-9.14634146341463,-7.3170731707317,-6.09756097560976,-4.87804878048781,-7.3170731707317,-5.48780487804879,-7.92682926829268,-6.70731707317073,-6.09756097560976,-7.92682926829268,-10.3658536585366,-7.92682926829268,-7.92682926829268,-7.92682926829268,-7.3170731707317,-9.14634146341463,-9.14634146341463,-6.09756097560976,-9.14634146341463,-9.14634146341463,-4.87804878048781,-6.70731707317073,-6.09756097560976,-12.8048780487805,-11.5853658536585,-7.92682926829268,-3.65853658536586,-7.3170731707317,-4.26829268292683,-6.70731707317073,-10.3658536585366,-7.3170731707317,-4.26829268292683,-7.92682926829268,-9.75609756097561,-6.70731707317073,-9.75609756097561,-6.09756097560976,-10.3658536585366,-7.3170731707317,-6.70731707317073,-7.92682926829268,-9.14634146341463,-9.75609756097561,-8.53658536585366,-6.70731707317073,-8.53658536585366,-7.92682926829268,-6.70731707317073,-5.48780487804879,-10.3658536585366,-3.04878048780488,-9.75609756097561,-8.53658536585366,-6.09756097560976,-9.14634146341463,-6.09756097560976,-1.82926829268293,-6.70731707317073,-5.48780487804879,-10.3658536585366,-4.87804878048781,-9.75609756097561,-7.92682926829268,-6.70731707317073,-6.70731707317073,-10.3658536585366,-9.75609756097561,-7.92682926829268,-7.92682926829268,-7.3170731707317,-9.14634146341463,-10.9756097560976,-7.92682926829268,-5.48780487804879,-9.75609756097561,-7.92682926829268,-4.87804878048781,-9.75609756097561,-1.21951219512195,-5.48780487804879,-8.53658536585366,-6.09756097560976,-9.14634146341463,-6.09756097560976,-4.26829268292683,-7.92682926829268,-7.92682926829268,-7.3170731707317,-6.70731707317073,-8.53658536585366,-7.92682926829268,-4.26829268292683,-4.26829268292683,-9.75609756097561
5,-6.75909878682842,-8.31889081455806,-7.27902946273831,-7.79896013864818,-7.62564991334489,-9.7053726169844,-6.41247833622184,-8.83882149046794,-9.18544194107452,-10.3986135181976,-8.83882149046794,-8.66551126516465,-8.31889081455806,-7.97227036395147,-9.35875216637782,-6.58578856152513,-7.4523396880416,-7.62564991334489,-8.66551126516465,-8.49220103986135,-9.18544194107452,-9.35875216637782,-8.14558058925476,-8.31889081455806,-8.66551126516465,-8.14558058925476,-6.06585788561526,-8.66551126516465,-8.83882149046794,-8.66551126516465,-8.66551126516465,-7.105719237435,-8.14558058925476,-8.31889081455806,-7.79896013864818,-8.83882149046794,-8.66551126516465,-7.105719237435,-8.49220103986135,-7.105719237435,-8.14558058925476,-8.83882149046794,-7.105719237435,-8.49220103986135,-8.83882149046794,-8.49220103986135,-8.83882149046794,-7.97227036395147,-7.27902946273831,-7.97227036395147,-7.27902946273831,-9.53206239168111,-9.18544194107452,-8.31889081455806,-7.105719237435,-7.105719237435,-7.97227036395147,-7.62564991334489,-7.105719237435,-7.62564991334489,-8.14558058925476,-8.49220103986135,-9.01213171577123,-9.53206239168111,-9.53206239168111,-10.051993067591,-7.62564991334489,-7.97227036395147,-9.01213171577123,-10.051993067591,-8.83882149046794,-9.01213171577123,-7.97227036395147,-7.105719237435,-9.7053726169844,-9.18544194107452,-7.4523396880416,-7.97227036395147,-8.66551126516465,-8.14558058925476,-9.01213171577123,-8.66551126516465,-9.7053726169844,-8.49220103986135,-8.49220103986135,-7.105719237435,-7.97227036395147,-7.97227036395147,-8.14558058925476,-7.4523396880416,-7.27902946273831,-7.79896013864818,-8.14558058925476,-8.66551126516465,-8.31889081455806,-9.7053726169844,-8.14558058925476,-9.8786828422877,-7.105719237435,-9.53206239168111,-7.79896013864818,-7.27902946273831,-7.97227036395147,-7.97227036395147,-9.01213171577123,-10.3986135181976,-8.49220103986135,-8.83882149046794,-7.105719237435,-7.62564991334489,-6.58578856152513,-9.8786828422877,-10.2253032928943,-8.83882149046794,-7.97227036395147,-7.4523396880416,-8.83882149046794,-8.14558058925476,-7.105719237435,-9.53206239168111,-7.27902946273831,-8.14558058925476,-7.79896013864818,-9.8786828422877,-6.93240901213171,-6.58578856152513,-7.97227036395147,-8.83882149046794,-8.66551126516465,-8.49220103986135,-8.49220103986135,-8.31889081455806,-6.75909878682842,-8.66551126516465,-8.49220103986135,-9.7053726169844,-6.75909878682842,-8.66551126516465,-8.66551126516465,-9.18544194107452,-8.66551126516465,-8.66551126516465,-6.41247833622184,-8.49220103986135,-7.4523396880416,-6.06585788561526,-7.105719237435,-6.75909878682842,-7.4523396880416,-9.53206239168111,-10.051993067591,-7.27902946273831,-7.27902946273831,-8.31889081455806,-8.14558058925476,-7.79896013864818,-6.93240901213171,-6.41247833622184,-7.97227036395147,-7.4523396880416,-8.14558058925476,-8.83882149046794,-7.27902946273831,-8.31889081455806,-7.97227036395147,-10.3986135181976,-9.8786828422877,-7.4523396880416,-7.97227036395147,-6.75909878682842,-8.49220103986135,-6.41247833622184,-8.66551126516465,-6.93240901213171,-7.4523396880416,-9.35875216637782,-7.79896013864818,-9.01213171577123,-9.35875216637782,-5.71923743500866,-7.4523396880416,-8.31889081455806,-6.75909878682842,-9.01213171577123,-9.18544194107452,-9.18544194107452,-6.41247833622184,-9.53206239168111,-8.66551126516465,-7.105719237435,-6.06585788561526,-7.97227036395147,-7.62564991334489,-7.105719237435,-7.105719237435,-6.58578856152513,-7.4523396880416,-7.105719237435,-8.49220103986135,-8.66551126516465,-8.31889081455806,-9.18544194107452,-7.79896013864818,-9.01213171577123,-5.89254766031195,-8.31889081455806,-6.23916811091855,-7.105719237435,-9.7053726169844,-8.49220103986135,-6.75909878682842,-7.62564991334489,-7.62564991334489,-7.79896013864818,-10.051993067591,-8.49220103986135,-9.01213171577123,-7.27902946273831,-9.7053726169844,-8.49220103986135,-8.49220103986135,-7.97227036395147,-8.66551126516465,-9.01213171577123,-9.8786828422877,-9.18544194107452,-6.75909878682842,-7.97227036395147,-8.83882149046794,-6.41247833622184,-6.58578856152513,-8.66551126516465,-8.14558058925476,-8.31889081455806,-6.93240901213171,-7.4523396880416,-8.49220103986135,-8.31889081455806
6,-6.20915032679739,-8.82352941176471,-5.22875816993464,-7.18954248366013,-6.86274509803921,-7.84313725490197,-6.20915032679739,-5.22875816993464,-5.55555555555556,-7.51633986928104,-5.22875816993464,-3.92156862745098,-4.24836601307189,-6.5359477124183,-3.59477124183006,-4.24836601307189,-7.84313725490197,-5.55555555555556,-4.90196078431373,-5.88235294117647,-4.24836601307189,-4.5751633986928,-7.18954248366013,-6.86274509803921,-5.55555555555556,-5.22875816993464,-5.22875816993464,-6.20915032679739,-3.92156862745098,-6.5359477124183,-6.20915032679739,-5.55555555555556,-4.5751633986928,-5.55555555555556,-4.90196078431373,-6.86274509803921,-4.5751633986928,-6.86274509803921,-5.22875816993464,-7.84313725490197,-5.22875816993464,-6.5359477124183,-7.18954248366013,-5.55555555555556,-5.88235294117647,-4.90196078431373,-5.55555555555556,-7.18954248366013,-4.90196078431373,-7.51633986928104,-5.22875816993464,-4.24836601307189,-6.20915032679739,-6.20915032679739,-6.5359477124183,-6.20915032679739,-5.88235294117647,-7.84313725490197,-5.88235294117647,-5.22875816993464,-3.26797385620915,-5.88235294117647,-2.94117647058824,-4.90196078431373,-6.5359477124183,-4.90196078431373,-5.22875816993464,-5.88235294117647,-4.5751633986928,-7.51633986928104,-6.20915032679739,-5.22875816993464,-4.90196078431373,-5.55555555555556,-6.86274509803921,-5.88235294117647,-5.88235294117647,-4.24836601307189,-4.90196078431373,-6.5359477124183,-6.5359477124183,-5.55555555555556,-6.86274509803921,-6.20915032679739,-5.55555555555556,-5.22875816993464,-6.5359477124183,-7.18954248366013,-7.51633986928104,-6.86274509803921,-8.82352941176471,-5.22875816993464,-5.22875816993464,-5.88235294117647,-5.88235294117647,-4.90196078431373,-5.55555555555556,-7.51633986928104,-5.55555555555556,-5.55555555555556,-6.5359477124183,-6.20915032679739,-5.55555555555556,-4.90196078431373,-6.5359477124183,-3.92156862745098,-4.5751633986928,-8.16993464052288,-7.84313725490197,-6.20915032679739,-5.88235294117647,-6.86274509803921,-5.22875816993464,-2.94117647058824,-6.20915032679739,-6.20915032679739,-6.20915032679739,-7.51633986928104,-6.86274509803921,-4.5751633986928,-7.51633986928104,-3.59477124183006,-5.22875816993464,-5.55555555555556,-5.22875816993464,-4.24836601307189,-6.5359477124183,-6.86274509803921,-7.51633986928104,-5.55555555555556,-7.51633986928104,-7.84313725490197,-5.88235294117647,-7.18954248366013,-5.88235294117647,-5.88235294117647,-7.18954248366013,-5.22875816993464,-7.84313725490197,-6.5359477124183,-5.55555555555556,-10.4575163398693,-6.20915032679739,-5.55555555555556,-4.5751633986928,-5.55555555555556,-8.49673202614379,-6.5359477124183,-4.5751633986928,-7.51633986928104,-5.88235294117647,-6.5359477124183,-5.55555555555556,-5.88235294117647,-5.88235294117647,-4.5751633986928,-5.88235294117647,-6.20915032679739,-7.51633986928104,-7.18954248366013,-7.18954248366013,-5.22875816993464,-5.55555555555556,-5.88235294117647,-6.20915032679739,-7.51633986928104,-7.84313725490197,-6.86274509803921,-6.20915032679739,-7.18954248366013,-5.55555555555556,-6.5359477124183,-6.5359477124183,-6.86274509803921,-4.5751633986928,-4.90196078431373,-4.24836601307189,-4.5751633986928,-5.55555555555556,-5.88235294117647,-7.84313725490197,-4.90196078431373,-4.24836601307189,-5.22875816993464,-5.88235294117647,-5.55555555555556,-7.18954248366013,-5.88235294117647,-7.84313725490197,-4.24836601307189,-5.22875816993464,-7.18954248366013,-7.18954248366013,-4.5751633986928,-4.5751633986928,-5.88235294117647,-7.18954248366013,-6.5359477124183,-4.90196078431373,-5.55555555555556,-5.55555555555556,-6.20915032679739,-4.90196078431373,-6.5359477124183,-7.18954248366013,-4.90196078431373,-5.22875816993464,-4.90196078431373,-6.5359477124183,-6.20915032679739,-7.84313725490197,-8.49673202614379,-7.84313725490197,-5.22875816993464,-5.55555555555556,-5.55555555555556,-7.18954248366013,-5.88235294117647,-5.88235294117647,-6.5359477124183,-3.92156862745098,-5.55555555555556,-5.55555555555556,-4.5751633986928,-5.22875816993464,-5.88235294117647,-5.88235294117647,-6.20915032679739,-8.82352941176471,-6.86274509803921,-5.88235294117647,-5.88235294117647,-4.24836601307189,-7.51633986928104,-3.59477124183006,-6.86274509803921,-6.5359477124183,-5.88235294117647
7,-9.04977375565611,-9.72850678733032,-9.04977375565611,-7.46606334841629,-7.23981900452488,-9.27601809954751,-6.78733031674208,-7.69230769230769,-7.01357466063348,-8.1447963800905,-8.59728506787331,-7.23981900452488,-7.46606334841629,-8.82352941176471,-7.46606334841629,-7.23981900452488,-9.50226244343891,-7.9185520361991,-8.82352941176471,-9.50226244343891,-8.3710407239819,-7.23981900452488,-7.9185520361991,-9.27601809954751,-7.9185520361991,-7.23981900452488,-8.59728506787331,-5.88235294117647,-8.3710407239819,-8.3710407239819,-10.8597285067873,-5.42986425339367,-7.01357466063348,-5.20361990950227,-7.9185520361991,-8.3710407239819,-8.3710407239819,-6.56108597285068,-5.88235294117647,-7.69230769230769,-9.95475113122172,-8.3710407239819,-9.27601809954751,-8.3710407239819,-9.95475113122172,-5.65610859728507,-9.72850678733032,-4.97737556561086,-8.82352941176471,-9.04977375565611,-7.9185520361991,-7.69230769230769,-9.04977375565611,-8.3710407239819,-7.69230769230769,-6.10859728506787,-7.69230769230769,-7.9185520361991,-9.27601809954751,-8.1447963800905,-10.1809954751131,-8.3710407239819,-6.33484162895928,-7.9185520361991,-7.01357466063348,-7.9185520361991,-7.69230769230769,-6.78733031674208,-7.69230769230769,-9.27601809954751,-8.1447963800905,-8.3710407239819,-8.59728506787331,-6.56108597285068,-7.46606334841629,-8.82352941176471,-8.82352941176471,-8.1447963800905,-7.23981900452488,-8.3710407239819,-7.23981900452488,-8.59728506787331,-9.27601809954751,-8.3710407239819,-5.88235294117647,-8.1447963800905,-11.5384615384615,-8.3710407239819,-7.69230769230769,-9.04977375565611,-7.9185520361991,-8.1447963800905,-7.23981900452488,-6.33484162895928,-8.59728506787331,-5.88235294117647,-7.46606334841629,-8.82352941176471,-7.23981900452488,-9.72850678733032,-8.82352941176471,-7.23981900452488,-9.04977375565611,-9.04977375565611,-7.46606334841629,-8.1447963800905,-9.95475113122172,-8.3710407239819,-7.46606334841629,-8.3710407239819,-7.69230769230769,-9.04977375565611,-5.88235294117647,-8.3710407239819,-8.1447963800905,-7.01357466063348,-9.27601809954751,-9.04977375565611,-8.3710407239819,-7.9185520361991,-7.69230769230769,-7.9185520361991,-6.56108597285068,-7.01357466063348,-6.10859728506787,-9.27601809954751,-7.9185520361991,-5.88235294117647,-8.1447963800905,-7.69230769230769,-9.04977375565611,-10.6334841628959,-8.3710407239819,-7.01357466063348,-9.50226244343891,-9.50226244343891,-6.78733031674208,-7.9185520361991,-7.9185520361991,-7.9185520361991,-7.46606334841629,-9.27601809954751,-8.82352941176471,-8.82352941176471,-6.33484162895928,-7.46606334841629,-8.59728506787331,-8.59728506787331,-11.7647058823529,-7.9185520361991,-7.69230769230769,-9.04977375565611,-9.72850678733032,-8.82352941176471,-9.04977375565611,-7.01357466063348,-7.23981900452488,-7.01357466063348,-7.46606334841629,-7.9185520361991,-8.3710407239819,-6.78733031674208,-9.50226244343891,-7.9185520361991,-7.9185520361991,-8.82352941176471,-7.23981900452488,-7.23981900452488,-7.69230769230769,-8.59728506787331,-9.04977375565611,-9.50226244343891,-6.78733031674208,-8.82352941176471,-5.20361990950227,-8.1447963800905,-9.04977375565611,-8.59728506787331,-7.46606334841629,-5.65610859728507,-6.33484162895928,-8.1447963800905,-8.59728506787331,-6.10859728506787,-8.1447963800905,-8.3710407239819,-7.9185520361991,-8.59728506787331,-8.82352941176471,-9.95475113122172,-9.27601809954751,-7.69230769230769,-7.9185520361991,-6.10859728506787,-7.46606334841629,-10.4072398190045,-9.04977375565611,-7.69230769230769,-9.27601809954751,-6.78733031674208,-9.50226244343891,-8.82352941176471,-9.72850678733032,-7.69230769230769,-10.8597285067873,-7.9185520361991,-9.50226244343891,-9.95475113122172,-8.59728506787331,-7.9185520361991,-7.46606334841629,-7.01357466063348,-6.78733031674208,-7.9185520361991,-7.9185520361991,-9.72850678733032,-7.9185520361991,-7.46606334841629,-7.9185520361991,-8.82352941176471,-8.82352941176471,-8.82352941176471,-7.23981900452488,-8.59728506787331,-7.9185520361991,-8.3710407239819,-7.46606334841629,-6.56108597285068,-7.9185520361991,-6.78733031674208,-9.27601809954751,-9.27601809954751,-6.78733031674208,-8.59728506787331,-6.78733031674208,-7.69230769230769,-9.27601809954751,-7.46606334841629
8,-7.5,-9.77272727272728,-8.40909090909091,-9.77272727272728,-11.1363636363636,-8.40909090909091,-11.1363636363636,-9.54545454545455,-10.9090909090909,-12.7272727272727,-10,-9.77272727272728,-11.1363636363636,-9.09090909090909,-8.40909090909091,-10,-9.09090909090909,-8.40909090909091,-10.2272727272727,-9.31818181818181,-10,-9.09090909090909,-11.3636363636364,-10.6818181818182,-8.63636363636363,-10.2272727272727,-10.9090909090909,-10.6818181818182,-9.31818181818181,-8.86363636363636,-10,-9.77272727272728,-12.5,-10.2272727272727,-12.9545454545455,-10,-11.8181818181818,-9.31818181818181,-10.2272727272727,-10.9090909090909,-10.4545454545454,-12.0454545454545,-10.2272727272727,-10.6818181818182,-10.4545454545454,-8.63636363636363,-12.7272727272727,-8.86363636363636,-11.5909090909091,-12.2727272727273,-11.3636363636364,-12.5,-10.2272727272727,-10.4545454545454,-12.5,-10,-11.3636363636364,-9.77272727272728,-10.2272727272727,-9.09090909090909,-12.2727272727273,-9.31818181818181,-10.4545454545454,-10.6818181818182,-10.9090909090909,-11.1363636363636,-12.2727272727273,-10.6818181818182,-7.27272727272728,-9.77272727272728,-10.4545454545454,-9.77272727272728,-10.2272727272727,-10.6818181818182,-9.54545454545455,-8.18181818181818,-9.54545454545455,-11.1363636363636,-8.86363636363636,-11.3636363636364,-8.86363636363636,-11.5909090909091,-8.63636363636363,-10.4545454545454,-8.18181818181818,-10,-10,-10,-8.63636363636363,-12.2727272727273,-9.31818181818181,-11.8181818181818,-9.31818181818181,-11.3636363636364,-9.77272727272728,-9.77272727272728,-10.2272727272727,-10.2272727272727,-10,-10,-9.09090909090909,-10.4545454545454,-12.7272727272727,-12.0454545454545,-11.1363636363636,-10,-12.2727272727273,-10.2272727272727,-11.8181818181818,-12.5,-9.54545454545455,-10.4545454545454,-11.1363636363636,-10.6818181818182,-10.4545454545454,-10,-9.09090909090909,-8.86363636363636,-11.5909090909091,-10,-10.6818181818182,-10.6818181818182,-10.2272727272727,-10,-10.9090909090909,-10,-11.1363636363636,-8.40909090909091,-11.8181818181818,-10.9090909090909,-10.6818181818182,-10.6818181818182,-11.5909090909091,-9.54545454545455,-10.9090909090909,-10,-10.6818181818182,-13.4090909090909,-10,-9.31818181818181,-10.9090909090909,-11.5909090909091,-12.2727272727273,-9.54545454545455,-13.8636363636364,-12.2727272727273,-8.63636363636363,-9.54545454545455,-10.2272727272727,-8.63636363636363,-11.1363636363636,-11.1363636363636,-10.2272727272727,-9.54545454545455,-11.3636363636364,-12.0454545454545,-10.9090909090909,-11.1363636363636,-10,-9.77272727272728,-11.3636363636364,-10.2272727272727,-11.5909090909091,-12.0454545454545,-10.6818181818182,-8.40909090909091,-10.2272727272727,-8.86363636363636,-9.09090909090909,-11.8181818181818,-8.63636363636363,-9.54545454545455,-11.5909090909091,-10.6818181818182,-10.6818181818182,-10,-9.09090909090909,-8.63636363636363,-12.2727272727273,-9.54545454545455,-11.1363636363636,-9.54545454545455,-10.2272727272727,-8.40909090909091,-10.6818181818182,-9.54545454545455,-9.54545454545455,-12.0454545454545,-11.1363636363636,-12.2727272727273,-10,-10.2272727272727,-11.8181818181818,-10.2272727272727,-11.8181818181818,-8.63636363636363,-11.3636363636364,-10.9090909090909,-10.9090909090909,-8.18181818181818,-9.09090909090909,-8.40909090909091,-9.77272727272728,-11.1363636363636,-11.3636363636364,-9.31818181818181,-9.09090909090909,-8.86363636363636,-10.6818181818182,-12.5,-8.63636363636363,-11.3636363636364,-9.54545454545455,-9.09090909090909,-11.5909090909091,-10.2272727272727,-8.63636363636363,-11.5909090909091,-12.7272727272727,-11.5909090909091,-10,-7.95454545454546,-9.54545454545455,-9.54545454545455,-10,-9.09090909090909,-10.4545454545454,-11.1363636363636,-8.86363636363636,-9.77272727272728,-10.2272727272727,-11.3636363636364,-11.3636363636364,-8.40909090909091,-9.31818181818181,-10,-9.31818181818181,-10.6818181818182
9,-5.1948051948052,-4.63821892393321,-6.12244897959183,-4.45269016697588,-5.38033395176253,-5.00927643784786,-4.82374768089053,-4.45269016697588,-5.00927643784786,-4.45269016697588,-6.12244897959183,-3.71057513914657,-6.4935064935065,-3.52504638218923,-5.75139146567718,-6.12244897959183,-7.23562152133581,-5.75139146567718,-4.45269016697588,-2.96846011131725,-6.30797773654916,-4.63821892393321,-5.38033395176253,-4.82374768089053,-4.45269016697588,-6.12244897959183,-4.08163265306123,-5.1948051948052,-5.38033395176253,-6.30797773654916,-5.56586270871985,-5.56586270871985,-4.63821892393321,-2.96846011131725,-4.63821892393321,-6.4935064935065,-5.00927643784786,-5.56586270871985,-5.1948051948052,-5.75139146567718,-4.82374768089053,-7.05009276437848,-5.38033395176253,-6.67903525046383,-5.38033395176253,-5.75139146567718,-5.38033395176253,-4.82374768089053,-5.38033395176253,-5.75139146567718,-5.56586270871985,-5.00927643784786,-4.45269016697588,-5.75139146567718,-4.63821892393321,-5.38033395176253,-6.12244897959183,-5.38033395176253,-5.56586270871985,-7.42115027829313,-5.56586270871985,-5.38033395176253,-4.82374768089053,-6.4935064935065,-6.12244897959183,-5.00927643784786,-3.71057513914657,-3.52504638218923,-5.75139146567718,-5.56586270871985,-5.56586270871985,-3.8961038961039,-5.00927643784786,-5.38033395176253,-5.56586270871985,-5.38033395176253,-6.12244897959183,-3.71057513914657,-4.63821892393321,-5.38033395176253,-3.52504638218923,-4.63821892393321,-5.1948051948052,-3.8961038961039,-4.45269016697588,-5.1948051948052,-5.1948051948052,-5.00927643784786,-6.12244897959183,-3.71057513914657,-5.75139146567718,-5.56586270871985,-5.56586270871985,-5.75139146567718,-4.45269016697588,-5.93692022263451,-4.82374768089053,-5.00927643784786,-5.00927643784786,-5.75139146567718,-6.12244897959183,-7.05009276437848,-4.63821892393321,-4.45269016697588,-5.56586270871985,-6.30797773654916,-5.38033395176253,-3.52504638218923,-4.63821892393321,-4.26716141001855,-6.12244897959183,-5.1948051948052,-4.08163265306123,-6.30797773654916,-6.30797773654916,-5.56586270871985,-5.93692022263451,-5.38033395176253,-5.56586270871985,-5.75139146567718,-6.12244897959183,-5.56586270871985,-5.38033395176253,-4.63821892393321,-5.00927643784786,-6.86456400742115,-5.75139146567718,-6.12244897959183,-5.56586270871985,-6.67903525046383,-5.93692022263451,-5.00927643784786,-5.38033395176253,-5.1948051948052,-5.1948051948052,-4.82374768089053,-5.93692022263451,-5.38033395176253,-5.1948051948052,-6.67903525046383,-4.08163265306123,-5.93692022263451,-6.30797773654916,-5.75139146567718,-5.1948051948052,-3.71057513914657,-5.38033395176253,-5.75139146567718,-4.63821892393321,-4.08163265306123,-3.52504638218923,-6.67903525046383,-4.82374768089053,-5.75139146567718,-4.26716141001855,-5.75139146567718,-5.75139146567718,-5.56586270871985,-5.75139146567718,-5.38033395176253,-5.00927643784786,-4.08163265306123,-6.30797773654916,-6.30797773654916,-6.67903525046383,-6.12244897959183,-5.56586270871985,-4.45269016697588,-4.82374768089053,-6.4935064935065,-5.56586270871985,-5.93692022263451,-3.33951762523191,-5.38033395176253,-3.33951762523191,-5.93692022263451,-6.4935064935065,-4.08163265306123,-6.4935064935065,-6.67903525046383,-4.26716141001855,-5.56586270871985,-4.63821892393321,-4.08163265306123,-5.1948051948052,-5.93692022263451,-4.82374768089053,-5.1948051948052,-5.1948051948052,-5.56586270871985,-4.63821892393321,-3.71057513914657,-5.38033395176253,-5.56586270871985,-6.67903525046383,-3.8961038961039,-3.8961038961039,-6.30797773654916,-5.93692022263451,-5.00927643784786,-6.30797773654916,-4.82374768089053,-4.63821892393321,-4.08163265306123,-4.63821892393321,-5.56586270871985,-4.45269016697588,-5.1948051948052,-3.8961038961039,-5.1948051948052,-3.71057513914657,-4.45269016697588,-6.30797773654916,-6.86456400742115,-5.93692022263451,-4.82374768089053,-5.00927643784786,-6.67903525046383,-5.38033395176253,-5.38033395176253,-5.1948051948052,-6.30797773654916,-4.63821892393321,-5.00927643784786,-5.56586270871985,-5.38033395176253,-5.1948051948052,-4.26716141001855,-6.12244897959183,-6.4935064935065,-3.71057513914657,-5.00927643784786,-4.26716141001855,-5.00927643784786,-5.93692022263451,-6.12244897959183,-5.93692022263451,-5.56586270871985
10,1.60714285714285,1.96428571428571,0.357142857142856,0.89285714285714,2.49999999999999,-0.357142857142856,1.42857142857142,0.357142857142856,2.49999999999999,0.178571428571428,1.25,0.535714285714284,-0.178571428571428,1.07142857142857,0.357142857142856,0.357142857142856,0.89285714285714,1.07142857142857,-0.178571428571428,1.60714285714285,-0.535714285714284,-0.178571428571428,0.535714285714284,0.178571428571428,0.357142857142856,0.714285714285712,0.714285714285712,0.714285714285712,2.67857142857142,-0.89285714285714,-0.89285714285714,1.42857142857142,1.25,0.714285714285712,0.89285714285714,0.89285714285714,0.89285714285714,0,-0.357142857142856,1.25,-0.178571428571428,1.07142857142857,1.25,1.25,1.25,-0.714285714285712,0.535714285714284,1.07142857142857,-0.357142857142856,0.357142857142856,0.535714285714284,0.178571428571428,0.714285714285712,2.67857142857142,1.60714285714285,0.178571428571428,1.78571428571428,0,1.07142857142857,1.60714285714285,1.25,1.07142857142857,-0.714285714285712,0.89285714285714,0.178571428571428,1.78571428571428,0,1.07142857142857,1.07142857142857,0.535714285714284,-0.535714285714284,1.42857142857142,0.714285714285712,0.89285714285714,1.25,-0.714285714285712,0.357142857142856,0.178571428571428,0.357142857142856,2.14285714285714,-0.357142857142856,1.78571428571428,0,-0.178571428571428,0.89285714285714,0.714285714285712,0.535714285714284,1.42857142857142,1.25,0,-0.535714285714284,0,1.25,-0.178571428571428,-0.535714285714284,1.07142857142857,0.535714285714284,1.25,-0.89285714285714,0,0.178571428571428,2.14285714285714,0.89285714285714,0.535714285714284,1.42857142857142,-0.178571428571428,0.535714285714284,0.714285714285712,0.357142857142856,1.96428571428571,0.357142857142856,0.714285714285712,1.96428571428571,0.178571428571428,0.89285714285714,0.535714285714284,-0.178571428571428,-0.89285714285714,0.89285714285714,0.357142857142856,1.96428571428571,0.535714285714284,0.714285714285712,0.178571428571428,-0.178571428571428,0.535714285714284,0.357142857142856,1.60714285714285,-0.535714285714284,0.178571428571428,-0.178571428571428,0.89285714285714,0,0,0.357142857142856,1.96428571428571,0.714285714285712,0.535714285714284,1.60714285714285,0,1.07142857142857,0.714285714285712,0,1.96428571428571,1.25,0.89285714285714,1.07142857142857,0.357142857142856,2.14285714285714,0.178571428571428,1.42857142857142,0.714285714285712,0.535714285714284,0.178571428571428,0.357142857142856,0.714285714285712,1.07142857142857,0.89285714285714,2.14285714285714,0.357142857142856,1.07142857142857,1.07142857142857,0.714285714285712,-1.25,-1.25,1.42857142857142,2.49999999999999,1.96428571428571,-0.714285714285712,1.07142857142857,0.89285714285714,1.07142857142857,0.714285714285712,2.32142857142856,1.78571428571428,0.89285714285714,0.178571428571428,0.535714285714284,3.03571428571427,0.535714285714284,1.25,1.25,0.89285714285714,0.89285714285714,1.60714285714285,0.714285714285712,1.07142857142857,1.07142857142857,-0.178571428571428,1.07142857142857,-0.535714285714284,-0.178571428571428,1.96428571428571,0.535714285714284,0,-1.78571428571429,-0.535714285714284,0,0.178571428571428,1.60714285714285,1.07142857142857,0.535714285714284,-0.535714285714284,0.714285714285712,1.25,1.96428571428571,0.714285714285712,1.25,1.60714285714285,-0.714285714285712,0.178571428571428,0.714285714285712,1.07142857142857,0.535714285714284,1.96428571428571,0.535714285714284,0.535714285714284,1.42857142857142,1.96428571428571,0.178571428571428,0.178571428571428,0.89285714285714,-0.89285714285714,2.14285714285714,2.32142857142856,1.60714285714285,0.89285714285714,0,0.89285714285714,0.535714285714284,1.07142857142857,2.49999999999999,0.178571428571428,1.96428571428571,0.178571428571428,1.25,0.535714285714284,0.357142857142856
11,-2.3102310231023,-2.97029702970297,-3.3003300330033,-2.64026402640264,-3.96039603960396,-2.97029702970297,-3.3003300330033,-3.74037403740374,-2.64026402640264,-3.41034103410341,-2.97029702970297,-4.62046204620462,-2.42024202420242,-4.18041804180418,-3.3003300330033,-3.41034103410341,-3.85038503850385,-2.97029702970297,-2.64026402640264,-4.29042904290429,-3.85038503850385,-3.63036303630363,-4.07040704070407,-2.09020902090209,-2.75027502750275,-4.40044004400441,-2.53025302530253,-2.86028602860287,-3.63036303630363,-2.75027502750275,-1.76017601760176,-3.63036303630363,-1.98019801980198,-4.84048404840484,-4.29042904290429,-3.3003300330033,-1.87018701870187,-4.29042904290429,-3.3003300330033,-3.08030803080308,-3.08030803080308,-2.97029702970297,-3.3003300330033,-2.75027502750275,-4.18041804180418,-3.19031903190319,-3.74037403740374,-2.86028602860287,-4.40044004400441,-3.96039603960396,-2.97029702970297,-3.96039603960396,-2.64026402640264,-2.75027502750275,-2.97029702970297,-4.07040704070407,-2.97029702970297,-2.97029702970297,-3.85038503850385,-2.64026402640264,-3.85038503850385,-3.19031903190319,-4.07040704070407,-3.3003300330033,-2.75027502750275,-2.75027502750275,-2.86028602860287,-3.19031903190319,-2.86028602860287,-3.74037403740374,-3.19031903190319,-3.52035203520352,-3.08030803080308,-3.85038503850385,-3.08030803080308,-3.96039603960396,-2.75027502750275,-1.98019801980198,-4.40044004400441,-3.74037403740374,-2.97029702970297,-3.74037403740374,-3.74037403740374,-3.74037403740374,-3.63036303630363,-3.3003300330033,-2.86028602860287,-3.52035203520352,-4.29042904290429,-3.3003300330033,-3.74037403740374,-3.3003300330033,-1.87018701870187,-3.19031903190319,-2.97029702970297,-3.41034103410341,-3.85038503850385,-2.75027502750275,-3.74037403740374,-3.41034103410341,-3.08030803080308,-3.74037403740374,-4.40044004400441,-3.63036303630363,-2.86028602860287,-3.96039603960396,-3.19031903190319,-2.2002200220022,-1.76017601760176,-4.51045104510451,-2.97029702970297,-2.64026402640264,-4.40044004400441,-2.64026402640264,-2.42024202420242,-2.3102310231023,-2.75027502750275,-3.85038503850385,-4.18041804180418,-3.96039603960396,-3.63036303630363,-3.52035203520352,-2.09020902090209,-2.64026402640264,-4.29042904290429,-3.19031903190319,-3.19031903190319,-3.08030803080308,-3.08030803080308,-2.97029702970297,-3.52035203520352,-2.53025302530253,-3.52035203520352,-1.76017601760176,-2.86028602860287,-2.3102310231023,-4.07040704070407,-2.97029702970297,-2.2002200220022,-4.40044004400441,-3.96039603960396,-3.41034103410341,-2.86028602860287,-4.29042904290429,-3.52035203520352,-3.63036303630363,-4.62046204620462,-3.08030803080308,-1.98019801980198,-3.3003300330033,-3.52035203520352,-4.95049504950495,-2.75027502750275,-4.29042904290429,-3.96039603960396,-2.75027502750275,-2.75027502750275,-3.96039603960396,-2.86028602860287,-3.52035203520352,-2.09020902090209,-4.62046204620462,-3.85038503850385,-3.74037403740374,-3.52035203520352,-2.75027502750275,-3.96039603960396,-2.86028602860287,-2.3102310231023,-3.74037403740374,-4.18041804180418,-3.96039603960396,-3.96039603960396,-2.86028602860287,-4.18041804180418,-3.3003300330033,-2.86028602860287,-1.65016501650165,-3.3003300330033,-3.74037403740374,-2.75027502750275,-2.09020902090209,-2.86028602860287,-3.96039603960396,-2.53025302530253,-3.19031903190319,-3.19031903190319,-4.07040704070407,-3.3003300330033,-4.18041804180418,-3.63036303630363,-2.53025302530253,-4.29042904290429,-4.29042904290429,-4.29042904290429,-2.2002200220022,-3.85038503850385,-2.86028602860287,-3.08030803080308,-3.85038503850385,-4.84048404840484,-2.64026402640264,-3.19031903190319,-2.3102310231023,-3.63036303630363,-2.97029702970297,-3.85038503850385,-3.3003300330033,-2.75027502750275,-3.41034103410341,-3.63036303630363,-4.07040704070407,-4.62046204620462,-3.52035203520352,-2.3102310231023,-3.63036303630363,-3.63036303630363,-3.3003300330033,-3.08030803080308,-1.65016501650165,-1.65016501650165,-4.18041804180418,-2.97029702970297,-2.97029702970297,-3.96039603960396,-2.64026402640264,-4.18041804180418,-3.3003300330033,-3.19031903190319,-3.63036303630363,-4.29042904290429,-2.86028602860287,-3.63036303630363,-3.3003300330033,-2.75027502750275,-3.52035203520352,-3.52035203520352,-2.3102310231023
12,-0.339750849377118,-0.22650056625142,-0.566251415628538,-2.15175537938845,-2.60475651189128,-0.906002265005668,-1.81200453001132,-0.453001132502828,-1.13250283125708,-0.792751981879958,-1.13250283125708,-1.3590033975085,-0.792751981879958,-1.3590033975085,-1.47225368063421,-1.24575311438279,-0.679501698754248,-0.679501698754248,-0.566251415628538,-1.01925254813137,-0.453001132502828,-1.5855039637599,-2.37825594563986,-2.26500566251415,-1.01925254813137,-0.566251415628538,-2.37825594563986,-0.679501698754248,-1.47225368063421,-0.453001132502828,-1.24575311438279,-1.69875424688561,-2.26500566251415,-0.792751981879958,-1.3590033975085,-1.13250283125708,-1.01925254813137,-1.24575311438279,-0.792751981879958,-0.22650056625142,-0.679501698754248,-1.24575311438279,0.113250283125699,-0.792751981879958,-0.792751981879958,-1.81200453001132,-1.01925254813137,-0.679501698754248,-1.13250283125708,-0.792751981879958,-0.679501698754248,-0.679501698754248,-0.906002265005668,-1.01925254813137,-1.92525481313703,-1.5855039637599,-1.13250283125708,-0.339750849377118,-1.13250283125708,0.113250283125699,-2.37825594563986,-2.26500566251415,-0.453001132502828,-0.453001132502828,-2.26500566251415,-1.3590033975085,0,-2.03850509626274,-0.566251415628538,-0.11325028312571,-2.26500566251415,0.113250283125699,-1.81200453001132,-0.566251415628538,-1.3590033975085,-0.453001132502828,-3.39750849377124,-2.03850509626274,-0.566251415628538,-1.5855039637599,-2.26500566251415,-0.22650056625142,-2.15175537938845,-1.3590033975085,-1.24575311438279,-1.5855039637599,-0.792751981879958,-1.24575311438279,-1.5855039637599,-1.81200453001132,-1.24575311438279,-1.5855039637599,-1.69875424688561,-0.792751981879958,-0.792751981879958,-2.03850509626274,-0.906002265005668,-1.01925254813137,-1.01925254813137,-1.81200453001132,-1.47225368063421,-0.792751981879958,-2.37825594563986,-0.792751981879958,-0.22650056625142,-1.3590033975085,-1.5855039637599,-0.679501698754248,0.566251415628538,-0.453001132502828,-0.906002265005668,-2.37825594563986,-0.792751981879958,-0.906002265005668,-1.81200453001132,-0.792751981879958,-1.01925254813137,0.113250283125699,0.113250283125699,-1.69875424688561,-1.13250283125708,-0.679501698754248,-2.03850509626274,-0.906002265005668,-1.13250283125708,-0.792751981879958,-1.69875424688561,-0.906002265005668,-1.24575311438279,-1.13250283125708,0.113250283125699,-1.24575311438279,-0.792751981879958,0.113250283125699,-0.679501698754248,-1.92525481313703,-0.679501698754248,-1.01925254813137,-1.5855039637599,-1.81200453001132,-2.49150622876557,-0.453001132502828,-1.47225368063421,-0.906002265005668,-0.453001132502828,-1.01925254813137,-1.3590033975085,-1.5855039637599,0.906002265005657,-2.37825594563986,-0.11325028312571,-0.679501698754248,-0.453001132502828,-1.13250283125708,0,0.113250283125699,-0.453001132502828,-0.453001132502828,-1.81200453001132,-1.01925254813137,-1.01925254813137,-1.01925254813137,-1.24575311438279,-0.566251415628538,-1.3590033975085,-1.13250283125708,-0.679501698754248,-1.3590033975085,-0.679501698754248,-2.60475651189128,0.113250283125699,-1.92525481313703,0.679501698754237,-2.37825594563986,-0.566251415628538,-2.15175537938845,-1.13250283125708,-1.5855039637599,-0.339750849377118,-1.69875424688561,-2.03850509626274,-0.679501698754248,-1.92525481313703,0.339750849377118,-0.906002265005668,-2.37825594563986,-1.47225368063421,-1.13250283125708,-2.26500566251415,-1.47225368063421,-1.92525481313703,-1.5855039637599,-1.47225368063421,-1.13250283125708,-0.566251415628538,-0.906002265005668,-0.792751981879958,-3.39750849377124,-1.01925254813137,-1.92525481313703,-1.92525481313703,-1.13250283125708,-1.69875424688561,-2.71800679501699,-1.81200453001132,-0.906002265005668,-0.792751981879958,0.453001132502839,-1.13250283125708,-0.679501698754248,-0.906002265005668,-1.81200453001132,-1.3590033975085,-1.5855039637599,-2.15175537938845,-0.566251415628538,-0.906002265005668,-0.22650056625142,-0.906002265005668,-1.69875424688561,-1.5855039637599,-0.679501698754248,-0.679501698754248,-1.5855039637599,-1.13250283125708,-0.566251415628538,-1.01925254813137,-0.906002265005668,0.22650056625142,-1.3590033975085,-1.01925254813137,-0.906002265005668,-0.679501698754248,-1.5855039637599,-0.11325028312571,-2.37825594563986,-1.24575311438279,-0.906002265005668
13,-4.91510277033065,-3.57462019660411,-1.78731009830205,-3.3065236818588,-3.1277926720286,-2.59159964253798,-2.59159964253798,-3.3065236818588,-3.3958891867739,-4.02144772117963,-2.94906166219839,-4.55764075067024,-1.60857908847185,-2.85969615728329,-3.75335120643432,-3.48525469168901,-3.03842716711349,-4.28954423592494,-4.02144772117963,-4.73637176050045,-4.11081322609472,-3.3958891867739,-3.57462019660411,-3.3958891867739,-4.11081322609472,-4.46827524575514,-4.37890974084003,-3.3958891867739,-4.02144772117963,-4.64700625558534,-2.94906166219839,-4.11081322609472,-3.75335120643432,-5.63002680965148,-4.02144772117963,-3.75335120643432,-3.48525469168901,-3.75335120643432,-3.2171581769437,-3.84271671134941,-3.3065236818588,-3.93208221626452,-4.11081322609472,-2.85969615728329,-4.02144772117963,-2.68096514745308,-2.85969615728329,-3.75335120643432,-3.1277926720286,-3.93208221626452,-4.37890974084003,-3.3958891867739,-3.66398570151921,-3.75335120643432,-3.66398570151921,-3.66398570151921,-4.82573726541555,-3.57462019660411,-3.1277926720286,-3.93208221626452,-4.46827524575514,-4.37890974084003,-3.66398570151921,-3.57462019660411,-3.2171581769437,-3.93208221626452,-3.93208221626452,-2.94906166219839,-2.77033065236819,-3.75335120643432,-2.85969615728329,-4.82573726541555,-3.93208221626452,-5.18319928507596,-4.28954423592494,-4.20017873100983,-3.84271671134941,-4.55764075067024,-3.57462019660411,-3.84271671134941,-4.02144772117963,-4.64700625558534,-4.37890974084003,-3.75335120643432,-4.73637176050045,-3.2171581769437,-3.3065236818588,-3.57462019660411,-3.03842716711349,-5.18319928507596,-2.68096514745308,-4.37890974084003,-4.64700625558534,-4.20017873100983,-2.85969615728329,-4.11081322609472,-4.28954423592494,-2.32350312779267,-4.11081322609472,-3.75335120643432,-1.87667560321716,-3.3065236818588,-2.23413762287757,-4.02144772117963,-4.02144772117963,-3.03842716711349,-3.75335120643432,-2.68096514745308,-2.94906166219839,-4.46827524575514,-1.78731009830205,-4.55764075067024,-3.48525469168901,-3.1277926720286,-4.02144772117963,-5.36193029490617,-4.28954423592494,-3.3958891867739,-3.84271671134941,-3.48525469168901,-4.28954423592494,-2.50223413762288,-2.50223413762288,-3.66398570151921,-3.84271671134941,-4.20017873100983,-3.2171581769437,-4.20017873100983,-3.3065236818588,-3.48525469168901,-4.64700625558534,-4.02144772117963,-2.77033065236819,-3.75335120643432,-4.55764075067024,-4.02144772117963,-3.75335120643432,-4.46827524575514,-4.02144772117963,-4.11081322609472,-3.3958891867739,-4.20017873100983,-3.48525469168901,-4.11081322609472,-2.94906166219839,-4.55764075067024,-4.73637176050045,-3.3065236818588,-4.28954423592494,-3.84271671134941,-3.75335120643432,-4.73637176050045,-3.57462019660411,-3.93208221626452,-3.2171581769437,-4.46827524575514,-3.84271671134941,-3.1277926720286,-4.20017873100983,-4.11081322609472,-4.11081322609472,-3.3065236818588,-2.94906166219839,-4.55764075067024,-2.68096514745308,-3.1277926720286,-3.75335120643432,-3.3958891867739,-3.57462019660411,-3.48525469168901,-3.66398570151921,-3.57462019660411,-3.2171581769437,-3.48525469168901,-4.46827524575514,-4.11081322609472,-2.94906166219839,-3.48525469168901,-2.94906166219839,-3.66398570151921,-4.02144772117963,-3.1277926720286,-3.03842716711349,-4.11081322609472,-3.03842716711349,-3.57462019660411,-4.55764075067024,-2.59159964253798,-4.82573726541555,-4.02144772117963,-3.03842716711349,-4.28954423592494,-3.66398570151921,-3.3958891867739,-3.75335120643432,-2.94906166219839,-2.85969615728329,-4.20017873100983,-4.20017873100983,-4.46827524575514,-4.73637176050045,-4.73637176050045,-4.37890974084003,-4.02144772117963,-4.20017873100983,-4.02144772117963,-3.3958891867739,-3.75335120643432,-5.27256478999106,-3.66398570151921,-3.66398570151921,-2.68096514745308,-3.75335120643432,-4.91510277033065,-3.1277926720286,-4.28954423592494,-3.93208221626452,-3.48525469168901,-4.37890974084003,-2.85969615728329,-2.85969615728329,-3.3958891867739,-4.46827524575514,-2.23413762287757,-2.77033065236819,-5.00446827524575,-4.64700625558534,-4.11081322609472,-2.77033065236819,-3.2171581769437,-4.02144772117963,-4.37890974084003,-4.02144772117963,-4.37890974084003,-3.48525469168901,-4.20017873100983,-4.73637176050045,-3.3958891867739
14,1.5511892450879,0.620475698035161,-0.206825232678387,-1.03412616339194,0.517063081695968,1.03412616339194,-0.413650465356774,0.413650465356774,-0.827300930713548,1.03412616339194,-1.24095139607032,-1.24095139607032,0.930713547052742,0.827300930713548,0.620475698035161,0.413650465356774,0.930713547052742,0,-0.310237849017581,0.620475698035161,1.44777662874871,1.03412616339194,0.723888314374355,-1.03412616339194,-1.24095139607032,0.206825232678387,0.413650465356774,0.517063081695968,0.413650465356774,1.44777662874871,-1.24095139607032,-1.24095139607032,1.44777662874871,0.930713547052742,0.620475698035161,0.620475698035161,-0.827300930713548,-0.413650465356774,-0.827300930713548,0.620475698035161,0.206825232678387,-0.310237849017581,0.723888314374355,0.723888314374355,-0.413650465356774,2.99896587383661,0.620475698035161,-0.206825232678387,1.96483971044468,0.413650465356774,0.930713547052742,0.310237849017581,0.310237849017581,-0.413650465356774,1.03412616339194,0.930713547052742,1.5511892450879,1.6546018614271,0.206825232678387,-0.310237849017581,0,0.310237849017581,0.517063081695968,0.413650465356774,-1.13753877973113,1.03412616339194,0.310237849017581,-0.310237849017581,1.13753877973113,0.517063081695968,-0.103412616339194,-0.620475698035161,-0.310237849017581,0.620475698035161,0,0.827300930713548,-1.03412616339194,1.75801447776629,-0.930713547052742,0.517063081695968,0.517063081695968,0.206825232678387,-0.413650465356774,1.03412616339194,-0.827300930713548,-0.827300930713548,-0.206825232678387,-0.310237849017581,0.103412616339194,0.206825232678387,0.206825232678387,0.620475698035161,-0.620475698035161,0.620475698035161,1.5511892450879,-1.13753877973113,0.310237849017581,1.24095139607032,-0.206825232678387,0.310237849017581,0.620475698035161,0.517063081695968,2.17166494312306,-0.310237849017581,-0.517063081695968,0,-0.103412616339194,-0.723888314374355,-0.206825232678387,1.6546018614271,0.827300930713548,1.03412616339194,1.44777662874871,1.24095139607032,0.620475698035161,1.24095139607032,1.86142709410548,0.723888314374355,1.34436401240952,0.310237849017581,0.206825232678387,-0.103412616339194,-1.03412616339194,0.103412616339194,-0.620475698035161,0.827300930713548,1.6546018614271,0.620475698035161,0,0.206825232678387,0.930713547052742,-0.413650465356774,0.103412616339194,0.827300930713548,-0.206825232678387,-0.517063081695968,0.103412616339194,0.827300930713548,0.413650465356774,-0.723888314374355,0.827300930713548,0,-0.517063081695968,1.5511892450879,0.103412616339194,-0.206825232678387,0.413650465356774,-0.310237849017581,-0.930713547052742,0.620475698035161,0.723888314374355,-0.206825232678387,-0.103412616339194,0.620475698035161,1.24095139607032,0.517063081695968,-1.5511892450879,1.44777662874871,0.206825232678387,-0.103412616339194,0.723888314374355,0.413650465356774,1.03412616339194,-0.620475698035161,0.206825232678387,0.310237849017581,-0.723888314374355,0.827300930713548,0.930713547052742,-0.206825232678387,-0.310237849017581,1.34436401240952,-0.413650465356774,1.13753877973113,0.517063081695968,0.620475698035161,-0.723888314374355,-0.413650465356774,0.517063081695968,0.930713547052742,1.03412616339194,-0.310237849017581,-0.310237849017581,-1.24095139607032,-0.827300930713548,-0.413650465356774,0.723888314374355,0.517063081695968,-0.413650465356774,0.413650465356774,0.723888314374355,0,1.86142709410548,1.34436401240952,0,1.03412616339194,-0.517063081695968,2.17166494312306,0,1.86142709410548,0.930713547052742,0.517063081695968,-0.206825232678387,1.86142709410548,1.13753877973113,0,0.620475698035161,2.06825232678387,-0.723888314374355,-0.103412616339194,2.37849017580145,0.103412616339194,-0.206825232678387,1.34436401240952,0.206825232678387,0.517063081695968,-0.930713547052742,0.103412616339194,0.517063081695968,-0.517063081695968,2.17166494312306,1.44777662874871,1.13753877973113,0.827300930713548,0.206825232678387,1.75801447776629,0.206825232678387,0.827300930713548,-0.723888314374355,1.13753877973113,1.03412616339194,0.310237849017581,0.413650465356774,1.34436401240952,0.310237849017581,0.310237849017581,-0.103412616339194,1.24095139607032
15,4.4,3.73333333333334,5.46666666666666,3.86666666666666,4.53333333333332,4.4,4.13333333333334,2.66666666666666,4,4.8,4,5.06666666666666,4.53333333333332,4.53333333333332,3.86666666666666,4.26666666666666,4.53333333333332,4.4,4.53333333333332,5.2,4.13333333333334,4.26666666666666,5.06666666666666,6.13333333333332,4,5.33333333333332,3.33333333333334,4.13333333333334,5.06666666666666,3.73333333333334,2.93333333333334,4,5.06666666666666,3.46666666666666,5.2,5.33333333333332,4.8,4,4.13333333333334,6.00000000000001,3.86666666666666,5.2,4.66666666666666,4.66666666666666,5.46666666666666,5.33333333333332,4.8,4.93333333333332,6.00000000000001,2.66666666666666,4.4,2.66666666666666,4.53333333333332,4.53333333333332,3.2,3.33333333333334,5.2,5.46666666666666,4.4,5.86666666666666,5.33333333333332,5.2,6.40000000000001,5.33333333333332,6.40000000000001,3.73333333333334,3.6,4.93333333333332,3.6,4.53333333333332,3.73333333333334,4.4,4.66666666666666,4.93333333333332,5.6,3.06666666666666,4,5.33333333333332,3.6,4.8,4.93333333333332,4.4,4.4,4.53333333333332,3.46666666666666,4.13333333333334,5.06666666666666,5.06666666666666,3.86666666666666,3.46666666666666,4.4,4.93333333333332,3.2,4.53333333333332,5.46666666666666,4.13333333333334,4,4.66666666666666,4.8,5.46666666666666,4.93333333333332,4.26666666666666,5.06666666666666,3.73333333333334,3.86666666666666,6.66666666666667,5.06666666666666,5.2,4.53333333333332,5.33333333333332,4.8,3.46666666666666,3.46666666666666,4.93333333333332,4.8,5.6,4.93333333333332,4.8,3.6,4.26666666666666,3.33333333333334,4.53333333333332,4.13333333333334,3.73333333333334,5.86666666666666,3.86666666666666,4.8,4.93333333333332,4.4,5.06666666666666,4.13333333333334,5.2,3.06666666666666,4.26666666666666,4.53333333333332,5.33333333333332,3.33333333333334,4.93333333333332,4.26666666666666,4.66666666666666,5.33333333333332,3.6,3.73333333333334,4.53333333333332,4,4.66666666666666,4.26666666666666,6.13333333333332,2.66666666666666,4.53333333333332,4,2.53333333333334,5.2,4,5.73333333333332,4,4.53333333333332,2.26666666666666,3.2,5.46666666666666,3.86666666666666,5.06666666666666,2.53333333333334,5.86666666666666,5.46666666666666,3.73333333333334,5.2,4.26666666666666,5.73333333333332,3.73333333333334,3.6,5.73333333333332,3.86666666666666,3.73333333333334,5.73333333333332,3.46666666666666,4.26666666666666,4.53333333333332,4.93333333333332,4.26666666666666,4.8,3.06666666666666,2.8,4.53333333333332,4.26666666666666,3.6,6.40000000000001,4.13333333333334,4.13333333333334,5.73333333333332,5.86666666666666,5.06666666666666,6.66666666666667,4.93333333333332,4.13333333333334,3.2,4.4,5.73333333333332,3.86666666666666,4.8,4,3.33333333333334,5.06666666666666,4.93333333333332,4.53333333333332,3.86666666666666,4.8,4,5.86666666666666,4.53333333333332,3.6,5.33333333333332,4.26666666666666,4.8,5.2,3.06666666666666,4.26666666666666,5.73333333333332,3.6,4.66666666666666,4.26666666666666,4.53333333333332,3.86666666666666,3.6,5.2,5.06666666666666,5.46666666666666,4.66666666666666,3.86666666666666,3.2,3.73333333333334,3.86666666666666,5.2,4.93333333333332,3.73333333333334,4,4.93333333333332,3.86666666666666
16,5.69696969696969,6.3030303030303,5.45454545454545,5.33333333333332,5.93939393939393,8.00000000000001,6.3030303030303,6.18181818181818,5.93939393939393,7.3939393939394,7.51515151515152,6.3030303030303,5.93939393939393,7.51515151515152,6.54545454545454,6.66666666666667,7.27272727272728,5.93939393939393,6.54545454545454,7.15151515151515,6.54545454545454,6.06060606060606,6.18181818181818,7.03030303030303,6.78787878787879,5.45454545454545,5.57575757575757,7.27272727272728,5.81818181818181,5.81818181818181,6.78787878787879,7.03030303030303,5.81818181818181,5.57575757575757,5.81818181818181,6.18181818181818,5.69696969696969,6.18181818181818,6.90909090909091,5.33333333333332,4.48484848484849,6.66666666666667,6.78787878787879,6.06060606060606,7.03030303030303,6.06060606060606,5.45454545454545,6.42424242424242,4.72727272727274,6.54545454545454,6.18181818181818,7.15151515151515,6.3030303030303,5.2121212121212,6.42424242424242,5.0909090909091,7.3939393939394,7.03030303030303,7.3939393939394,5.93939393939393,6.3030303030303,7.27272727272728,6.42424242424242,5.33333333333332,6.3030303030303,6.42424242424242,5.0909090909091,7.03030303030303,8.12121212121213,5.69696969696969,5.69696969696969,6.54545454545454,5.69696969696969,5.81818181818181,6.18181818181818,7.03030303030303,7.3939393939394,6.3030303030303,6.54545454545454,6.3030303030303,7.63636363636364,5.0909090909091,6.18181818181818,7.27272727272728,6.90909090909091,6.18181818181818,7.03030303030303,6.06060606060606,6.06060606060606,5.2121212121212,6.3030303030303,5.45454545454545,6.42424242424242,6.54545454545454,6.54545454545454,7.75757575757576,5.57575757575757,5.93939393939393,6.06060606060606,6.06060606060606,7.3939393939394,7.27272727272728,5.69696969696969,7.51515151515152,6.06060606060606,6.78787878787879,6.42424242424242,6.3030303030303,7.27272727272728,5.57575757575757,5.57575757575757,5.81818181818181,5.69696969696969,5.93939393939393,7.3939393939394,7.15151515151515,4.12121212121213,5.69696969696969,6.54545454545454,5.57575757575757,6.18181818181818,5.45454545454545,6.78787878787879,7.03030303030303,6.18181818181818,5.93939393939393,5.93939393939393,6.66666666666667,7.15151515151515,5.93939393939393,5.81818181818181,6.78787878787879,6.42424242424242,5.81818181818181,7.15151515151515,6.18181818181818,5.93939393939393,5.2121212121212,6.06060606060606,6.42424242424242,6.18181818181818,6.90909090909091,6.90909090909091,8.12121212121213,6.90909090909091,6.18181818181818,5.69696969696969,5.57575757575757,6.18181818181818,6.90909090909091,7.15151515151515,7.87878787878789,6.3030303030303,7.51515151515152,6.42424242424242,6.18181818181818,5.33333333333332,5.2121212121212,5.45454545454545,7.27272727272728,5.45454545454545,6.06060606060606,5.93939393939393,5.57575757575757,6.78787878787879,7.15151515151515,5.81818181818181,6.42424242424242,5.93939393939393,6.42424242424242,6.78787878787879,7.03030303030303,6.66666666666667,6.06060606060606,5.69696969696969,5.93939393939393,6.42424242424242,5.45454545454545,6.78787878787879,6.18181818181818,5.81818181818181,7.15151515151515,6.66666666666667,6.78787878787879,5.57575757575757,6.3030303030303,5.45454545454545,6.54545454545454,5.93939393939393,6.78787878787879,5.45454545454545,6.18181818181818,6.78787878787879,6.42424242424242,6.78787878787879,6.3030303030303,6.42424242424242,6.42424242424242,6.06060606060606,6.3030303030303,6.18181818181818,6.66666666666667,5.0909090909091,7.3939393939394,6.54545454545454,6.3030303030303,6.90909090909091,5.57575757575757,5.81818181818181,5.93939393939393,6.66666666666667,6.66666666666667,6.18181818181818,6.3030303030303,7.27272727272728,6.18181818181818,3.51515151515152,6.66666666666667,5.2121212121212,7.27272727272728,6.78787878787879,6.06060606060606,5.69696969696969,7.03030303030303,6.42424242424242,7.27272727272728,5.81818181818181,7.03030303030303,6.66666666666667,6.54545454545454,7.03030303030303,6.54545454545454,6.66666666666667,7.27272727272728,5.81818181818181,5.93939393939393,6.42424242424242,6.3030303030303
17,8.88697152717861,8.4555651423641,9.0595340811044,8.19672131147542,8.88697152717861,9.14581535806729,8.0241587575496,9.3183779119931,8.62812769628991,8.541846419327,9.14581535806729,8.19672131147542,9.92234685073339,9.40465918895599,9.3183779119931,7.67903364969802,8.8006902502157,9.3183779119931,10.6125970664366,8.8006902502157,8.8006902502157,8.36928386540121,9.66350301984469,9.4909404659189,9.5772217428818,10.0086281276963,8.19672131147542,9.4909404659189,8.541846419327,9.0595340811044,8.4555651423641,9.0595340811044,8.2830025884383,8.62812769628991,9.8360655737705,10.3537532355479,9.2320966350302,7.93787748058672,9.4909404659189,9.2320966350302,9.40465918895599,9.40465918895599,9.5772217428818,8.88697152717861,9.8360655737705,8.8006902502157,9.8360655737705,9.14581535806729,8.2830025884383,9.40465918895599,8.8006902502157,9.0595340811044,8.9732528041415,8.88697152717861,8.88697152717861,9.66350301984469,8.19672131147542,9.14581535806729,8.8006902502157,8.88697152717861,8.4555651423641,8.9732528041415,8.88697152717861,8.9732528041415,8.88697152717861,7.07506471095771,8.4555651423641,8.9732528041415,8.36928386540121,8.36928386540121,8.8006902502157,7.93787748058672,6.64365832614322,8.9732528041415,8.0241587575496,8.19672131147542,10.267471958585,8.4555651423641,8.19672131147542,8.11044003451251,8.11044003451251,8.541846419327,7.42018981880932,9.2320966350302,9.2320966350302,8.4555651423641,9.2320966350302,9.2320966350302,8.62812769628991,8.9732528041415,9.40465918895599,9.4909404659189,10.1811906816221,8.7144089732528,8.88697152717861,9.66350301984469,8.4555651423641,8.8006902502157,8.62812769628991,9.0595340811044,8.62812769628991,8.11044003451251,8.36928386540121,9.92234685073339,8.88697152717861,10.267471958585,8.62812769628991,8.541846419327,8.541846419327,9.3183779119931,7.67903364969802,9.5772217428818,9.3183779119931,8.19672131147542,8.88697152717861,9.7497842968076,10.0949094046592,8.88697152717861,9.92234685073339,8.4555651423641,9.0595340811044,9.40465918895599,8.541846419327,9.40465918895599,9.0595340811044,8.7144089732528,8.8006902502157,8.8006902502157,7.7653149266609,8.9732528041415,9.5772217428818,8.9732528041415,9.40465918895599,9.8360655737705,8.8006902502157,8.36928386540121,8.8006902502157,10.0086281276963,9.3183779119931,9.92234685073339,8.62812769628991,9.66350301984469,8.8006902502157,10.4400345125108,9.8360655737705,7.59275237273511,8.7144089732528,9.92234685073339,8.0241587575496,8.8006902502157,9.5772217428818,9.4909404659189,8.19672131147542,8.9732528041415,9.66350301984469,8.36928386540121,8.62812769628991,9.5772217428818,9.66350301984469,8.7144089732528,10.1811906816221,9.40465918895599,10.5263157894737,8.9732528041415,8.541846419327,9.5772217428818,8.2830025884383,8.541846419327,10.0949094046592,8.7144089732528,9.66350301984469,9.0595340811044,10.3537532355479,8.62812769628991,9.14581535806729,8.4555651423641,8.36928386540121,9.3183779119931,9.14581535806729,8.9732528041415,8.8006902502157,8.7144089732528,8.7144089732528,9.2320966350302,9.14581535806729,8.62812769628991,8.2830025884383,8.541846419327,8.19672131147542,9.4909404659189,9.3183779119931,8.4555651423641,7.93787748058672,10.0086281276963,8.8006902502157,8.8006902502157,8.36928386540121,8.36928386540121,7.7653149266609,9.2320966350302,9.14581535806729,7.7653149266609,8.2830025884383,8.19672131147542,8.88697152717861,8.9732528041415,8.4555651423641,8.541846419327,9.40465918895599,10.0086281276963,8.0241587575496,8.7144089732528,8.19672131147542,9.14581535806729,8.7144089732528,9.14581535806729,9.5772217428818,9.8360655737705,8.36928386540121,9.7497842968076,8.19672131147542,9.4909404659189,9.2320966350302,8.19672131147542,8.0241587575496,8.62812769628991,8.541846419327,8.2830025884383,9.92234685073339,8.19672131147542,9.14581535806729,9.3183779119931,8.88697152717861,8.8006902502157,9.40465918895599,9.3183779119931,9.7497842968076,8.4555651423641
18,1.61725067385445,0.628930817610063,1.16801437556155,1.88679245283019,2.42587601078168,1.70709793351302,2.06648697214735,1.97663971248876,2.06648697214735,0.988319856244391,1.70709793351302,1.3477088948787,1.25786163522013,1.52740341419586,1.43755615453729,0.628930817610063,1.88679245283019,1.43755615453729,1.52740341419586,0.808625336927227,0.898472596585798,2.06648697214735,1.3477088948787,1.52740341419586,0.718778077268634,2.24618149146452,1.61725067385445,1.16801437556155,1.16801437556155,0.269541778975735,0.269541778975735,1.43755615453729,2.42587601078168,1.43755615453729,1.16801437556155,0.718778077268634,0.898472596585798,1.25786163522013,1.61725067385445,2.42587601078168,1.16801437556155,1.16801437556155,1.61725067385445,0.808625336927227,0.898472596585798,0.718778077268634,1.25786163522013,2.15633423180592,1.88679245283019,2.24618149146452,2.33602875112309,0.898472596585798,1.43755615453729,1.61725067385445,0.808625336927227,1.07816711590296,1.97663971248876,2.15633423180592,1.43755615453729,2.78526504941599,0.988319856244391,1.3477088948787,0.628930817610063,1.70709793351302,1.43755615453729,1.07816711590296,1.79694519317162,1.43755615453729,1.16801437556155,1.43755615453729,-0.179694519317164,1.52740341419586,2.06648697214735,2.15633423180592,0.628930817610063,1.97663971248876,0.898472596585798,1.43755615453729,0.898472596585798,1.3477088948787,0.808625336927227,1.16801437556155,2.42587601078168,1.97663971248876,0.628930817610063,1.97663971248876,1.07816711590296,0.718778077268634,1.3477088948787,0.718778077268634,0.898472596585798,0.988319856244391,2.24618149146452,1.16801437556155,1.3477088948787,1.07816711590296,0.539083557951492,2.51572327044025,1.16801437556155,1.3477088948787,1.43755615453729,1.3477088948787,1.52740341419586,1.43755615453729,0.628930817610063,0.898472596585798,1.43755615453729,0.988319856244391,2.06648697214735,0.988319856244391,1.3477088948787,2.33602875112309,1.97663971248876,2.78526504941599,0.988319856244391,1.07816711590296,0.539083557951492,0.988319856244391,1.3477088948787,1.52740341419586,0.898472596585798,1.07816711590296,2.51572327044025,0.718778077268634,0.449236298292899,0.628930817610063,0.359389038634328,1.79694519317162,0.539083557951492,0.988319856244391,0.179694519317164,0.359389038634328,1.52740341419586,1.70709793351302,1.52740341419586,1.97663971248876,2.15633423180592,1.16801437556155,1.25786163522013,2.06648697214735,2.06648697214735,0.898472596585798,1.25786163522013,0.808625336927227,1.43755615453729,1.3477088948787,1.07816711590296,2.06648697214735,1.16801437556155,0.718778077268634,0.449236298292899,1.79694519317162,1.16801437556155,2.06648697214735,1.25786163522013,0.988319856244391,1.88679245283019,1.43755615453729,1.43755615453729,1.25786163522013,1.79694519317162,0.628930817610063,0.539083557951492,2.42587601078168,1.61725067385445,1.3477088948787,1.79694519317162,1.07816711590296,1.3477088948787,2.69541778975741,1.61725067385445,2.42587601078168,1.70709793351302,1.79694519317162,1.16801437556155,0.539083557951492,0.269541778975735,1.16801437556155,2.78526504941599,1.16801437556155,1.07816711590296,0.898472596585798,1.88679245283019,1.16801437556155,0.269541778975735,0.718778077268634,1.3477088948787,1.3477088948787,0.898472596585798,1.07816711590296,1.3477088948787,0.808625336927227,1.16801437556155,1.97663971248876,0.539083557951492,1.43755615453729,1.70709793351302,1.97663971248876,2.33602875112309,1.16801437556155,-0.089847259658582,0.988319856244391,0.269541778975735,1.52740341419586,0.988319856244391,0.808625336927227,0.898472596585798,0.0898472596585709,2.15633423180592,1.70709793351302,0.898472596585798,1.79694519317162,1.61725067385445,2.42587601078168,0.808625336927227,0.449236298292899,1.61725067385445,2.51572327044025,0.988319856244391,1.43755615453729,0.269541778975735,1.3477088948787,0.988319856244391,1.97663971248876,1.79694519317162,1.61725067385445,1.25786163522013,0.539083557951492,2.15633423180592,1.70709793351302,0.808625336927227,0.898472596585798,1.25786163522013,2.24618149146452,0.988319856244391,0,1.25786163522013,1.79694519317162
19,4.25531914893618,4.92021276595744,3.59042553191489,5.3191489361702,4.25531914893618,4.25531914893618,4.78723404255319,5.58510638297873,3.98936170212767,2.52659574468086,2.79255319148937,3.05851063829787,3.85638297872339,4.92021276595744,3.32446808510638,3.32446808510638,3.72340425531914,5.18617021276595,3.19148936170213,4.78723404255319,3.85638297872339,3.85638297872339,5.18617021276595,4.65425531914894,4.25531914893618,5.98404255319149,5.58510638297873,4.12234042553192,3.85638297872339,3.32446808510638,3.85638297872339,3.72340425531914,3.45744680851063,3.19148936170213,4.12234042553192,4.25531914893618,3.45744680851063,3.19148936170213,3.72340425531914,4.12234042553192,4.65425531914894,4.12234042553192,4.65425531914894,4.92021276595744,3.98936170212767,4.52127659574468,4.92021276595744,2.65957446808511,5.0531914893617,5.3191489361702,4.65425531914894,4.78723404255319,3.72340425531914,2.65957446808511,4.25531914893618,5.3191489361702,5.0531914893617,5.0531914893617,5.71808510638299,4.25531914893618,4.38829787234043,3.72340425531914,3.45744680851063,3.85638297872339,4.65425531914894,3.72340425531914,5.71808510638299,5.3191489361702,3.98936170212767,3.85638297872339,3.32446808510638,3.32446808510638,2.65957446808511,3.19148936170213,3.45744680851063,4.52127659574468,3.98936170212767,4.12234042553192,4.12234042553192,3.72340425531914,3.59042553191489,3.59042553191489,5.0531914893617,4.52127659574468,4.52127659574468,3.72340425531914,3.45744680851063,4.38829787234043,4.52127659574468,3.85638297872339,3.32446808510638,4.78723404255319,4.52127659574468,5.3191489361702,4.25531914893618,3.98936170212767,4.78723404255319,3.98936170212767,5.18617021276595,3.32446808510638,4.12234042553192,5.98404255319149,3.59042553191489,4.78723404255319,3.72340425531914,5.18617021276595,4.38829787234043,4.12234042553192,3.45744680851063,3.45744680851063,4.25531914893618,3.59042553191489,2.65957446808511,6.91489361702127,3.98936170212767,3.85638297872339,3.72340425531914,5.98404255319149,3.59042553191489,3.85638297872339,3.45744680851063,3.72340425531914,5.18617021276595,5.18617021276595,3.05851063829787,5.3191489361702,3.98936170212767,3.32446808510638,5.0531914893617,2.65957446808511,4.25531914893618,2.79255319148937,4.12234042553192,3.98936170212767,3.32446808510638,4.25531914893618,3.98936170212767,4.65425531914894,4.92021276595744,3.32446808510638,4.78723404255319,3.85638297872339,4.92021276595744,3.59042553191489,4.78723404255319,3.72340425531914,3.32446808510638,4.12234042553192,2.65957446808511,3.32446808510638,3.85638297872339,4.38829787234043,4.78723404255319,4.38829787234043,4.38829787234043,4.25531914893618,2.26063829787233,4.38829787234043,4.52127659574468,3.45744680851063,5.18617021276595,3.59042553191489,3.85638297872339,3.98936170212767,4.92021276595744,3.98936170212767,3.32446808510638,3.19148936170213,2.12765957446808,3.98936170212767,1.86170212765957,4.38829787234043,5.71808510638299,5.0531914893617,4.65425531914894,5.0531914893617,4.92021276595744,3.72340425531914,3.45744680851063,3.98936170212767,3.32446808510638,4.92021276595744,3.72340425531914,3.98936170212767,4.52127659574468,3.98936170212767,6.25,4.65425531914894,4.78723404255319,4.12234042553192,3.59042553191489,4.52127659574468,4.65425531914894,4.92021276595744,3.85638297872339,5.45212765957446,3.98936170212767,4.78723404255319,5.18617021276595,4.25531914893618,4.92021276595744,4.25531914893618,5.3191489361702,4.65425531914894,4.65425531914894,4.78723404255319,4.38829787234043,3.32446808510638,5.0531914893617,5.18617021276595,4.52127659574468,4.78723404255319,3.85638297872339,2.92553191489362,4.52127659574468,4.65425531914894,4.52127659574468,4.65425531914894,3.32446808510638,3.59042553191489,4.25531914893618,3.19148936170213,4.38829787234043,3.59042553191489,3.32446808510638,4.65425531914894,3.72340425531914,4.25531914893618,4.12234042553192,2.92553191489362,4.12234042553192,4.92021276595744,3.32446808510638,4.92021276595744,7.1808510638298,4.38829787234043,3.98936170212767,4.12234042553192
20,-0.694444444444442,-0.694444444444442,-0.462962962962965,-1.54320987654321,-0.385802469135799,-0.231481481481477,-0.771604938271608,0.0771604938271553,-1.08024691358025,-1.23456790123457,-0.308641975308643,-0.694444444444442,-1.54320987654321,-1.31172839506173,0,-0.54012345679012,-0.462962962962965,-0.462962962962965,-0.92592592592593,-1.46604938271605,-1.77469135802469,-1.23456790123457,-0.771604938271608,-0.154320987654322,-0.54012345679012,-0.462962962962965,-1.15740740740741,-1.31172839506173,-1.00308641975309,-1.00308641975309,-0.54012345679012,-0.617283950617287,-1.23456790123457,-0.54012345679012,-1.23456790123457,-0.0771604938271553,-1.38888888888888,-1.08024691358025,-1.46604938271605,-0.771604938271608,-1.15740740740741,-0.54012345679012,-1.38888888888888,-1.15740740740741,-0.92592592592593,-0.308641975308643,-1.31172839506173,-0.771604938271608,-0.92592592592593,-0.771604938271608,-0.231481481481477,-0.848765432098764,-1.15740740740741,-0.848765432098764,-1.15740740740741,-0.154320987654322,-0.848765432098764,-0.848765432098764,0.0771604938271553,-0.694444444444442,-0.385802469135799,-1.00308641975309,-0.617283950617287,-0.54012345679012,-0.308641975308643,-0.771604938271608,-0.0771604938271553,-0.771604938271608,-0.694444444444442,-1.38888888888888,-1.08024691358025,-1.54320987654321,-1.15740740740741,-1.00308641975309,-0.0771604938271553,-2.08333333333334,-0.308641975308643,-1.69753086419753,-0.694444444444442,-0.154320987654322,-0.848765432098764,-1.23456790123457,-0.308641975308643,-0.771604938271608,-0.771604938271608,-0.617283950617287,-0.848765432098764,-1.23456790123457,-1.08024691358025,-1.85185185185185,0,0.462962962962954,0.154320987654311,-1.00308641975309,-1.38888888888888,-0.308641975308643,-0.92592592592593,-1.46604938271605,-0.308641975308643,-1.31172839506173,-0.154320987654322,-0.154320987654322,-0.308641975308643,-1.92901234567902,-0.231481481481477,-1.62037037037037,-1.31172839506173,0.540123456790131,-0.771604938271608,-0.617283950617287,-0.0771604938271553,-0.308641975308643,-0.385802469135799,-0.154320987654322,-1.92901234567902,-0.385802469135799,-1.23456790123457,0.771604938271597,-0.385802469135799,-0.0771604938271553,-0.54012345679012,-1.23456790123457,-1.46604938271605,-0.694444444444442,-1.00308641975309,-0.617283950617287,0.540123456790131,-1.31172839506173,-1.23456790123457,-1.54320987654321,0.154320987654311,-0.694444444444442,-0.92592592592593,-0.0771604938271553,-0.154320987654322,-0.0771604938271553,0.0771604938271553,-1.92901234567902,-0.92592592592593,-1.08024691358025,-0.462962962962965,-0.771604938271608,0.385802469135799,-0.54012345679012,-1.69753086419753,-1.31172839506173,-1.23456790123457,-2.39197530864198,-1.31172839506173,-1.23456790123457,-1.46604938271605,-0.308641975308643,-1.00308641975309,-0.0771604938271553,-1.85185185185185,-0.694444444444442,-0.848765432098764,-0.617283950617287,0.231481481481488,-0.54012345679012,-0.771604938271608,-0.154320987654322,-1.31172839506173,-0.694444444444442,-0.308641975308643,-0.154320987654322,0,0.154320987654311,-1.08024691358025,-0.771604938271608,-0.617283950617287,1.54320987654322,-0.694444444444442,-0.694444444444442,-1.54320987654321,-1.23456790123457,-0.92592592592593,-0.617283950617287,-1.08024691358025,-1.54320987654321,-1.00308641975309,-0.617283950617287,-1.15740740740741,-1.00308641975309,0.308641975308643,-0.231481481481477,-0.694444444444442,-0.617283950617287,-0.154320987654322,-1.23456790123457,0,-1.00308641975309,-0.462962962962965,-0.92592592592593,-0.771604938271608,-0.617283950617287,-0.54012345679012,-0.771604938271608,-1.85185185185185,0.231481481481488,0.0771604938271553,-0.0771604938271553,-0.617283950617287,-1.00308641975309,-0.617283950617287,-0.385802469135799,-0.617283950617287,-0.54012345679012,-0.92592592592593,0.540123456790131,-0.308641975308643,-0.154320987654322,-0.92592592592593,-1.08024691358025,-0.771604938271608,-0.462962962962965,-0.231481481481477,-0.462962962962965,-0.54012345679012,-1.00308641975309,-0.54012345679012,-0.231481481481477,-0.462962962962965,-0.462962962962965,-1.15740740740741,-0.771604938271608,-0.308641975308643,-1.00308641975309,-1.08024691358025,-0.231481481481477,-0.617283950617287,-1.54320987654321,-1.69753086419753,-1.08024691358025,-0.54012345679012,-0.462962962962965,-0.771604938271608,-0.308641975308643
21,10.5545617173524,10.1967799642218,10.8228980322004,10.6440071556351,10.2862254025045,11.0017889087657,10.8228980322004,10.1073345259392,10.1073345259392,10.1073345259392,10.0178890876565,10.912343470483,9.30232558139534,10.1967799642218,9.57066189624329,9.66010733452594,8.76565295169947,9.83899821109124,9.92844364937389,9.66010733452594,10.1073345259392,10.912343470483,10.1073345259392,10.4651162790698,9.39177101967799,9.66010733452594,10.3756708407871,10.2862254025045,9.48121645796065,10.0178890876565,10.1073345259392,9.30232558139534,10.1073345259392,8.85509838998211,9.57066189624329,9.2128801431127,9.2128801431127,11.1806797853309,10.0178890876565,9.57066189624329,8.94454382826475,9.92844364937389,10.5545617173524,10.4651162790698,10.5545617173524,9.92844364937389,9.12343470483006,11.1806797853309,9.66010733452594,10.8228980322004,9.66010733452594,10.1073345259392,9.83899821109124,10.0178890876565,9.03398926654742,10.2862254025045,9.92844364937389,9.83899821109124,10.4651162790698,10.5545617173524,9.83899821109124,10.1073345259392,10.6440071556351,9.12343470483006,10.3756708407871,9.83899821109124,10.2862254025045,10.2862254025045,10.0178890876565,10.8228980322004,9.92844364937389,8.49731663685152,9.92844364937389,10.912343470483,10.4651162790698,10.3756708407871,8.76565295169947,9.66010733452594,9.74955277280858,10.2862254025045,9.83899821109124,10.8228980322004,11.0912343470483,9.74955277280858,10.1073345259392,9.03398926654742,9.74955277280858,10.5545617173524,11.1806797853309,10.1967799642218,9.30232558139534,10.2862254025045,8.85509838998211,8.40787119856887,9.83899821109124,11.6279069767442,9.48121645796065,10.8228980322004,9.74955277280858,10.8228980322004,10.3756708407871,9.57066189624329,10.1967799642218,9.12343470483006,9.30232558139534,9.66010733452594,9.92844364937389,10.1073345259392,10.7334525939177,10.0178890876565,11.6279069767442,9.12343470483006,9.92844364937389,8.85509838998211,11.6279069767442,9.74955277280858,9.03398926654742,9.39177101967799,9.92844364937389,9.2128801431127,9.66010733452594,9.2128801431127,10.5545617173524,10.0178890876565,10.8228980322004,10.6440071556351,10.1967799642218,10.4651162790698,11.0017889087657,9.57066189624329,9.83899821109124,10.4651162790698,9.66010733452594,11.4490161001789,9.48121645796065,11.3595706618962,9.39177101967799,9.74955277280858,9.66010733452594,9.57066189624329,9.30232558139534,9.66010733452594,10.2862254025045,9.83899821109124,10.1967799642218,9.30232558139534,10.7334525939177,10.5545617173524,10.1073345259392,10.5545617173524,10.4651162790698,10.2862254025045,8.67620751341682,9.66010733452594,10.6440071556351,10.5545617173524,9.83899821109124,9.2128801431127,8.67620751341682,9.30232558139534,10.5545617173524,10.912343470483,10.1073345259392,9.83899821109124,9.83899821109124,9.66010733452594,10.3756708407871,11.0017889087657,10.3756708407871,10.7334525939177,9.57066189624329,9.30232558139534,9.57066189624329,9.57066189624329,9.74955277280858,9.66010733452594,11.4490161001789,10.912343470483,10.1967799642218,10.1073345259392,10.0178890876565,9.92844364937389,10.0178890876565,11.1806797853309,10.1967799642218,10.1967799642218,9.66010733452594,10.3756708407871,9.83899821109124,10.4651162790698,10.3756708407871,9.12343470483006,11.0912343470483,9.83899821109124,11.6279069767442,9.74955277280858,9.83899821109124,9.74955277280858,10.7334525939177,10.5545617173524,9.92844364937389,11.4490161001789,9.74955277280858,10.5545617173524,9.83899821109124,10.1967799642218,9.48121645796065,10.0178890876565,10.1967799642218,9.66010733452594,10.1073345259392,9.83899821109124,10.4651162790698,9.74955277280858,10.5545617173524,10.1967799642218,11.2701252236136,10.0178890876565,9.2128801431127,10.2862254025045,10.0178890876565,9.83899821109124,10.5545617173524,10.1073345259392,9.83899821109124,10.2862254025045,10.3756708407871,9.57066189624329,9.66010733452594,10.5545617173524,10.0178890876565,9.2128801431127,10.1073345259392,10.0178890876565,9.92844364937389,10.4651162790698,10.0178890876565,10.912343470483
