PeriodId,bird-3,bird-22,bird-30,bird-34,bird-39,bird-44,bird-53,bird-62,bird-103,bird-106,bird-109,bird-112,bird-115,bird-118,bird-121,bird-124,bird-127,bird-130,bird-133,bird-136,bird-139,bird-142,bird-145,bird-148,bird-151,bird-154,bird-157,bird-160,bird-163,bird-166,bird-169,bird-172,bird-175,bird-178,bird-181,bird-184,bird-187,bird-190,bird-193,bird-196,bird-199,bird-202,bird-205,bird-208,bird-211,bird-214,bird-217,bird-220,bird-223,bird-226,bird-229,bird-232,bird-235,bird-238,bird-241,bird-244,bird-247,bird-250,bird-253,bird-256,bird-259,bird-262,bird-265,bird-268,bird-271,bird-274,bird-277,bird-280,bird-283,bird-286,bird-289,bird-292,bird-295,bird-298,bird-301,bird-304,bird-307,bird-310,bird-313,bird-316,bird-319,bird-322,bird-325,bird-328,bird-331,bird-334,bird-337,bird-340,bird-343,bird-346,bird-349,bird-352,bird-355,bird-358,bird-361,bird-364,bird-367,bird-370,bird-373,bird-376,bird-379,bird-382,bird-385,bird-388,bird-391,bird-394,bird-397,bird-400,bird-403,bird-406,bird-409,bird-412,bird-415,bird-418,bird-421,bird-424,bird-427,bird-430,bird-433,bird-436,bird-439,bird-442,bird-445,bird-448,bird-451,bird-454,bird-457,bird-460,bird-463,bird-466,bird-469,bird-472,bird-475,cHRev-554,cHRev-563,cHRev-566,cHRev-569,cHRev-572,cHRev-575,cHRev-578,cHRev-581,cHRev-584,cHRev-587,cHRev-590,cHRev-593,cHRev-596,cHRev-599,cHRev-602,cHRev-605,cHRev-608,cHRev-611,cHRev-614,cHRev-617,cHRev-620,cHRev-623,cHRev-626,cHRev-629,cHRev-632,cHRev-635,cHRev-638,cHRev-641,cHRev-644,cHRev-647,cHRev-650,cHRev-653,cHRev-656,cHRev-731,cHRev-751,cHRev-754,cHRev-757,cHRev-760,cHRev-763,cHRev-766,cHRev-769,cHRev-772,cHRev-775,cHRev-778,cHRev-781,cHRev-784,cHRev-787,cHRev-790,cHRev-793,cHRev-796,cHRev-799,cHRev-802,cHRev-805,cHRev-808,cHRev-811,cHRev-814,cHRev-817,cHRev-820,cHRev-823,cHRev-826,cHRev-829,cHRev-832,cHRev-835,cHRev-838,cHRev-841,cHRev-844,cHRev-847,cHRev-850,cHRev-853,cHRev-856,cHRev-859,cHRev-862,cHRev-865,cHRev-868,cHRev-871,cHRev-874,cHRev-877,cHRev-880,cHRev-885,cHRev-888,cHRev-891,cHRev-894,cHRev-897,cHRev-900,cHRev-903,cHRev-906,cHRev-909,cHRev-912,cHRev-915,cHRev-918,cHRev-921,cHRev-924,cHRev-927,cHRev-930,cHRev-933,cHRev-936,cHRev-939,cHRev-942,cHRev-945,cHRev-948,cHRev-951,cHRev-954,cHRev-957,cHRev-960,cHRev-963,cHRev-966,cHRev-969,cHRev-972,cHRev-975,cHRev-978,cHRev-981,cHRev-984,cHRev-987,cHRev-990
1,45.4383675266104,31.4039930429072,28.7089877435926,27.8842890501049,31.9413105415893,33.1438278253832,69.53350896076,71.2996931797967,72.5513978597254,71.648735001711,72.0164204643597,70.6018526290595,71.8792955413861,70.6936937777767,70.7412696959892,71.3769361145334,70.4636595443992,72.086919707616,69.8296705265651,69.4670048368524,69.6135102699953,71.2579056453966,69.8285004930472,71.1501178147264,68.9517344610354,70.756878565891,70.3325769087067,70.9808113354712,71.1458190021648,70.6381029828925,70.6249629307128,72.0404262545869,70.3100648170112,69.9270506999687,70.6363249252584,70.1780910999807,71.4216129271846,72.0879784002311,71.9746765156393,70.2656300302049,72.5257836039701,70.4181499520966,71.057499825408,70.2216596127138,70.2114201018903,72.0451152455492,71.3023747670564,71.4628404677923,70.7061859320448,70.3636711101463,70.0833743659934,70.734088054951,70.9539089978811,71.2709545707008,70.9148803232887,70.2091816884402,70.5528933885727,72.5245853170383,70.8665577226485,71.6851225616091,72.0338931955854,71.4529953675113,70.7673667574585,70.6113325306712,71.5521362096615,70.0252063749897,72.1693959794794,71.5378818048097,69.8913320089339,71.4655747654187,70.6162158702149,70.8887395700871,70.3672208370905,71.0080751081872,71.5918427318396,72.3431939978226,71.3656442008822,70.266730617662,70.2709590072364,70.9652845866255,72.1974749268675,69.4093478320703,72.6631229610461,70.7623574309179,70.793677738959,71.884642156971,71.5917079195402,71.1964432108223,70.5612898117965,71.5619951012924,71.6353315590889,71.5570246775317,70.8016823895272,71.3237591239403,69.7222487802244,70.1055913928866,70.7181906024804,70.6312649059761,71.5382716374972,71.4040503318464,71.4814038352103,71.3247947397667,71.4158805150035,71.3153739360215,71.655872075484,70.8218148136721,70.9099547405623,70.9831155132809,70.1131139381795,70.9422496516909,72.0389712616077,70.5251743363566,71.88401224163,69.6584362187459,70.6461088935964,70.5236776711648,70.2087677879543,69.2409984569758,71.2304637960673,70.7400089199691,70.523265437474,71.0155027123486,70.9126855792847,72.0933962845045,69.3921901345909,71.9614422070184,70.6185986657426,70.6778868105661,69.6703218824053,69.808154507339,69.8484101756009,70.8456530063994,71.2978556120154,70.8080557201022,71.6499656156311,72.1982565788749,70.399622540625,69.8624939076894,70.850271981034,71.5586503882734,70.7818946423454,71.6911323779826,71.0447864766509,71.4612158650343,71.8063143274808,70.4306397365801,70.3047267287492,70.3812477786841,71.0406668735998,72.1118520600827,70.7682131917207,71.77111562114,72.1831611183182,71.0508997188925,69.7709232376122,71.6622069455133,70.0950611313828,70.5226577474772,72.2545938720494,70.6139446926588,71.0741155238245,69.9875785888836,70.3696128984897,72.3768982419563,70.2246808401971,69.808850860533,70.3529970815719,70.0727638923785,70.3499192607448,69.8347089553368,71.5926957999064,70.3924080955219,70.7297585882749,70.8132014139414,70.737191807034,69.6967395455544,70.2855619396299,70.548089199606,70.1771214699519,69.6611296058652,72.2138544150066,71.8107356051577,71.3532281865705,71.680290849621,70.2161640634384,70.0705819604763,71.7162607196908,71.1811638296123,71.5548971784985,70.6468890557361,71.0800431776558,70.2648148507516,70.425800881268,70.3178188157366,71.2467426734729,72.1018336728734,70.3741755216713,70.0671381093618,70.2783397427335,72.048848345822,72.1164066122588,72.048947045242,70.6514559577238,69.4535259185726,69.579297241036,71.415365873689,70.5022281943171,71.4648855949427,71.1787848854428,71.8091845070969,71.7105602012301,70.3068320753446,71.5779191744902,71.058105966149,70.1329187772315,69.9833693072772,71.4319377310782,69.8705107469817,70.0038183642046,70.8724754603926,71.0857531514713,71.7327779352674,71.7093871541583,72.275633728409,70.8100855990133,71.5923928830471,69.3789322980421,71.1868523519482,70.4698762371168,72.367926772675,71.4868919163285,69.8063217902196,71.2863809407754,71.41377458754,70.2151975077108,71.9972733872958,70.836371823809,70.8096391369187,72.0004624566594,71.6664950058488,70.6203488125601,71.2336589657347,72.2903194519007,70.5062837880156,70.4959390062423,71.0705287875115,70.5731152938161
2,14.7634667063691,-8.24794655882157,-7.19062180337536,-7.71380275257023,-6.52544244888457,-7.32529741297809,23.6534314695446,23.5345308956844,24.0288116420963,24.5098641215377,24.0652879472576,24.430040059002,23.922711046678,23.3873417341959,23.6839411205061,23.6783560348074,24.3504389059627,24.20968198376,23.9845696618474,23.7292546776322,22.9399576396172,23.7175310061557,23.2875668477424,23.7501652416825,24.6430154483376,23.6101061714651,24.1221465721803,24.1136072259811,23.9094883791355,23.9872793037491,24.0977586012495,23.6716986567462,24.0844611319113,24.2883183132539,23.6183713258774,23.7803553535284,23.8253210403674,24.1495835306344,23.9158358519701,24.1633873930536,23.2679401354764,24.6131900783877,24.6747529113201,22.8887500796081,23.3700073031426,24.7167429978937,23.7398826105692,23.4076172436533,23.1752046597218,23.9933933564143,24.207325164448,23.8008847893543,23.9910413183852,23.9079918002695,23.0062585443768,23.8885491672323,23.118628564544,23.8067576981619,23.5990088227164,23.4572309776478,23.5098467883449,24.261306815223,23.1924196064041,24.0931128311072,23.3735377251928,24.2564428390532,23.943582206848,23.5471240028877,23.4428745995461,23.1793391945769,23.9911631812666,23.9490543376857,23.8713778767357,24.1599153999369,23.9165380512236,23.2670086027084,23.4532975815767,23.8901457563224,23.39796540722,24.5863026844886,23.3636533850029,24.0775388607958,24.5057485118981,23.89020820536,23.6474781510864,23.8473570487563,24.6429865913795,23.6757741078415,23.0260336661393,24.249299881113,23.8018297581016,23.4534765994442,24.1585567000241,24.0686318728757,23.8134894738446,23.5000507106364,23.6586354789845,23.4509678313382,24.2975806438667,24.6445124927082,24.0403653077891,23.4600747663805,23.4544066334447,23.9946547781307,24.3539155248157,23.5622045466033,23.9925559981629,24.1651128137195,23.2459790711651,23.6226381052998,24.7963114475478,24.2562294956776,23.5548211580205,23.2490291890467,22.7525807687502,24.2115453635362,23.5268890352498,24.7754604301702,24.4840520078061,23.597594875184,23.7974691389795,23.3610582206613,24.1334756534321,23.7694454456188,23.7185184825877,23.9720225307557,24.2256047578101,23.4056772312243,24.4089673976494,23.3347159528078,22.5577953017584,23.8608494062026,23.5074318265262,23.8837817222391,23.5550754811932,24.0814747178436,22.6516763915083,23.3794477501079,23.6135550031149,23.11165781274,23.8316879677178,24.0604497170977,24.0794864585282,24.2779654706596,24.4049745611955,24.1333355538859,23.4548044566143,24.3650879224055,24.7047448247492,24.175968960205,24.2032867820985,24.1100722809922,23.735654327166,24.277006733392,23.2658974792777,22.8284268785974,23.7435184159667,23.6306529423747,24.2486720744544,24.077658530544,24.6242399325484,23.3708671056212,23.7396731136762,23.5553687169951,24.1745382455716,24.0444082863799,24.2931973556467,23.6978915233502,24.2022610861036,23.9335592986709,23.22724674923,23.6799343995195,23.6293434690614,24.3120402511351,23.3686968649899,23.9013772484281,23.7734456412041,23.7680925821272,24.6503281819709,23.1747213172036,24.4543271009691,23.4768364286806,24.1533297523412,23.5512238637805,23.838847164355,22.9224334854701,23.5457233575306,23.6991141551053,24.4300483150479,23.9330236102068,24.0145697713221,23.6317307256844,24.0616063382234,23.6561959770967,24.1370935012831,22.9696224994227,23.951516060906,23.8544838817998,23.5391142835751,24.4449656043973,24.0311565962678,24.0335966112719,24.2209652782019,23.3022312066955,23.7980035027529,23.5632211309513,24.442889224669,23.9451269998486,23.4829671704458,23.5584305647723,24.2888999576582,22.7841149851489,24.0494085762601,23.7135729267341,23.6827883761582,24.0518702406692,24.1899227959395,24.6240118024607,23.545684074098,23.7454963169591,23.9833907524349,23.4325946793112,24.0718476875176,23.3899839401573,24.5748898874632,23.40921410034,23.650884745921,23.9361214314596,24.2645572743582,23.90298881648,25.1893797883031,24.169176487545,24.4990196142089,23.8558987188979,24.0749916405828,23.6307413081776,22.9962732941583,23.6319318102242,23.6290542127872,22.9981453114061,23.5460262353393,24.1585655327776,23.5164543538522,23.5143028496868,23.2280556121245,23.832600606871,24.0739815805195
3,4.10337498949815,-8.29398939253176,-10.2437669848887,-9.98522204140795,-7.98376643318814,-7.95979180819431,13.4931524764703,11.9185419523734,13.7453037254038,11.2469678512359,12.4052401115825,12.268947034518,12.2215408039037,11.9605278708423,13.4749371531456,11.7621457594861,12.399024900754,11.6508817680899,12.5864351744135,11.5079848472038,12.8014295553193,11.5327240214867,11.7397581227588,12.4958173376537,12.7563212301037,11.7458037420112,13.1382680968996,13.4695611369052,11.4548420759748,12.9732206804952,12.3013484358252,12.3395293802494,11.9654415805812,12.9671116987938,12.6844118256759,11.8235103653664,11.6815624085215,13.0235956113991,12.4898302365539,11.983289783886,12.5286283576278,11.8212231081154,12.2695881519733,12.1136790951883,12.3067425787402,12.7469761469092,12.1699350583341,12.6519645451144,10.8838920564033,12.1517724024609,11.6350244891511,11.5288681570282,12.6497330088839,11.7209615428518,13.3016506711015,12.8868904669299,12.7547806571642,13.1419028570488,11.9952955450733,11.0879654791981,11.8900391790546,11.3705809493216,10.5646472923905,11.9284534833407,12.7446935837271,11.902707222239,13.0706206847842,11.8862479196652,12.9109206711032,11.0635946542013,12.6655127020857,13.1309843278832,13.5326429765032,10.6638267133858,12.187726630369,12.3219705315509,11.9139571311671,13.0070921834298,12.6921446476131,11.2920137769885,11.4272334170821,12.3155819001424,12.8403977977653,13.4756280219982,12.7141010450329,11.3613280029749,12.3554292412178,11.7148789112932,12.7060066769654,12.978167179168,11.5964354295023,13.1262492618395,12.6704995736439,11.9897670542723,13.3841377112863,12.2995566433455,11.0057671703277,12.1164184996595,11.8136118746559,12.935191311858,12.4505799615921,10.8197833803649,12.55017881386,12.8415773833387,13.0249898018914,12.2106004775384,12.8027079946456,11.8740415593952,12.5911483902056,11.5830124582217,11.9231495549207,12.0452689257775,12.0630568452675,13.5912530184287,11.5417973585568,13.3672346159048,12.24910964754,11.0617720342813,11.7418133349064,12.1375701189212,11.737538466605,10.6984214538633,10.7424805979581,12.4517789959815,12.5241665889388,12.3247572468736,11.7453800511257,12.5957221498459,13.3209965043012,12.6592231617809,10.4891260546619,12.6610445203511,12.8075881460936,12.5919858725465,14.4288430609449,12.3164784271565,12.1239250440084,11.701786542808,13.8886890941598,12.2244798539027,13.0503912855703,11.7240303021642,11.1567183919782,12.6800608483574,13.0514491107629,12.8852880457467,12.8783180850687,11.8873886202885,12.9201868155402,13.029604667657,12.3797019057534,11.5791374400328,11.8839198620375,11.624268516486,12.3286889907709,13.8216372786569,13.2136719856139,12.3842661667613,12.6908933166363,12.2373913572249,12.4630208920021,11.3689841701003,13.0146092811644,12.0473276558829,12.2415523269487,12.0641718165718,12.591279772918,13.2365957202306,11.6854328131029,11.5611256281372,12.6670168771735,12.3674866328251,13.1287865498412,12.7747536725908,10.959008036868,11.2867137211991,12.1573561305166,13.0921517188595,12.5452228337847,12.1537344090284,12.7301329769311,11.9824917126528,10.8986512048852,13.2523071929761,12.4871972040219,12.2439556187772,12.7750438693416,12.6286166330155,12.7251494443689,12.5554827537231,12.5208437076855,13.0997286901457,12.5927391534133,13.1452323037506,11.0453920585243,12.3202145210404,11.7913584025958,11.6381695765911,11.8444904969691,12.5421224315428,12.2084865181124,11.7014120873023,12.8646992339363,12.669563938931,10.9249010543245,12.0870799356038,10.6051199501656,11.7540910303167,12.094209289305,11.4353743719614,12.0903536481831,12.4782701155269,13.8714083425697,12.2776394180276,12.6911965376819,13.021048860915,12.6091373783684,11.8276981221536,12.0505663528919,12.418820954044,12.5320952288958,12.5737992910492,14.1868982978718,12.8029261486659,12.8079828452579,11.7577301541798,11.4924135902813,11.4258692382825,12.6057823462349,11.9036740844149,12.3942280213486,12.2623844543294,11.9989946989878,11.227540456813,12.4698884882188,12.3829347220528,12.837507379067,11.3842251077741,12.7210246813439,12.6369286700694,12.2071355275151,13.4571293733428,12.4161519007643,11.5774441399038,11.193803625523,11.6461787328058,13.0890378887908
4,-0.625411737905457,-5.00409104329409,-5.10678866808739,-5.92639971754557,-5.64777399838272,-5.46428414257757,5.69593190292461,5.80908704985548,5.6676261655584,5.60467988223472,5.37086391898958,5.9978112609939,5.71945770507292,6.11922981773649,5.70550490778714,5.72184701473317,5.77665042650055,6.61763391000632,5.64384257105333,6.56654881747574,6.13593354794253,6.50390390662789,5.80998866598401,5.97985739541105,5.71843267315542,6.0261670021581,5.81350098241626,6.329558221874,5.87600130156185,5.26929847333226,5.65043111251011,5.41409695886039,6.12504046798272,5.72785464310992,6.36613874603811,5.53105694281086,5.85057283710058,5.74530887083671,5.94374009850525,5.48195815072858,5.33279055952867,5.88681312388055,5.8329113775317,5.48591776681797,5.51281297505539,5.44917253365358,6.34063664759983,5.40345648313982,5.59846495644944,5.82949524291894,5.91827060716894,6.267603133286,5.4601722853594,5.96185924410897,5.97722521488433,5.77615780000464,4.91339055875428,6.30509247476378,5.42183027558574,5.84622095198675,5.91520834004657,5.65474114685554,6.12367825854716,5.63075142247194,5.98086672987086,5.28572781317864,5.75780988760142,6.34572283983186,5.85904208531791,6.19214307463549,5.00560335054321,5.27762762022645,6.64098204942167,5.96689116274816,6.16796493646412,5.93802101869301,6.40729287692177,5.455939732506,6.29000612714743,5.13127179409152,6.18698447647814,5.97656053853999,5.59880224437213,5.29473277516606,5.75676203079813,5.70441053207167,5.59826792524032,5.45012209241804,5.54781481002613,5.91339726525029,6.06245903179146,6.12956370712607,6.04329076771863,6.19127864013707,5.65951665920919,6.11869884244511,5.40932629000412,5.98991029943805,5.90503535636586,6.35305612821033,5.38714330010108,6.8174866778854,5.94437710729132,5.6955844570779,5.11116525017037,5.81024558302214,6.13743431900962,5.90411964196604,5.20508608712504,5.81081792301106,4.98136021148621,5.6459652163479,6.04212632630037,5.3853156889464,5.9027310923256,6.17375729643082,5.03245434807258,6.37414389542852,5.66055679742128,4.97901671310059,5.27484767458839,5.78493135866149,5.85296919624154,6.18999854797508,6.49077978657588,5.89381909979623,6.12807338883978,6.37405432077034,6.39783755512859,6.61292094333319,5.99593056010901,6.74891106971722,6.09591438342245,5.82027729974388,6.35003527177516,5.45936273057146,5.68058677664149,6.16198877091632,6.5446680406215,6.19881985532289,5.73033312515847,5.91664845087494,5.70654233636159,5.40113578863679,6.41059638593846,5.72962010100704,5.41355614947912,5.76440375916969,5.4699211471521,6.36311078865484,5.98800978923884,4.5250525027571,5.60343628553115,6.17403486320331,5.85977709084291,6.11655000546161,6.05863783695402,5.90321960298466,6.41297746301437,6.03543467079379,5.93415987766392,5.64932281298374,6.33460993676096,6.11610424648705,5.65601481264102,5.16577878430062,6.19088574962998,5.75040322609666,6.57386608658774,6.22890335574655,6.268010390915,5.35167960168368,6.23692974049714,5.73233481729498,6.31048148989812,6.15656139709273,6.26634405316653,5.39640152223297,5.87944734637502,5.16926960872506,5.69352389360385,6.42342377690803,5.81924494049506,6.13838817886843,5.79191366517142,6.09309153504485,5.94064362094457,5.27973788946969,6.22600782565663,5.98283650562772,5.72660547211694,6.24070495568676,6.00590024277528,6.00285471719477,5.90433337001666,5.5456613928301,5.77474029014824,6.42031048719773,5.44378872818592,6.37896660246324,5.59053098429447,6.15108869371628,5.88492099358808,6.28550606023965,5.83390435940241,6.67356049470551,5.66389928193469,5.99690879681032,6.09537557688213,5.92601471966117,6.58373780866028,6.08834672788328,6.16089344015824,5.94693521132801,5.85852720202313,6.11235495000688,5.73515134887308,5.96746015328184,5.70696060813309,6.15825108148904,5.10262881525612,6.01993482679182,6.16797053313678,5.85203792301796,5.92891176401686,5.93902226755691,5.73575762157832,5.8359219767194,6.44633443911287,5.67763649583948,5.39409113113312,6.0618147796734,5.22693986013947,5.24484399875846,6.41520290173847,5.76544968396739,6.39605630591757,5.86988728044915,5.75245469026531,5.74561375344202,5.42189930618744,6.35363146454078,5.26206652464845,6.3153486896341,6.0245001616638,5.79496195089466,6.29242865776072
5,5.02535180941535,-0.149653388533255,0.206216535755654,0.194587743609298,-0.953918962478328,0.599574154573546,11.3280459149744,11.4722334887741,11.0757603798198,11.1691917869488,10.7479513076188,11.0713676160505,11.4150610321865,10.7435748258082,11.0559173222489,11.6564832728396,11.1126950776701,11.0508670298995,11.1087552316371,10.668512359281,11.6482784560307,11.8144056812786,11.2524887458757,11.8084579392071,10.9907747363758,10.4401997160507,11.1629351592571,11.2607131530788,11.3185551249723,10.8186825972931,11.1546130251057,11.193639209068,11.2680491986209,10.9376260366257,10.977464420758,11.2931363555385,11.040750103267,12.3233113657589,11.033092010631,10.2772908254162,11.5273332761625,10.996709762431,11.4776864057209,11.2198717796744,10.5005398254498,11.4389124232405,11.7132807755608,11.3369875697764,11.6958940251511,11.2870607489401,10.8349439581952,10.6360581793671,10.4793216607695,10.6727193354934,10.9803846284657,11.5945856600214,10.7039149478873,10.8724184882523,11.3347883822025,10.6487504367148,11.2210739549508,10.5571213334899,10.8536058320434,12.1009539504357,11.5848991233659,11.0110784145775,11.1783591415893,10.7578198627179,11.0732113795545,10.947025067508,10.4093881793783,11.0870302315959,10.928827000945,10.6468461467798,11.1571475878269,10.3285185928212,10.9930061624464,11.3140745990949,10.5106291294495,10.8509756169149,10.7561234408483,10.9763651872199,10.9752821017646,10.6756270169633,10.6447778514888,10.7433509506777,10.4631265217616,11.059350941513,11.249886163573,11.043299446752,11.0752789524429,11.5497204439784,10.6617022143573,11.7064111633828,11.2450886536914,11.3787455351178,11.841716816444,11.0307231688995,10.7154379202784,11.0490895621462,10.9033080238433,11.17461488991,11.111973327105,11.4733808795814,11.0660006980946,11.1104658733779,10.9428770595218,11.1384281097112,10.7452942774966,10.8869656883322,11.0769150250683,10.9554793605411,10.7645046117074,11.0978605654806,11.8321096473375,11.2803326273396,11.0100232050075,11.4161798835448,11.5794559108408,10.6416398866845,10.0874051380899,11.1608864714638,11.4207474353313,11.4405874397053,11.1510956568406,11.5535211361528,11.5657230250038,11.4520989744393,10.955354397283,11.4851939610106,10.4333109520024,11.3074170657276,10.6947443030099,10.9764414792017,10.4871505897265,11.2207884654529,11.1041849008365,11.7349892504884,11.272310780823,10.1920745298803,11.4178820719298,10.5234285865856,10.8389901701049,11.2979100226473,11.0349744974187,10.3999435272635,11.4892151959722,11.0719670855518,10.3740694406877,10.9525792389425,11.3062742559226,10.5771275833009,10.75805123545,11.6358904072055,11.1377615122541,11.2275109713841,10.1561623453986,11.0267596989698,11.1410615531026,10.5616991848078,11.8412865157844,11.1683870945186,11.4066221306287,11.7520623018369,11.3568832553226,10.7394608655689,10.9163120040522,10.8147376918711,10.8930934628985,11.3437423705769,10.7894367204088,10.7560634309099,11.218711860549,11.0078322710581,10.9038093709973,11.9456277194413,10.61822657605,10.4353837358403,10.8731615532565,11.0219634417706,10.5545494210568,11.0062625270267,11.6489028657171,11.8294724970239,11.9542476337243,11.2965141573776,11.7448878230764,10.9730979980047,11.5738021557453,11.6697271762108,11.3302349995035,10.7527551458152,10.5181945242188,11.2436930677787,10.605930972289,11.6836991369522,11.582231244627,10.7970860068567,11.3106241225754,10.8866954768017,10.7080947452564,11.5699805193628,11.1062659935027,11.1644456412123,11.1476051149654,11.5398328934689,11.0222165988078,11.4982566976638,11.0358164820167,10.8221598849074,11.5215617401731,11.7549667081993,11.313873926544,10.7291066639473,10.9481247771571,10.6252279969451,11.2167482698026,10.7830703279245,11.3469833793848,11.2111254435951,11.4853630280749,10.4924694292233,10.7554068481691,10.8481653981893,11.1742396124426,11.4563803912628,11.1987782802693,10.8820957001738,11.7360857078613,11.6582716476102,10.4125173332331,11.8901606456165,10.6755339639582,11.341853176282,10.9052800391127,11.4382931434861,11.0204881810749,11.5434082033429,10.6277379616616,11.5301785087482,11.1398273725781,11.5961761207831,10.8593344528264,11.1886874187576,10.8312544498802,11.2022535694248,11.808633038934
6,2.53849463323781,-3.02622619500872,-2.49937127485665,-2.81015437618992,-2.97600353386738,-2.92979915530273,9.89471919704152,9.39291214578681,9.42156788910975,9.20798311598916,9.98199700656583,9.40086774441145,9.21169407490852,9.55208365956719,9.33908256802307,10.1303302691047,9.71852261589985,9.93757246722551,10.0170117286828,9.28416206998635,9.47933160599184,9.84265338332218,9.93252466821584,9.67894725978713,9.24694618761988,9.30781086350094,9.53458975943715,9.60100185375774,10.0434114064304,9.58049942367118,9.69442144056487,9.46426539649825,9.44182452860816,9.30755484636283,9.5935533733275,9.07513699307916,9.58217089053084,9.1269589742015,9.59593368158431,9.55520256381412,9.67257149303025,9.65970525972435,9.97342238826386,9.38322721102434,9.61265830571618,9.94355087892367,9.53052564325436,9.41065921645601,9.19094657639528,9.05071419468253,9.8175848625125,9.34837631914636,9.64149796924061,9.74264125550905,9.92996062871589,9.32352680197392,9.22544099316327,9.8256187040465,9.75892057361534,9.62294708246989,9.29176470440618,8.97921842252831,9.40514355354518,9.51288947607734,9.55624711682344,10.1171349772821,9.44918117847706,9.74667552060424,9.68907954623863,9.8620776820451,9.48405576214975,9.75538606883104,9.50239027003628,9.38102787711195,9.78078836053806,9.91687301222941,9.79474014206527,9.69448195550164,9.47400284676276,9.40137276957696,9.15437766520513,10.0593978834079,9.72360889806383,9.48745850765178,9.69176684462565,9.59719731656379,9.62717254355423,9.77803662979237,9.18837945798956,9.84805676827498,9.99042258903762,9.40620452029086,9.39655294706716,9.57885033074279,9.66296912097726,9.66069900765758,9.52207294187026,9.51324636720452,9.61427216005841,9.72554627437807,9.34499164143763,9.44856756739481,9.48573548163385,9.32088458144977,9.78659458095876,9.80666444773557,9.62252524564013,9.56798588959171,9.59820824577784,9.61514375970047,9.94392286891994,9.36142346200035,9.78394263595268,9.88657617375541,9.59105071555089,9.43700037545743,9.88633961644137,9.55459186107501,9.90041083729165,9.65994858130108,9.46985619086051,9.52921621745146,9.8892524706101,9.73541545498915,9.65558323370646,9.98955045929677,9.34598890300828,9.56513449700591,9.75864657341385,9.73554660072606,9.75934968519494,9.54901182060652,9.69931445147465,9.13270111174935,9.76279609361181,9.2571035335488,9.48242233818966,9.66194668557197,9.82667450573249,9.53145118302869,9.26972375610111,9.58999963810361,9.68230657178752,9.9861867080262,9.18762502810719,9.44017060666766,9.83815124101131,9.66259865586776,9.54140991805372,9.46856142884507,9.74225057715035,9.78635638049878,10.066286985293,9.626181521009,9.91696742754267,9.19181725168765,9.54212648920807,9.31668262678362,9.43627927848412,9.57590826651413,9.35853446828567,9.44469851029091,9.57767090534447,9.64986491002779,9.75440760697215,9.81962672632601,9.54125433095065,9.67152940739551,9.36859786434729,9.90006251861502,9.55887226536409,9.89548806754355,9.80217486609882,9.45719517946069,9.21216965171676,9.47424284360285,9.41633046738619,9.82297549124105,10.0221260487438,9.33877514499899,9.88082326497071,9.71617872159487,9.27534894486568,9.52395257763841,9.41164139759785,9.8059370106718,9.56142770531803,9.49923852627639,9.26115544526178,9.69882637357995,9.61968777166138,9.55005451881084,9.49881073005709,9.77080323257753,9.19080502494234,9.9917405742608,10.3342925785731,9.68361429712823,9.61029973995864,9.79462079898021,9.14192973920662,9.76641613223626,9.47172802434841,9.39164356720952,9.72217900482208,9.66550219996463,9.55501554370153,9.54417504589253,9.84027198106796,9.73032797194195,9.6828326892705,9.97843253227835,9.16936904338847,9.64885829647029,9.42032266761086,9.77651394038863,9.45858333856948,9.95292214429369,9.97724342978188,9.879278356921,9.58965894176187,9.41993518898532,9.21089642503514,9.72321154944005,9.81232334213695,9.69613716218074,9.0520678612704,9.27656480282923,9.71781569171888,9.43296392974071,9.4405371973638,9.41390057124294,9.28104648898196,9.8472742623787,9.46377255148123,9.53657502197527,10.2325550456242,9.16110936974517,9.23416449139465,9.90229221427528,10.0919849777839,9.97591296731308,9.50172232973876,9.65754578732374,9.48828252069871,10.1570160068793,9.59380515068844
7,6.33822525474486,1.52002065481145,2.7035185402283,1.71867658819356,2.41217976732659,2.29259958599488,10.537548057804,10.2941310250904,10.9844395185161,10.535031392595,10.527902402096,9.98622103012941,10.0944514317652,9.6374868555855,10.7478531353087,10.4632104648686,9.5739051983635,9.90261118081939,10.1166123050371,10.5106172251645,10.2326700893599,10.1202145139862,10.1267204934702,10.5713665984528,9.67745668017337,10.3585848304735,10.1478223554409,10.0106829599646,10.5391722589613,10.4505001906569,9.92282575640591,10.0345179292118,10.4927982631817,10.0897680999796,10.0777607157931,10.2930226312543,10.2796443951919,9.75875856064228,10.1657403594766,10.1191821361624,10.4068460381247,10.5026690908433,10.4725117072926,10.1968073765878,10.0719135547809,10.0584796709494,10.5884041650242,10.2977117569433,10.1427862196216,9.9743000861392,10.4620658825012,10.3438178438728,9.93470892897037,10.1355779934472,9.98186680201258,10.0571221079567,10.258510544593,10.4253894581133,10.3290566160845,10.618162488103,9.81254815354997,10.3775371377032,10.4047496642607,10.4302858366729,10.4806803423553,9.92832867412856,10.0382123214642,10.3159984150823,10.4848962136999,9.75495745728019,10.5943112619659,10.2296141118101,10.2084361411369,9.96700059486051,10.2941503457239,9.73917274253753,10.4121750538942,10.3900164171295,10.0999050549732,10.2952956261283,10.507064584794,10.4535615646847,9.75240407402707,9.93879457081337,9.93553177623225,10.0197374879527,10.3416075582472,10.1129758642184,10.6846062873853,10.3666935621434,10.2840045840064,10.2837194083713,10.3452761105032,10.6551360374906,10.0924561529401,10.0722235005984,9.91483600053806,9.9890765257995,10.4354265730353,10.1422204542532,10.6214169721098,10.1116026490564,10.2806994640939,10.0823070992548,10.5544982977933,10.2183440862856,10.3219938997188,9.85702672048743,10.1359526193006,10.1204959377322,9.87429760267584,10.2310336318354,9.89893485355486,10.2898401420171,9.92220862592344,10.0633281608848,9.93551895093532,10.2051380260794,10.2980121446654,10.1454383248369,10.4717418191063,10.160404327985,10.0601210860711,9.84202941503209,10.1509121702922,9.86519138186066,10.1669423697638,10.136485974451,10.2345468198171,10.1179662229127,10.307526385017,10.1738364206893,10.0759144623298,10.139529119921,10.00405334443,10.1303392312398,10.2309810832931,10.0105561450739,10.2777396003157,9.88900920743934,10.2715306643941,10.4311559814724,9.9232221265307,10.0775891650604,10.0650049734197,10.3318508549637,10.071484105827,10.4227002988691,10.1280112560881,10.2691669039117,10.2423813398189,9.9217510752285,9.79350144366775,10.1885664670818,9.94797533505061,9.96188257925725,9.95912328921982,9.54042732163736,10.3293115212977,10.0585037838985,10.0452198983962,10.2066501466544,10.4598989672108,9.90866081136388,9.86885277751324,10.1848287879718,10.1842325594149,10.6267792461274,10.4227429678991,10.1292311949282,10.2197148581582,10.099503712111,10.3931424342576,10.2393336770686,9.61520729172463,10.3790017381572,9.86521166858345,10.3163427942355,10.3039980309975,9.98207527848411,10.3130814043916,10.2337156315303,9.73764103513182,10.3612586980389,10.1058818829648,9.88430386901036,9.89278952595123,9.92037208639924,10.1081506033464,9.70339989840239,10.3999294047895,10.2502969884279,10.0864918517406,10.213197453113,10.0844130246105,9.89736207527558,10.1969451458484,10.1921358957992,10.5435566153652,10.2592133172238,10.0930059596932,9.93068219789792,9.55908293350247,10.5096754150871,9.80055529954662,9.93444210923937,10.1947965728537,10.2546766834402,10.0419209683515,9.99192482379447,9.57680915982289,10.2914258096756,9.92092939122258,10.3464822272484,10.5511935053086,10.1139903348971,10.1951204454826,9.70587695384462,9.71424689685339,10.3126727340423,10.3843608755163,10.3122094662972,9.99076925266411,10.2919714407168,10.3674412543237,10.1641667058604,9.68371539633661,9.71355915198986,10.6081562036846,9.67915885448691,9.71945894783712,10.0003395072132,10.2774089261251,10.0628682681964,10.0723525511277,10.1593058106612,10.4067453263222,10.4097734412005,10.5504971091001,10.2540503853115,10.8175057754209,10.0707621535696,10.2020306641784,10.0265270708137,10.1677635334799,9.96907850912845,10.3805061252787
8,3.29473511134846,-0.0801410212754594,-0.646247122443844,-0.714260005590461,-0.485627156271307,-0.452515193764169,7.80733990613545,7.77746054998407,8.95863013374221,9.01182943152132,8.33899800346824,8.74117087025101,7.91689571555305,7.99831167250697,8.82390932093642,8.52597774002992,8.09683466793287,8.63836453236895,8.08884569129136,8.7529846508059,7.85089754011961,8.13091933100896,8.45500675503317,8.66643114691332,8.86053137693186,8.37239999042081,7.49130570947136,9.00417114139698,8.63225264964371,8.11371593037429,8.14159654317164,8.5073831295811,8.0659740591426,8.71727156729658,8.3437105524006,7.80172272836117,8.52726805074664,8.64369778594991,8.67167375647191,7.84332085763704,8.04030041775863,8.32631237407153,8.62613993899915,8.5246250445735,8.08562040752518,8.42446650568822,8.80699784329693,8.52330203075771,8.31907578336251,7.98386513035163,8.31541250158252,8.16636870217251,8.59152277414794,8.25978804036327,8.42626236248412,8.24494114719856,8.70731484155442,8.3175229530458,8.39656884177971,8.53720420659425,8.40620627404711,8.26653059118541,8.21295281633492,8.47472992625635,8.03166576365615,8.60175370607492,8.32265779357981,8.37118519606894,8.45560502761564,8.09603406414183,8.35227464287398,8.30186015931649,7.86059189324886,8.80538588787545,8.36343206065175,8.58027390520513,7.83896488911104,8.45701452776875,7.73103215645605,8.83450478082508,8.64316675898029,8.11545453425542,8.52283686084938,8.75435190698968,7.89844274161235,8.29249072099536,7.88575809518308,8.67535284886653,8.20680398598586,8.73753437237996,8.23464601335744,8.15169102033186,8.71795752231526,8.71357913951607,8.56825557567389,8.43230947565028,8.43725340718715,8.42005601855504,7.88921836414753,8.76194679600091,8.16606779423239,8.34393225665133,7.92652427163865,8.0512653699395,8.33684693095298,8.20588908908446,8.14549272521745,8.48294289530047,8.22147475878065,8.33972259322742,8.1781701265317,8.39519036605054,7.88688068261489,8.43908055467213,7.93596077580294,8.44052275239384,8.73531289503195,8.79420307649075,8.27175630061603,8.30675183179599,8.3420176777075,8.32572159922347,8.82838502986571,8.67377388640511,8.50008627785581,7.73461860628097,8.43183088784276,8.42217108064331,8.90998085236803,8.17088542822171,8.62139538790176,8.56003537304624,8.33887622621543,7.87166501245566,8.352330323365,8.49874431184066,7.90203695366463,8.39318556629318,7.84231353717129,8.61640350658344,8.2009253273986,7.93691590824424,8.72605496324241,8.46535334821137,8.05707077095388,8.31781012661161,8.61192726501316,8.08363477720191,8.35408106513351,7.97170129254783,8.69659430154293,8.53188090453772,8.23398371204829,8.31879334292276,8.7628955536982,8.1979697108898,8.60992036619337,8.27304037909717,8.49813193081406,8.34602923242791,8.60928001347105,8.06485398400443,8.66653392619046,8.47680702392946,8.71113564476436,8.78242394578501,8.49937310417472,8.7246932269716,8.54645555007967,8.52704992678612,8.57524026367365,8.30581703985325,8.47787663845547,7.88330896964839,8.07004014699178,8.57486228161415,8.74399724608668,7.85684451450848,8.70313583755837,8.49126297822489,8.38699909471288,8.80087485309866,8.51534790075947,8.3820683526115,8.17627236913561,8.44082245109037,8.94429699636083,8.59820085339031,8.22215248787568,7.94725289756149,8.33178320444845,8.48610854346887,7.88378281304953,8.58848800045642,8.49652928326039,8.13007433351267,8.94284613003045,8.38070165726867,8.8037835199932,8.3894001111066,8.44961029241871,8.15102976513553,8.42467437406977,8.65905319398181,8.23588806132105,8.65270422397153,8.50811027736165,8.49889447907288,7.92991071631042,8.83297537406314,7.90559334958871,8.52134409984289,7.72853707297028,8.22272391386747,8.1930952597878,8.80099928332885,8.57901023865097,8.96177658950306,8.19751405468518,8.2125321837405,8.27224893885066,8.36070579601185,7.66157061725705,8.55167679379385,8.30746668689604,8.1016691973343,7.99161404628748,7.78937850764931,8.55407785167166,8.5042946699436,8.25350045470914,8.72891730113334,8.11210963962801,8.32467623517243,8.24070244061845,8.91133507163997,8.31874000102157,7.79815134095616,7.91290361883474,8.49043746147049,8.55299439191974,8.64952668839001,8.61818201930509,8.24346049789371,8.31518047234696,8.43122933389826,7.73072389052165
9,9.35228255299585,1.56482613236941,1.51541464026304,2.34272849073751,2.38435995000097,2.21376890756071,12.1399668422105,12.481520161555,12.091329583173,12.8606884321067,12.3349862060326,12.2842209793194,12.0487570530675,12.4781803918286,11.7584921076329,12.1818594736521,12.1451827171269,11.9991249122149,12.2591872673023,11.8241448028708,12.0368773189703,12.0767051059853,12.0027140649152,12.176568080257,12.0507405296039,11.8559485823031,11.856795445794,12.1129938226088,12.6202571945618,12.3879140494151,12.3215830355364,11.8346079235483,11.8860230480251,12.1906636664941,12.6242185441707,12.0253230005941,11.8456599900175,12.6050816247673,11.8617657317562,11.7471828871612,12.4644428164175,12.1361956609541,12.3908083207355,12.6875538143,11.9073769238337,11.9227802750781,12.466273825385,12.1056774799668,12.1236284011933,11.7495678713801,12.118791771828,11.955325635268,12.4121406100824,12.2057363254882,12.039802703602,12.135623859296,12.0410780986371,12.2596887994995,11.9028847279902,11.8699776823133,12.0043292885025,12.2609639905956,12.1462516100543,12.260505508775,11.788878512303,11.9854998591913,12.4162272277669,12.0075917598988,12.3128610777468,11.8353826817782,12.0792381802874,12.015162752226,12.2467066753119,11.9632233100075,12.2755699390115,12.2310409843216,12.1098411680735,12.4219595178071,11.6231299756451,12.175887264258,12.0841781825708,12.7405442595738,11.9710019054226,11.9421446634445,12.3520582180396,12.2276970098846,12.3342133440593,12.1146994536958,11.8012582643276,12.3599918925129,11.7467836851081,12.5215102692293,11.8290986648153,12.1412451209737,12.0871844554485,12.4274529441186,12.061140927977,12.166716717552,11.9294795565607,12.2327454089944,11.8017234750406,12.3745289361897,12.4336803889841,12.1412539253411,12.2847947841708,12.1285998639796,11.6875491216871,12.0221467723754,12.1011158037468,12.321729257344,12.4393510517077,12.0057781339389,12.4229927811499,12.1735748935,11.779051446826,11.9641022550853,12.4561301362158,11.8133622823218,12.0057774887673,12.2947553836217,12.3126195538587,11.8357117128884,11.8497253237237,12.1403531889832,11.9912961286237,12.3362311489615,12.0256769735326,11.9400561460595,12.3011954684732,12.1891745867489,12.3764304987475,11.960752318869,12.4059942052923,12.0793197873927,12.4528075231731,12.0184057274044,12.0934965487851,12.3667161768084,12.5519739387592,11.9539593248291,12.2729490588699,11.9801623099908,12.1022845077363,12.243140455573,12.4768021547356,11.8994844994454,12.2514074633517,12.3354383587119,12.3202090729109,11.944538026518,12.2277081499335,11.9101388618937,12.3891323902937,11.799091876102,11.7714925434859,11.7412327962799,11.6181812905131,12.2450466336311,11.7945931830455,12.2486446453519,12.1016058618961,11.7963742414997,12.149837254465,12.2411423737652,12.5871990229134,11.9591227470845,12.0742280353344,12.4211702850742,12.1100087794667,12.2030796008657,12.1908264653258,12.4404144604032,12.0767883098432,12.4388198476946,12.3258021208295,12.0959850114307,12.0149895892284,11.9120713741654,12.5451585137144,11.8802057456997,12.0034123594081,12.414353468449,12.4140161496741,12.0992108850291,12.3644272185641,11.9791274095461,11.8974577894664,12.3490490714512,12.3546284388298,12.667817802698,11.7974653315993,12.4381879790939,12.4232637886461,12.2345901895409,12.399749542697,12.2902490844354,12.0917864717038,12.0633026241373,12.0513897039298,12.1584202304899,12.2537224003869,12.301062801374,12.265517337395,12.2296599011567,11.9989928594072,11.8371895473138,11.9819127185536,11.9237144144534,12.1209170303721,12.2450766651201,12.0052357413106,11.9662864982815,12.4038494348081,12.3170136793082,12.0735753339239,12.6284619751852,12.0217157821887,12.4486066357284,11.5448663821395,12.1303271343822,12.4973058158961,12.1065287558733,12.1751780244658,12.5322250834309,12.10838826051,12.0069306025515,12.4706782123967,11.9369087852015,11.8333652806322,12.2908368039282,11.989984046191,12.147300924999,11.6985548877365,11.9604209212681,11.9851705154188,11.967473922575,12.3353721792939,12.5465522269276,11.8153241352782,12.3563118838341,12.0545234046012,12.3026504382033,12.458120769281,12.3343321246635,12.1268743465501,12.1918230625734,12.2847911209795
10,8.19683017310462,1.87634634543499,1.74068471180246,2.76705756556792,3.46047611411389,2.96590413616962,11.1728944663267,11.2290672275766,11.0838288790339,11.0384972647394,11.3109539239671,10.8379746497439,11.3484731302464,11.1042713155137,11.2212504907204,11.0670200043171,10.9417423798577,10.9244423905218,11.0093208281683,11.0221514229818,11.1963456767352,11.0715120554859,10.7736489172589,11.0284234754247,11.1539709777653,11.2039014136966,11.0540277390056,10.9045286379534,11.2692565432659,11.0321625189794,11.1831918243213,11.0431941720753,10.9863624907049,11.3403449143063,11.2030090865791,11.1271921596114,11.0996076390556,11.2204292295581,10.9766685564042,11.1302364223169,10.9321069809655,11.0760401490686,11.0801055842361,10.957437464139,11.0639210460685,11.4662039333527,10.8098365082338,11.3166189678851,11.1396346679743,11.0639312336072,11.3791811418255,11.1735046315978,10.4474236148348,11.1238247728135,10.7923701778238,10.9187955709031,11.0388635993392,11.1075619562603,11.095026524577,10.8461782015367,11.2943560304656,10.8865858704584,11.3390580855718,11.214128162305,10.8983996258039,10.827350798659,10.9531565999619,11.3010487587644,11.403030563925,11.0023819085578,11.4523740085649,11.0288996877026,10.9397962829994,11.4260018420099,10.9625302869861,11.0304601899119,11.354838997475,11.3746427229733,10.9792685981636,10.9476560229332,11.2199565860363,10.8669919510271,11.0325858084979,10.8950280562323,11.0788090283733,11.386801411772,11.3429664580131,11.0496809585122,10.8787569468322,11.3939014304659,11.1571570521686,11.1445625877023,11.4076004978074,10.9186862497191,11.0188530273577,10.9918048320133,11.2832119753249,11.1203881682722,11.1125303740193,11.1960091312323,11.1943155152119,10.8860368103268,10.8649151621504,11.2517191768469,10.6736067682975,11.4042778754623,11.1366285702529,10.8379431986239,11.4415055871396,11.0868107119355,11.0181210119103,10.7541818477026,11.0141307590936,11.2029335905961,10.9789927714864,11.0292742027275,11.0388418182315,11.5315358985354,10.8878478369592,11.4097308966589,10.9512381319836,11.2115285923546,10.9716508466235,11.1230879301021,11.3751568674986,11.224989513516,10.8518059169762,10.74079225651,11.2685128067035,11.1815808463405,10.9938605583302,10.9065660562955,11.2340690618461,10.8556709683281,11.1236858766696,10.8539590177709,11.06420221193,10.7867412137366,11.2960169014829,11.3291187617983,11.1535733961521,11.3342471741712,11.1488860981843,11.2043190734893,11.1948154210175,11.1342704282346,10.9683958670517,10.8641560258444,11.0377060567618,10.9046289385345,11.2428208970825,11.1353453788498,11.1865829050356,11.1178529050324,11.2064693326265,11.2113977076211,10.9206395441533,11.08170765515,11.2302025119601,10.8840759007357,10.9114734168771,11.355905334472,11.1048305308128,10.9822911047746,11.2020412795514,11.1544897548704,11.4372012629331,11.2737722300374,11.178013075981,11.1478338355056,11.5813218875267,11.1951465524728,10.8143566686578,10.8575713272629,10.618738972632,11.0967044690742,11.0888201801263,11.3554046054803,11.1282462982631,11.2998789721454,11.2625818129489,10.9795968543384,11.0257274446835,10.9394765304646,10.9271345118812,11.0402497918968,11.4193254684593,11.3190399365516,11.1128630134435,11.0925042466824,11.0004416461618,11.0253316245203,10.9448356537724,10.8819990809792,11.497770981059,11.0139177461933,10.9869081175623,11.2437545575388,11.3243955190986,11.4337545092582,10.8479656112396,11.0089227426716,11.0197965304058,11.1666422203067,10.9764607608299,11.0271623299846,10.8703302464624,11.0500458085693,11.1135256608174,10.8880354617295,11.00279819012,11.3852425594811,11.0148180636675,10.7459125822915,11.1636410605328,11.0326767202408,11.071530872558,11.3042341170163,11.0594374046808,11.2663839394888,10.9554976614027,11.174752771431,10.6553406260904,10.6224221825512,11.3224498259741,11.519633075302,10.9435680345481,11.1158870622623,10.9659147502383,11.3373981297672,11.3074130469354,11.1817855145165,11.1393823046475,11.2335458483629,11.162758051462,11.3590360152695,11.214162803366,11.3366650401761,10.8113038288841,11.050068606878,11.2324287488227,11.0890942447666,11.2634704711745,11.092925678289,11.1038724686619,11.0945237613002,10.6897979928602
11,7.83766479502039,1.77664102028199,1.41562553192283,1.2385639757361,2.10782821500375,2.39909020234639,10.2493383247801,10.6513782897365,10.0673729465941,10.2499197075703,9.95462906279174,10.1634473287964,10.6076074867205,10.3764573755149,10.4519134111886,10.3607186890419,10.6060086745949,10.4904142251628,9.9897008079745,10.4842523204319,10.0123003984281,10.584450693316,10.2679893084435,10.5597065077457,10.23538430208,10.360002868703,10.2481170413705,10.3517394461895,10.5990431374843,10.3888415279995,10.4772358408322,10.7684719086756,10.5099151341292,10.2962543088692,10.6223018194486,10.3175052995978,10.2950692424061,10.3540954165636,10.3482708685817,10.5913060615317,10.4041137356523,10.1468091331262,10.1007408715421,9.99372993723688,10.2710563546743,10.6712739056819,10.618193526221,10.713388128178,10.5416033911271,10.2737533472901,10.1974679560563,10.1987753364958,10.5376337973633,9.96875717576038,10.2455919994314,10.3207552174973,10.077922092252,10.3166219214341,10.6246618661747,10.5933127875803,9.92438137312097,10.4078771306793,10.3572188571072,10.1105469514344,10.4505622764917,10.4079427301456,10.3815431508011,10.354045621582,10.1136481474497,10.2944728816305,10.2306728778566,10.1573344411034,10.4529518884997,10.6001564359737,10.0572384371292,10.0897501089682,10.2083747234192,10.4340899632894,10.5826688223128,10.0790879494644,10.4939654555652,10.4562104589292,10.5614220177163,10.3663136668901,10.2070143541274,10.4302476779603,10.181113446775,10.0956733213921,10.6841529514232,10.1546105191287,10.3796604641711,10.1685686743991,10.4008649691947,10.3912018607272,10.5670982895595,10.6554880178332,10.0669644797421,10.5015246892586,10.3096375520649,10.0845102195113,10.1672422812004,10.1812752201449,10.219121253695,10.5624031900944,10.5162781366937,9.9123240619218,10.2910743925046,10.1968763348241,10.6775406526134,10.2589538914204,10.1707161081879,10.5102404204034,10.5336338010919,10.0805463099362,10.7050295925494,10.4080224702173,10.6493088207516,10.3453235893239,10.4161684339847,10.0107757779415,10.410662095656,10.4177941576096,10.2592557856812,10.5000360806034,10.0817561047251,10.3558909604403,10.7824683306201,10.1763926227238,10.4293710842728,10.5604742374662,10.7634798486844,10.555110295491,9.86454556887368,10.2411632300323,10.136705330301,10.502159548758,10.6066164708228,10.3798207842988,10.176444913115,10.1992543835607,9.97386036719186,10.2321490977229,10.4408203816631,10.3342562311619,10.1962000268226,10.2917571668094,10.1142981163174,10.0942099754342,10.2138068262265,10.2174140847187,10.2546288574779,10.1712266140377,10.5490865038067,10.0512282731877,10.47876080282,10.2094518090003,10.1173879271745,10.5425073766312,10.1147293852839,10.5319018498332,10.3407941139478,10.4803056512906,10.1725582352098,10.1849194330021,10.5577073984806,10.5657316460181,10.085630392405,10.4427353626036,10.1379948515262,10.2917555574911,10.3512996503007,10.421183784052,10.2274341077169,10.4779876699703,10.2114844949287,10.0070635204994,10.1177200899718,10.0954457502912,10.1021343482349,10.3298252673795,10.1152224802904,10.3862366569187,10.6165375707596,10.1441482362392,10.5384130636167,10.3947992730118,10.4045611765721,10.3416161029842,10.3052784825478,10.685274906923,10.334263577569,10.4196916643529,10.5721223800235,10.4290409510841,10.6297671490724,10.5720791912626,10.1806820160967,10.3417487411852,10.7387034480916,10.5119760650854,10.5202722477947,10.342042503852,10.4510556896049,10.1226079045136,10.2047093498659,10.3906874677185,10.4834413891038,10.3178977558004,10.3159340950495,10.3643759320323,10.1983367238128,10.316284497531,10.4907251992325,10.1861739235658,10.6537631245499,10.3704935572355,10.5346867402835,10.0207168895569,10.430815970776,10.4825445903936,10.3502863491578,10.2491172808877,10.2789177324503,10.2825326345557,10.3601679962257,10.040322281008,10.6540823934641,10.1570519963263,10.2180254879627,10.6240598602152,10.0470022680851,10.5018793375156,10.79313987263,9.9017613727908,10.4650314863031,10.2051907005607,10.6749786524968,10.4732655937796,10.3347200181892,10.5725115926049,10.452134598966,10.5626713835768,10.6088835708485,9.85787055171232,10.1352164585648,10.0543691033306,10.62716586235
12,6.14316048227319,0.8562174552601,1.08268197597261,0.530357249815272,2.45732641392198,1.71508507837264,7.75926567179432,7.55023615271282,7.36325541419687,7.41895133376271,8.04806403482259,8.03589787144063,7.83445629319433,7.58707433963215,8.30658646938389,8.14749187251333,7.87343760242727,7.64715219772876,7.67367361884552,6.84863743658406,8.05766277477666,7.60526962064414,7.70365360349834,7.72313952911248,7.79398188641807,8.072319895457,7.58410653140666,7.9273949852422,7.46053794707433,7.51363841988382,7.6954918618076,7.56049447726119,7.81139221762246,8.15727715579859,7.85080784268843,7.99286470403298,7.44383305249201,7.430473988431,7.6079281569629,7.73660663318976,7.59435858828217,7.33362824328039,7.80153034647191,7.74050129651718,7.69241785411527,7.84826192982122,7.62667684984371,8.29151405198731,7.70499772966526,7.9498718371503,7.00664765991692,8.11863928104106,7.83721782969493,7.66296088676806,7.9494357707854,7.8354317350448,7.75050898356882,8.07207064316935,7.53157117393108,7.71982695661568,7.59495506846144,8.33455446253266,7.7056439890687,8.08299626704767,7.50588786277964,6.98691191811411,7.85022754607894,8.18877813152483,7.5092723754324,7.79342538283769,7.41284892960612,8.24868235935299,7.90838023885014,8.3153569470626,7.66317197237389,8.13518558666879,7.96015713408362,8.20878796492894,7.7738951338777,8.06759202954595,7.68809553848808,7.98619910481999,8.44251303633607,8.40209786131909,7.33399640158734,7.69349345532249,8.09327200940661,7.12802045362149,8.26256024181335,8.30401472836437,7.92348312595303,7.48529932822286,7.84014560044761,7.8606788546264,7.42205813795671,8.20793418472878,8.02085270416566,7.97566462769477,7.63742318778489,7.77536651329465,7.6789305481485,8.38296604681679,7.97152756267117,7.66421806722573,7.58728546597702,7.85402302888623,7.86813735720728,7.38489828612714,7.56008713892811,8.1332465661234,7.74391162680925,7.92830717844155,7.78369578332756,7.6674397899388,7.99180724469601,7.66506659668769,7.88054293418667,7.57215402730536,7.50607947378152,7.82570948247652,8.01684208372519,7.9557566878907,7.61833930807261,7.66712598394126,7.86626324491,7.88696578022663,7.64267233399258,7.38800159831252,7.81041863259431,8.22218649469848,7.71798837300022,7.88537741456621,7.68240649583853,7.60326169792387,7.01802285550015,7.99105158720423,8.04244114196,7.99406881442601,8.00286223602673,8.0890436997546,7.82808689027914,7.49899505739977,7.93902489914962,7.4544657349398,8.29401717177825,7.49966536380104,7.99524408244785,7.74579944688136,7.85391068913557,8.2537739103622,7.59055751559872,7.91039723890055,7.24245464964124,7.72489650380941,7.66417458910427,8.32601298545519,7.84659780613455,7.80574545734101,7.81004654594126,7.87149009091423,7.67242801958146,8.19775195096817,7.7885516276349,7.94465379117397,8.25548820547903,7.85042241477243,7.82845788532518,7.87870605100738,7.86404402386718,7.72793520624295,8.25657187759985,7.93690078414715,8.12688709094351,8.28344415865043,7.80867306155371,8.2115358416581,7.58091501100067,7.64520587639925,7.53405187594003,7.77996535257959,7.4269164800935,7.34368804128704,8.08578100845105,8.27974124029211,8.08971781271028,7.99324574963529,7.69871765878321,8.12410446778478,7.55885336363369,7.87032637696603,7.89373896106031,7.79977629796735,7.54211239112232,7.76906805531417,7.61216923402155,7.65062255312137,7.6499859285964,8.06006271632913,7.64304274480792,7.94077185841344,7.5543088587037,7.51900494418234,7.89830554540945,7.88554988962102,8.21579181385774,8.04997438540991,8.24423592091543,7.94242221347443,7.81164174112772,8.35748561101926,7.72107695040052,7.78196128181181,7.65881187606801,8.09726312437085,7.81912128252626,7.62422359831267,7.80368871183297,7.7071305590525,7.39505439933372,7.89638655027967,7.96428750950611,7.9508604089263,7.65528424015038,7.62449991791017,7.53945636660851,7.25838281695745,6.97281965067591,7.38906546002402,7.69325881005605,8.32549734720582,7.42562533188134,7.59533433470445,7.52043319267242,7.97077999343827,7.56326712948976,7.53177244581724,7.69354378994707,7.69416377955257,7.86281324186349,8.14446279314702,8.00906766295826,7.48130129572291,8.15851778535921,7.97881048912163,7.86003345379362,7.63518116114803,7.43608761496459
13,7.76095014149059,5.36393153464056,4.82791903836817,6.02229606520097,6.14702167347063,6.50809712010676,9.70106384917049,9.05229141745496,9.2382334959656,9.91811717187552,8.95449992078514,9.73593855056718,8.88899636073979,9.80409326885412,10.2631780241379,9.80611691731497,9.65386412575948,9.52451466657651,10.0477666658839,9.87223355063602,9.62921994872823,9.87580860285919,10.0939209422642,10.0666452956232,10.1217450281466,9.31836057345994,9.80915995104323,9.95933567284808,9.59746789401037,10.2832939798456,10.6406527356599,9.62756372743621,9.72846327038446,9.78751641527522,9.43614218172373,9.66692140516876,10.3186453406826,10.2386540363257,9.53099840894682,9.62931851334787,10.4987575820548,9.85072746085598,9.41396980738112,9.58779101442551,10.3802220629362,10.3000334642186,9.54568284941977,10.0762157686408,9.9425118323361,9.50489507362877,9.52266751031503,9.2871698731293,9.25872728085029,9.85897245552718,9.50334222740459,9.73044947229999,10.1145243435206,9.48519344665328,9.73541723130029,9.58786501598981,9.33012209813857,9.84803660015738,9.24859751313436,10.3384701727989,9.86817769505188,10.2539679857442,10.0121583761934,9.95855265410561,9.80281696175451,10.0731680389686,9.70119139957941,9.74153495974905,9.43429552633665,9.61556660941696,10.193377367459,9.52111259706019,9.6685788269715,9.63994890347884,10.5047268640399,10.5692151107403,9.8911949653502,9.96412279384935,10.1788831328139,9.71817138076958,9.09885721826773,9.80979530686892,10.3091870111662,9.5195080768925,9.47966599861583,9.23762297195467,9.2686457833407,9.55482140610227,9.36697112524447,9.7158137618035,9.18991577883308,9.27814811183163,9.68991162451076,9.2663630358726,9.28868042169435,9.70019708616714,9.91919522989917,9.44906704286237,9.70639041528634,9.93351988843862,9.99277646339904,9.91587682796464,9.87672600904606,10.0859703842319,9.86054353501336,10.2603008983305,10.1568177176676,9.66682764259985,9.80246902170459,9.09816359154385,9.5689860071364,9.59618888955438,9.578616076657,9.4483523891491,9.66779639896043,10.1641055394669,9.47737832275499,9.04781216594179,9.92427715620314,10.2046548342366,9.70050898483896,9.21932468647901,10.0292519470123,9.78264330366443,9.46848010445944,10.4450080268709,9.69363551240672,9.20616441216615,9.61278209908452,8.87991606498248,9.37165938024071,9.6661340447993,9.91164078411948,10.3016444749506,9.35563372536392,9.98598099575965,9.70401814026267,9.5073748539718,9.96397924075005,10.3348887391547,9.90262845564072,9.83501177179404,9.47806147455807,10.1501438116814,9.87908038325012,10.3635457615312,9.81710945548382,9.4303421201646,9.91189755957964,10.2235694776588,9.50851186366528,9.78394080022993,10.4873265730149,9.40009363096235,9.67311619710076,10.1189806480719,9.93579547102936,10.4593608273651,9.29612904972685,10.3822488926038,9.34014739849327,10.6596043905576,9.3559500793414,9.92814180196506,9.38525811881925,9.87927187477258,9.89439463464821,9.52163414897824,9.70958068819834,10.1634856061337,10.147408828904,10.0906351040297,9.70478658283367,9.90430503847073,9.1999954719904,9.61017703656932,9.17942097694515,9.92402768325378,10.0564894239263,10.093260518377,9.73412115666297,9.52253647353474,10.1727858953568,10.3277870610494,10.2079267305141,9.85101224159564,9.65361996363849,9.64786051679718,9.56281920417912,9.23996914690037,10.2579142538263,10.8129479077151,9.59045390268083,10.3301661701166,9.54162985183089,10.1740134740219,10.3061076265552,10.3069032735918,9.99879085340296,9.73201327923374,9.85166557208967,10.0969631658988,9.96724973159324,10.1913339388294,9.89752795154815,9.54540749916761,9.12165496021995,9.41192833037543,9.40121207769811,9.68305393651334,10.0225371546406,9.99737618688694,9.48524135882951,9.91959994093135,9.02606069902416,10.2697316034844,9.9879933453723,9.25309833585004,10.0065503971116,9.89001510215703,10.2174304333616,8.99249763722403,10.1539720563297,9.59553297997193,9.71792964923686,10.046349147076,9.54430897218379,10.030654987181,9.63081505272974,9.68117129870478,9.62083560369373,9.97520255663598,10.1699698262854,9.56577477921865,9.57398776346763,10.4028140243488,9.48416396747844,10.5060496192793,9.96044159829983,10.0737435620439,10.497010979606,10.3686030034957,9.38680390680755
14,7.26054506214713,1.56112523507161,1.57533692654275,2.03236422104789,2.72953588576583,2.46644124632289,7.82842646234452,8.07405143940572,8.1853165817348,8.10314026229895,8.37084604349119,8.51303882235415,8.04742899632473,8.35094833365877,8.37883885247757,7.62482682011334,7.7397334342707,8.11651176430246,8.55784032584321,8.4879659161303,8.12195876195101,8.14625460934724,8.40912931357192,7.97603654916503,7.86159725732718,7.93088471396739,8.4119626517783,8.11775950973042,8.41467185199813,8.16740339850164,7.48120813116999,8.46864964364236,7.79736815398815,8.49725935709662,8.16454734725065,7.78064020470546,8.09274420913604,8.16421707919215,8.23200929236172,8.22461596785284,8.2299234648098,8.35781425890487,8.15835828874762,8.15562251894586,7.87720087527566,7.92651341842032,8.19926677475349,7.92884885146625,7.71178235926304,7.55700640399184,7.92326888421373,7.91053375787718,8.25291153019607,8.01742521437787,7.91099573283409,8.24480704578649,8.01609035012349,7.66090947080129,8.22450433647404,8.10590895519754,8.00922630815972,8.62861468966154,8.25412530615743,8.23211234495611,8.04122226491624,8.45179043248008,8.04197296850309,8.05842551747409,8.19141707031537,8.0679059848384,7.84935987368434,8.21869442485843,8.00470235273685,8.41409320338178,7.9400832991452,8.44576877044754,8.30232438128413,8.27002460084243,7.54410705366082,8.09402254759346,8.01434948934088,8.35484271903597,8.11717485492092,8.1168077169324,7.99738381979256,7.81712569298501,7.85371459054831,8.25388078182565,8.06489383710163,8.33227389107438,8.17280762867416,8.18913602658893,8.31363786350565,8.00828140801146,7.74975904739608,7.7705132366938,8.16267326892028,7.70536318578765,7.81720519436444,8.32119616252216,8.13898356952003,8.19339895939639,8.00572901685299,8.18204196980572,8.36324937859716,7.86635011202241,7.92559812245943,7.67064752397979,8.0856073953842,8.1992591121905,7.83518483781194,8.44951806749052,8.27850223955617,8.02386591190867,8.29204685128815,8.52901293064536,8.08932536546818,8.25824368236034,8.31668164164521,8.23256607086325,8.31244177563326,7.81697521961831,7.92326534577217,8.18133521791067,8.66471197311427,8.23170945537155,8.35251520342131,8.18275355074085,8.08930471782181,8.07340128355418,7.95437864544608,7.96514950880349,8.40706351354892,7.76797159714397,8.19739285951822,8.11398057899173,8.2710276076716,8.36390346000837,8.28692464569378,7.73716457080018,8.04349865709561,8.22780477762448,8.05732037028508,8.23219131528239,7.49196082707699,7.86151810490321,8.03570947323058,8.34204003513013,7.88825422825956,8.04016075692251,8.21978860214663,7.93493174327675,8.25445193373373,7.99622106382913,8.10579756509098,7.5444482595747,8.26324034007491,8.1267714139559,8.45334032883129,8.30291475295377,8.410820957564,8.31369026325857,7.76131217657561,8.4726410892968,8.18647144906559,8.58989160298613,7.84616755565861,7.78140978430926,8.08885504923684,7.86805660270737,7.86907803644272,8.53873714838789,8.36253268972962,7.77231324365286,7.82727331011344,8.37139547578254,8.24899188265242,8.35305593868474,7.54635226553937,7.73789259155393,8.20920169808532,8.34441776563057,8.14820767281448,8.27868204942013,7.99677586516623,8.17064108005827,7.54350043385499,8.40260475109307,7.91860274273113,8.15979181845312,8.16931716018627,8.17190784365101,7.6202069959326,7.8320223418024,8.06682435521704,8.28760399467938,8.31929811182988,7.82257932294108,8.33552972634237,8.48803258987283,7.97352525758539,8.38556824740797,7.87358205628603,8.21444365623054,8.05751884843073,8.09771750428587,7.911211442638,8.018998463452,7.92955355328293,8.00050017570415,8.72796172675776,8.17644872250696,7.94999675203532,8.06717462447084,8.16901418749185,8.23693637683764,7.98308150709643,8.30093084393815,8.17791423683307,7.92939997612017,8.7106821444342,7.89662781643554,8.40961144167605,7.7794472400996,7.87351510143881,7.86762317168446,7.51188197679127,8.01700313051463,7.87149218951155,7.99840023587071,8.09791366087971,8.4064817360888,8.09611441310996,8.18698681757877,8.05128619530302,8.21425068610739,8.2233298675221,7.86974834737162,8.27880988128629,8.20830786458677,7.59316065143771,8.3535649075565,7.9381988109638,8.36018581130751,8.11097616699585,7.97223540640133,8.13061741059524
15,4.04964550152509,0.375575030223141,0.858213828634979,1.17584223992602,1.27397985940561,1.33612672037691,5.72786039486604,6.28839750409154,6.03815290309055,6.07771998998055,5.56869993474973,5.7052411958511,6.08439737913822,6.03819713151019,6.01801822582735,6.15615174911579,5.70359506726854,5.84608533493949,6.0746440291259,5.72759338912256,6.33355067678656,5.90306952041815,6.05930607041907,5.24799809335719,5.97870838501013,5.9385614163308,5.73493318652398,6.0549988546089,6.07934249042255,6.26482168592546,5.71971852660218,5.58119308207088,5.80703841722681,6.17262881942451,5.743856746025,5.85225216604595,5.84805281228469,6.17662371624303,5.99728868026732,5.46183804878917,6.16437077685505,6.06912811787239,5.891600664484,6.1276039917648,6.03217027034244,5.51617208581123,5.43617994785104,6.12724415334249,5.92539218205868,5.66753946417908,5.50292400356291,5.90935576351261,5.72385787708694,6.16283456121964,5.58018038036512,5.31126847084347,5.79508397276052,5.99995678599039,6.04776298887075,5.59095460870012,5.81523427047164,5.50718008137627,5.90659004845591,5.87963602692008,5.5689775011093,5.79607022683635,5.6778886383722,6.22396699230736,6.069877814271,5.9354802362418,6.12805331264197,6.21033854668591,5.71568757395395,5.64260464530613,5.75923185249547,6.29039689281155,5.92193304785715,6.30677560573261,5.79200277394425,5.70296303329587,6.24321103021488,6.4184229313383,5.39577838529341,5.84564227549123,5.92736705370622,5.92383368172684,5.85804097820131,5.70781694453975,5.809870345164,5.94042433872524,5.72048100130613,5.72718142852944,5.70207570403918,5.7518557518188,6.13049746799474,6.18687040342816,5.7781174945438,5.91560952901198,5.99606014195209,6.12382013399786,5.71071273438091,5.99852638473748,6.00613424528074,5.77369979340068,6.13142600265686,5.38018941485101,5.53916433870247,5.99161832046156,5.53193866616484,5.46868859206993,6.03263996882755,5.48567351995475,5.64041318481485,5.93315745319092,6.03027386448349,6.21875026693171,6.34089663198427,5.92672340298281,6.03038570153163,5.66783878312362,5.57891598128448,5.97192711642525,5.69519165185979,6.21140075828912,6.32661112019992,5.97785792698684,6.09023656335632,5.88989625328544,5.99403136997121,5.56635762829225,5.7208141452731,5.69076066855143,5.87711875092365,6.4889049625563,6.09488019430462,5.80216129531093,5.96221383870392,5.57049730220147,5.88361221096598,5.84401159436827,6.18848798277121,5.98275097678369,6.38305907510357,5.71013354611374,5.96347458207338,5.89834268989879,5.29073156776583,5.97464575303219,6.1835247051458,5.94394008534445,5.93438960149648,5.8240109427603,6.04397220968338,5.80591971135951,5.67789426902447,6.21376488575418,6.06712574725419,5.98446466823328,5.82239744741782,5.93074752358727,5.63124238118302,5.88939663390167,6.09236009864687,5.73336179016071,5.4207293528489,5.22221932744136,5.54249208747759,6.10856766702528,5.71837643459903,6.01599973176608,6.13939700527144,5.83972185436437,6.02886316340989,5.95722363711797,6.00322348470501,5.85113978769194,5.88154843585422,5.9535417423648,5.97097965923035,5.70150413563311,5.59455214011788,5.65779738224539,6.39944888044486,6.34492964140925,5.48668250883011,5.90648267694802,5.55232333279856,5.89433556066243,5.84175161971401,6.04683993379158,6.19173727068894,6.01813137956311,5.96531356596675,6.20499023325196,6.26748580803334,6.23930484966606,5.95363350517002,5.75544133553529,5.92204278441635,5.79666363938203,5.98192130483981,6.20354689812983,5.72087468500142,5.63311413026362,5.80277200083825,5.93418736061488,6.06137655373091,5.79641206471671,5.66355935260365,6.13371260050142,5.93071036180812,5.18129633998738,5.99623699393887,5.63637823773022,6.13751933362534,5.78193814397943,5.35259263423531,5.77147151962074,6.07258037243168,6.30956451103017,6.32945046934041,5.83309910025964,5.99937368528822,6.37497685738773,5.8438799163536,5.71363492997667,5.66573699991955,5.55933270934597,5.52846860923983,6.02535311187689,6.18152947173063,6.17296301822503,5.79398097772184,5.71638042736105,6.47833378562586,5.24557783295299,6.13927902157951,6.03314697136894,5.91631136763329,5.65306927308427,6.00763863102562,5.68744669474186,6.17519188292845,5.70431381740759,5.90965569021089,5.78060240497167,5.87036921441282
16,18.5833795505105,12.2632084335101,12.4933439925275,11.955592367789,13.3139840040043,13.2577510393074,18.4141029510144,18.8800846939558,18.7658463220512,19.2584445326463,19.1879240736654,18.9406159624061,19.4312403144976,19.1010065565049,18.7026154093569,18.9606533891026,18.0854424478454,19.0529297612888,18.4327539097095,19.2039858513795,18.2793796199299,18.8331707682214,18.6925352605871,19.1492186759497,18.7858986860581,18.8773782815106,19.0250599833537,18.7839742493553,18.7980994045716,18.7454254763849,17.9425246428089,18.3649117231914,19.1951716295388,19.4761066574274,18.5951560021153,18.950600336855,19.3010580617404,18.5946948821686,18.9243308426868,18.0508267297671,18.8578752122498,18.8881232616545,19.228920931448,18.939896486263,19.6324962442725,18.3351066642873,18.9041360426212,18.937685859647,19.1479150351288,18.8311104344594,19.1421391909344,19.0641846113408,19.4807313996689,18.7511079864849,18.1982925135794,18.9479839208055,19.2244469290586,18.3688761014488,19.0072000844598,18.7373618204735,19.1766121695777,18.6393679983569,19.0492269979835,19.2473907093768,18.8708932897419,18.5151471560113,18.7629577824458,18.4102427081946,19.2477314743002,18.8012767446463,18.6469790207783,18.7341959208523,18.7239915825899,18.4102299602004,19.5885527444136,18.855475495527,18.49739899547,18.3066596019367,19.9487314178108,18.8505958175024,19.3274282376666,18.7935853922012,18.6937491341036,19.0415417648537,19.6495139053667,18.9408160450363,19.42994011574,18.7788766829772,19.2831941210447,18.859900226653,19.0038141017473,19.3026967321094,18.5927342038571,18.9319671662881,18.4915080622811,18.6568508209412,18.0831135283308,19.0578415766028,18.5062960245316,18.8361181673659,18.6990745516292,18.2834722963164,18.6420320611007,18.3327284060192,19.3436813573176,19.0169554094607,18.8785257356649,18.5561217743509,19.096391356981,18.602110012051,19.0088891409198,19.1368679418314,18.9067749417242,18.9385764127822,18.7583660199178,18.2017373861867,19.1740010049576,18.4255654905769,18.3451786807526,18.942794726035,19.2963812962579,18.9822491349053,18.672712499215,18.6660823082246,18.7956473106045,18.8367621648558,18.7988962284671,19.1501331534984,18.3767151589769,18.9498750866447,17.7299829985121,18.8006278834223,17.8474082105139,19.2661462550994,19.1604719942906,18.8146939325959,18.6078091230891,19.4474498036449,18.9671233822935,18.9047660823419,19.7202125888535,18.5915985575683,18.2849935927224,18.9221488779884,18.8138263514066,19.6308439038577,19.1934494130346,19.0284608091703,18.7710257370605,18.9830516265419,19.4410545345696,18.8761144567058,18.8377861133363,18.9348919863376,18.951399233006,18.9449396655181,18.89499470356,19.1215897271918,18.5315472559388,19.1880837264335,19.1856494394462,19.2328471954509,18.5174931508012,18.8228116175162,18.4676786830238,18.7694058246442,18.8047601251845,19.0300221169136,18.2398135195397,19.0478224416578,18.9775128771705,18.7886405787221,19.3777653543481,19.7174280262735,19.3228277281625,19.156636889563,19.269196646424,19.3825804477137,18.5867221467229,18.5154936475712,18.4147271059573,19.1681457545596,18.976752823154,18.8882978555911,18.1699084589194,18.8620232385005,18.9426794978523,19.1113590099416,18.8124117541922,18.7370242449197,18.4428877007462,18.7248670308522,19.2925143417065,18.4930173180643,19.3467345137311,19.1371425888991,19.0298309156708,17.8431751972626,18.7640491589181,19.1440500090341,18.6225066178803,18.932763320834,19.1528114905669,18.1791414833395,18.7399645990977,18.339327952716,19.2042092674589,19.4119767167094,18.7579874269327,19.1285354074304,19.0087752050323,18.6394846169727,18.5071027226544,19.0080215172175,18.4306160678632,18.3653924008119,18.7260472370341,18.2922496720824,18.2491935115858,18.5261999650626,19.9300267811647,18.8123974520012,19.7310268492908,18.6171955653216,19.0284079724722,18.8824718900376,18.9710827035653,18.5728022452963,19.0965675149771,18.8081263325006,18.7595029154378,18.8553150627003,18.6031945212892,18.576107742202,18.5584719136704,18.9815937716297,18.7317600268483,19.3556551347418,18.3974549424174,19.2509812290835,19.2469777656181,19.6693453879015,18.8806113747586,18.5234256673123,18.7634608283558,18.3636522706298,18.2050769577951
17,6.98833852883234,4.37090835365399,4.01831176190859,3.54548239951604,5.93235942013945,5.84025730652327,8.54935640372969,8.17510335389968,8.11743877948445,7.83512646187989,8.02546283594208,7.3688045672418,7.97382842354859,7.97271732183493,8.01983624850644,7.75225405044768,7.9613415791369,7.19925614479844,7.21856717690503,7.93951523297989,6.84963231457305,7.59916834377157,7.99658523009337,8.09832868784717,7.94733220545025,8.29782320009855,7.96393776470274,7.76495470147818,8.33332041046739,7.88178414103424,7.8485862486408,8.14567980538683,8.10981979548755,8.5403392813961,8.02732250923424,8.15139142802439,8.13881832400154,7.53616912690263,8.51279095150224,8.04179979674182,7.99314573635537,7.24032670568058,7.77882677170927,8.06486664680686,7.92593538530995,7.97091417943949,7.26377843998294,8.39862123261812,8.22400727129569,8.42538372976869,7.86469337854552,7.64085212880781,8.11017310067847,8.22031227549327,7.18272880933928,7.99228121096509,7.93079840021429,7.98412868367453,8.299571362597,8.05322158237685,8.21805634829893,7.14715568653135,7.11316014816834,7.76968648706693,7.91285658196914,8.13854362199302,8.10169307391562,7.59790414582311,7.94144312818497,8.16714952983439,7.23412360683577,7.77438455796549,7.06043172282556,7.39027293088379,8.18372103535436,8.23109188674458,7.75777616258233,7.77816803164166,8.4626256141153,7.47042620361855,8.60675518783904,7.79746113852271,7.73784309364651,7.91900944365322,7.33690964312161,7.78392863417827,7.44150508046819,7.4721308653853,7.8641313144411,7.50750151477435,8.19781323594526,7.95589360000002,8.16348810942031,8.10061532823123,8.04606683076228,8.56552831890913,7.62517809482226,7.6817968316655,6.88669343445858,8.1170804779904,8.00267419415592,8.19237061605143,7.68481084287818,8.00284215471039,7.86083838607956,7.14948354937803,8.09409591536079,7.65560810484751,7.91391424466403,7.64074076209154,7.73360445717601,8.08033154402794,7.6794978875093,7.80248349965451,7.88632170555801,8.05319728316551,7.66391840701757,7.7860126646389,8.21688551920643,7.14416460546883,7.27656309121345,7.92478404964665,8.23387489798384,7.98425521745811,8.04515897582137,8.3438435810989,7.74635201006006,7.41710910982087,7.4765039709082,7.66344434419439,7.64890757123662,7.9885115410117,8.4643839172833,6.99752106416853,8.14140498423392,6.97380832024133,8.10627647679232,8.07279993330217,8.35900828439664,7.40551756108818,7.56414098198626,8.45408603992361,7.89998883536396,7.96504352427774,7.57920102942411,8.23396810773331,8.36609744931844,7.98720170778269,8.11369516820539,8.04959991753387,7.91812890079451,8.01492894010529,8.51875503029393,7.23822916616401,8.03287351548825,8.05692960296511,8.01935014205462,8.02638938993103,8.37810999397608,8.23687515832865,8.433582807627,7.99237996957662,7.73850773831162,8.42592036783658,7.8134580068755,8.26568249568858,7.52470587169345,7.66313549539375,7.80788216278852,8.45296569461065,7.11444243928436,7.74626223058392,8.05405341175909,7.54143998947261,7.99482742576891,7.25254465273493,7.91331655058851,8.62746340986016,8.34313431399951,8.55985174738383,7.79703614764684,7.92157913811182,8.60924753389303,7.59067343962163,8.30908247963966,8.10669452852648,7.96590962057997,7.79839906019137,7.55132436034824,7.85677612498947,8.07872485283279,7.9068324311462,7.73994518761387,7.75074503374826,7.6087431888193,7.6486503893799,7.88778412673792,7.38684516326875,7.68162494649305,8.09879949471177,8.38512321773037,8.36300957937119,7.74401150366646,7.7034949982054,7.88795340618078,8.03027808644428,7.64591450463021,7.62462615501338,7.93527805453911,8.0007231117782,8.25198496435864,8.24893173050509,8.23269988762134,7.56849375976256,7.70360184953016,7.47860558149005,8.11548111605043,7.93612070349177,8.21214032982434,7.59919643694269,8.02420798407659,7.90326486962827,8.3521453805893,7.33137528119441,7.50444584588406,7.85418333563641,8.32086865768584,8.25431138102686,7.65830549131787,8.28939970498757,8.08804603289908,7.93500941386884,7.78436731982428,8.39007728375492,7.64593276841903,7.70028135000074,7.29912635748107,8.29277199630645,8.00755227803966,7.76228302684054,8.34142446196788,7.65989797438709,8.07603508587111,7.2863946805797,8.20296153400015,7.90960837553023,7.95763463213157
18,7.98658392535796,3.33797678266821,2.95190326286201,2.92425388238902,4.35489522766936,4.42954389244963,8.49111936827081,8.74189827116516,8.45962104321705,8.9988554019387,8.7026230466017,9.02875938158521,8.38254637521578,8.88418531801001,8.21397166109716,8.37352095736983,8.36135326040493,8.96214378375724,8.90163350551136,8.87494236800179,8.45172841295423,8.85230081561097,8.52585374837695,8.59921878355785,8.87776075634694,8.7382980022074,8.55616804113377,8.7586638142543,8.77621175983785,8.4710386663901,8.80499578087914,8.3289636681549,8.67980351532818,8.75818984944789,8.70581367381451,9.27282980102728,8.41510363429989,9.06939298224481,8.03173040773244,8.95440419645739,7.92321506911597,8.99963070091527,8.46604199785015,8.65658801145821,8.99095527205571,8.24023554706905,8.94073718618826,9.14731309203509,8.79120655044881,8.83499033748736,8.6574203284933,8.21292104779614,8.99280647015113,8.55086772385145,8.57908330811903,8.90491574745533,8.80504680430696,8.44871642768321,8.67960296638453,8.51676281044205,8.71575120182682,9.16975808884546,8.74315075923853,8.43029934017678,8.82829765059865,9.0985549854917,8.42137020599187,8.87139690356469,8.7793212825366,8.33653248224109,9.06550215563391,8.38166672613125,8.85649684445986,8.7728148806449,8.84766149911556,9.03192248741642,8.49011973983405,8.61781594339888,8.67149643090341,9.22920721154956,8.88113630619929,9.14191182927444,8.13016019343047,9.01340786240206,8.91014882171794,9.19406422419085,8.44541661902758,8.49327768300674,8.92609763891401,8.77983479072597,9.02109393341668,9.03093573947731,8.91970874894894,8.40816067407277,8.30384239659265,8.77529521946809,8.77064973526891,8.66504905825052,8.75259832586175,8.8496864337819,9.19205120328757,8.97392545843019,8.76516822957907,8.93241365651869,8.69352811365522,8.36114596787196,8.4602243591023,7.96645497367992,8.6828901002586,8.49225917399325,8.43395455096168,8.46272649077058,8.79642365541169,8.53822980195964,8.70506343327058,8.70445901929504,8.63382342880301,8.43824584655637,8.75337679061254,8.69338384526244,8.70886012496566,8.60484785792792,8.79019827497238,8.77058706361544,8.80620215258372,8.77518071194345,8.52412998084491,8.88152869068022,8.76292007772843,8.61695554544544,8.67688849500905,8.36040483262546,8.49241612408687,8.36793358619246,8.48591810507024,9.28848863303311,8.89141739818802,8.72575889860951,8.84421108016735,9.07264997056647,8.4671786365373,8.56466943415928,8.4518240112035,8.43597032165588,8.41071371105016,8.56719191664601,8.8575852491408,9.15993312380965,8.88690080694345,8.97807212854467,8.46469843119566,9.01576023170587,8.37966751180026,8.78428766313057,8.11499113135799,8.54290004223552,8.75739703434604,8.39611135624689,8.60192325554681,8.63794577516515,9.11922821046773,7.88920207787829,8.85677671148202,8.57512048596898,8.6410274551679,9.05770155967294,8.64315434349787,8.50615094253262,8.51786983630309,8.81119378246755,8.92309626216856,8.73602237240057,8.8584583947281,9.0038892850961,8.42318397655635,8.84701528039093,8.59614354527289,8.05841766422088,8.64714694885225,8.39938595763572,8.69920379920839,8.22430721687679,8.83297755558326,8.94972736908684,8.27587680359292,8.44045625680516,9.05229281416411,8.43636328444457,8.90030343601358,8.69994542124464,8.89977798744654,8.48523865867019,8.68084874568607,8.79041866312458,8.40849632837513,8.58924881165626,9.01170710713899,8.53905506117598,8.557693364507,8.36436876632238,8.16348902732269,8.90479118556451,8.09210420351438,8.69799949061307,8.66813938719719,8.76524377934138,8.88075011869605,8.8830320718766,8.38760909902694,8.96318766458715,8.79301199233116,8.47733041792258,8.9655470340444,8.81825436074404,9.0072503053545,8.85766376609831,8.7747722743249,8.50650269064119,8.66069438357426,8.59134921519944,8.61630305841017,8.59984849492001,8.58269944909493,8.48637593710011,8.60610641409252,8.42607817414329,8.54281202700793,8.91284967212602,8.86308101251483,8.47204156972212,9.28223510288353,8.7960741469201,9.09230369302669,8.58541479382335,8.60030272202457,8.51795939032427,8.83462906967614,8.72818776027087,8.91444719037675,8.51800797998894,8.37704450694037,8.60488787362717,8.75098600946071,8.63551612646249,8.3840095252645,9.06410424679742,8.24968173506402
