PeriodId,sophia-9,sophia-28,sophia-50,sophia-59,sophia-68,sophia-105,sophia-108,sophia-111,sophia-114,sophia-117,sophia-120,sophia-123,sophia-126,sophia-129,sophia-132,sophia-135,sophia-138,sophia-141,sophia-144,sophia-147,sophia-150,sophia-153,sophia-156,sophia-159,sophia-162,sophia-165,sophia-168,sophia-171,sophia-174,sophia-177,sophia-180,sophia-183,sophia-186,sophia-189,sophia-192,sophia-195,sophia-198,sophia-201,sophia-204,sophia-207,sophia-210,sophia-213,sophia-216,sophia-219,sophia-222,sophia-225,sophia-228,sophia-231,sophia-234,sophia-237,sophia-240,sophia-243,sophia-246,sophia-249,sophia-252,sophia-255,sophia-258,sophia-261,sophia-264,sophia-267,sophia-270,sophia-273,sophia-276,sophia-279,sophia-282,sophia-285,sophia-288,sophia-291,sophia-294,sophia-297,sophia-300,sophia-303,sophia-306,sophia-309,sophia-312,sophia-315,sophia-318,sophia-321,sophia-324,sophia-327,sophia-330,sophia-333,sophia-336,sophia-339,sophia-342,sophia-345,sophia-348,sophia-351,sophia-354,sophia-357,sophia-360,sophia-363,sophia-366,sophia-369,sophia-372,sophia-375,sophia-378,sophia-381,sophia-384,sophia-387,sophia-390,sophia-393,sophia-396,sophia-399,sophia-402,sophia-405,sophia-408,sophia-411,sophia-414,sophia-417,sophia-420,sophia-423,sophia-426,sophia-429,sophia-432,sophia-435,sophia-438,sophia-441,sophia-444,sophia-447,sophia-450,sophia-453,sophia-456,sophia-459,sophia-462,sophia-465,sophia-468,sophia-471,sophia-474,sophia-477,Sofia-560,Sofia-634,Sofia-637,Sofia-640,Sofia-643,Sofia-646,Sofia-649,Sofia-652,Sofia-655,Sofia-658,Sofia-733,Sofia-753,Sofia-756,Sofia-759,Sofia-762,Sofia-765,Sofia-768,Sofia-771,Sofia-774,Sofia-777,Sofia-780,Sofia-783,Sofia-786,Sofia-789,Sofia-792,Sofia-795,Sofia-798,Sofia-801,Sofia-804,Sofia-807,Sofia-810,Sofia-813,Sofia-816,Sofia-819,Sofia-822,Sofia-825,Sofia-828,Sofia-831,Sofia-834,Sofia-837,Sofia-840,Sofia-843,Sofia-846,Sofia-849,Sofia-852,Sofia-855,Sofia-858,Sofia-861,Sofia-864,Sofia-867,Sofia-870,Sofia-873,Sofia-876,Sofia-879,Sofia-882,Sofia-887,Sofia-890,Sofia-893,Sofia-896,Sofia-899,Sofia-902,Sofia-905,Sofia-908,Sofia-911,Sofia-914,Sofia-917,Sofia-920,Sofia-923,Sofia-926,Sofia-929,Sofia-932,Sofia-935,Sofia-938,Sofia-941,Sofia-944,Sofia-947,Sofia-950,Sofia-953,Sofia-956,Sofia-959,Sofia-962,Sofia-965,Sofia-968,Sofia-971,Sofia-974,Sofia-977,Sofia-980,Sofia-983,Sofia-986,Sofia-989
1,36.4448587486435,27.777440419563,24.6215145703462,46.3045419845418,45.999704373126,45.1498042594545,44.4238741738714,45.3782406074802,42.6711991154728,44.5959527415152,47.2195401651492,45.1046472736756,45.8910499736715,45.8505770551424,44.241602932484,43.3877942247168,46.4299393013768,47.5467795783328,45.75116963704,46.577393814477,45.2409343842504,45.4510739573492,45.2547919510623,47.3749806677275,44.6269013615371,46.4897259752729,45.3964539700597,45.6021246908034,43.7590585515642,44.1299967903521,46.271028747949,45.0811373890538,45.3094612893093,47.1271635483903,44.8664177517804,45.8188201738045,45.250776929006,44.8334659730964,43.9893757611217,45.9744696673464,46.1542973049811,44.7664937493489,44.376270377408,46.6200194157632,45.5165666979368,45.0275220472704,44.6826491506435,45.5018561255471,44.8238823623111,47.7693429580966,45.3266846228336,45.4961355510763,47.1367781615898,46.3412056344681,43.8379564222371,46.6780973112874,46.8791927981506,46.1566931056897,46.2274635477967,42.7152109080931,46.9848470528047,46.3306864013476,45.3020747425184,44.581237692384,43.8709856752364,43.3398749015607,44.8032600952721,42.892445962204,43.8706663253134,47.3982014605141,45.8340832193966,48.1745987626895,45.4782482913895,43.9550642342162,45.3702226885691,44.48326526755,45.1357682514057,43.9716968851293,41.8445876755172,44.3511147063689,43.605481831066,45.506786461369,46.626700892673,43.9471755890681,44.1823065001001,44.3742067115995,46.4333575390415,48.4750545599697,46.5512123852507,45.4763256975728,43.5337877343242,46.2113994179022,45.7580508863629,46.3151795830758,45.6259711424375,44.9444384180026,48.1206195445153,44.5821664573345,43.9001302046129,45.7813857104893,47.8079324334896,45.6435383407666,47.6280304234117,46.1969425135361,44.8962205451256,44.9815506654391,46.7984313183043,45.7588617009061,44.7557035952015,44.4833607863311,46.0779478049308,45.9988495786315,48.1651675980639,49.4910284895013,47.1188434349167,44.3363718949052,43.2617999013022,43.8810002009385,43.2204715149765,43.426906846573,46.3194549486045,46.4923611522699,46.2700128151389,45.549643858855,44.9193632102148,47.2234259727764,44.1844132820919,45.0200351592724,45.02961457624,44.6983842442939,42.1231884575223,44.8622911443592,44.1876160558532,44.8144388885488,43.5943889408053,46.2686984558548,46.8943227138578,46.2101016301203,45.9708794092738,45.7824871716091,44.7081113133895,44.9487612829576,45.2730031482777,45.0809751662179,46.7886176958502,44.7353761728048,44.7058679186613,45.9503725565702,45.8402900718763,44.7063312781107,46.6780345866015,45.2760264058269,44.5568553903948,46.1156115005855,46.0280442335307,45.7687182083433,45.1294807591565,46.7450991950198,45.1757187452168,46.1730691877888,42.8933622505932,43.5499720657663,45.6523771052673,45.9402644590852,45.4192541718405,45.7450777991829,47.1722119052439,42.320389846654,46.9785613100581,45.860231569338,43.2644483104646,42.9646254086289,44.9128100172324,45.2221173302348,44.5649046118634,45.0350569845008,43.9560033718903,45.1911430428909,45.2364468929943,45.6165382842724,46.7138764120751,44.9900560258105,44.5363616521562,41.5990720898505,46.6463047979532,49.3242536344571,43.9706929117082,45.729640811152,43.6743042728452,45.0403052833807,45.3810532863039,44.0504186641869,45.257847764477,44.141125831716,44.9670965397045,42.7019845037894,44.2724989094938,44.9816604344133,43.4554856097643,46.7734091158609,43.4498429483572,44.3539099860388,43.2300233965078,46.7785731389566,46.4606151025904,46.687956908988,45.8933727786121,46.0574036520543,46.3180508955227,42.3076897317035,46.4200928924375,47.3730894196144,43.8347563195968,45.3910030419693,45.1161277930996,43.6780106179832,47.0602656845098,44.5099086334939,46.8708505223107,43.8395736582384
2,8.31836891859552,-9.00456807355664,-9.53137197603137,12.832039081503,12.2050775247071,12.9802984796683,12.8486199280824,13.8458537400964,10.9694895253442,13.0195781589521,12.5394222782592,11.8853507909828,13.5904080599371,12.5022463677829,11.6847951434208,13.7436502683814,12.6407792175496,12.2201131490888,12.5287929068002,11.7958968686801,12.3088675458085,12.3040756394773,11.891511290592,12.6748337445906,13.6850233838174,12.5835794988112,12.0361054372232,12.5395583456089,11.949694054384,11.7427869698165,12.2274590384451,11.6966132736314,12.1372271440231,12.4527654794419,11.5489068963299,12.6854228003347,12.2249990353666,11.899555604105,11.6784328635363,13.0226007504343,12.3529344164607,12.4953751198375,11.6613776424716,12.2533186344655,13.1452612959002,11.5575318872738,12.8004000035632,11.9480426919461,10.8425795896157,13.1465247533922,13.2226140334078,13.594032315121,12.8575565414869,11.3206413422616,12.1148379500145,13.1592733726309,13.5366685615832,12.8494789348846,13.2102868489153,12.3478190400876,11.5671191482251,13.115219970565,13.0868655496075,13.4906101559141,12.9968954803175,12.0789191690935,11.5771705242304,11.3256356780882,12.1864469736363,12.9308303212013,13.2589032922435,12.8764733315705,12.918264478405,11.4511637862287,13.9863343862717,11.9190756600593,12.3413169312959,12.4666665096988,11.4366909679282,12.1600158627154,12.0098312053898,11.5234063060876,13.1298884711491,12.4858165546067,12.6841575354335,13.3926891491243,12.4344803764079,12.6472847193573,12.0890110849795,12.7686023338523,11.2199568855874,13.4722730345962,12.8724932203089,12.1164967461419,13.029081824792,12.5981015213279,12.9029062153339,12.2559570714252,13.2804801768847,13.1504522108763,12.1449170201484,12.0933644594993,11.893026266693,12.0632132991437,12.3534469551691,12.6142155826414,13.783080639529,13.0840698826296,12.4658969157929,12.2490098056119,12.3778481671565,12.7616840293623,13.3492679555108,13.1868505006967,13.5760871348853,11.3406336782924,12.2983879910443,10.7868261508935,11.0704358611419,12.887947855389,12.2575839465006,12.6842168181071,11.1346695370939,11.5645599626104,12.566936837276,12.572503152076,13.3689626956192,11.8556643812731,12.4317408998837,12.2154833948959,11.8438431239601,12.5791338935588,13.1361732875471,12.9620003702844,12.4685948252351,13.277621518754,11.8996746840758,12.3236418035786,13.2277302375639,12.6636350867557,12.662599555031,12.8533585228192,12.7103262196209,13.45205297759,12.6546633402519,13.0900785292569,11.6858714744497,12.2364612627001,12.2482625609176,12.5772644077394,11.7130219540614,11.9428936101447,13.7400154201647,13.7093800235084,12.504657914653,11.7523120371033,12.6691456114318,14.1495293896394,12.2446910600306,12.7746881169588,11.7807309039806,12.2684277209358,13.1696538662128,11.5059921935176,11.9884228491085,12.4491853279517,12.6581261002123,12.334474553507,12.4495814708115,13.0523060717596,11.8084823583272,12.8372943937164,12.3489088154088,11.8692633811121,13.511653291588,13.5047423629267,13.0327639922319,12.7801647892616,12.6673560957429,11.2500911842682,11.7228324044081,13.2049113798435,13.8788367891372,11.5663114837243,12.2589259743605,12.5293454750534,12.631797786059,13.4800923719969,12.7825686218922,10.8332290814052,12.857996080603,14.3905579857902,12.8325248957973,12.5157697328113,11.8099882328961,12.8212844095218,12.2951992605798,12.7476167062483,12.9984604095591,12.605253491606,11.1732447110477,13.4872354889783,11.7497386799333,13.1194146476203,12.1911504787497,13.0516445329124,11.9096005108876,13.7248575087779,11.8363003863539,10.7904790948647,12.8009447675889,11.5052710234303,11.29962535787,11.842420904201,11.3763596077867,12.2318208878926,11.9166354327135,11.4971449872954,13.2342361061379,12.3044264072056
3,-3.38986062453677,-10.5307124538212,-9.28645529017786,0.971104097287401,2.24149971869714,1.33388458505308,2.58119732682776,1.99839105500039,1.21181271920379,0.946899345627394,1.56284877155806,1.72579907030384,1.84367502663343,1.76815554249588,1.11117871830286,2.42428926261429,1.08782204671556,1.81819950871442,2.62020677104222,2.88513371594399,3.12426649047608,3.42469993030268,2.55588170964445,2.90495384537468,2.17765323301575,1.88553518318164,1.56569110284372,2.48572834410459,0.821666736207161,1.05972365174414,2.31104365690966,2.53325158997986,1.88828641563767,1.75805188093596,3.11823511272804,2.76833849294649,1.76644985340626,2.06762065965251,1.21373836859602,2.3135121284807,1.75500940463018,1.63058795556896,2.27484890165945,1.40954821496062,1.34714544133734,3.10903583624684,2.09095365222871,1.93864715155869,2.91575957291548,0.655488164550855,2.57335322762104,0.978458117482361,1.31956472646808,1.34043278113316,1.53178951851858,1.30652042876034,2.23813291282797,1.98089948093998,2.92241296577005,1.55704100546643,2.62449254040422,1.55861114335571,2.50688149915481,1.91860043982501,2.10755994989762,2.1903795748951,2.19042506054021,2.80989134273066,1.40919105340376,1.39395392878108,1.57558880806921,1.36370721669656,2.57668386863541,0.659316297857493,1.05638376303892,0.870492742569295,1.65412185712559,2.06083294640618,2.39658809423917,2.77773110382731,1.76966888919599,1.8407992804822,1.37147550737049,1.55758561697497,1.79906411792052,1.53089078486741,2.65012640279449,1.86466922529323,1.9663147095619,2.77082097955164,2.14850050528137,2.29603338876743,1.25377349985718,1.84183311618211,3.10240651923093,0.991626454144146,0.485953160054797,3.272286757299,2.03135262119936,2.26987933486047,2.29390529671845,0.671303561315462,2.72331531229772,3.08258822469534,3.34140296457421,2.06737162465738,1.84536411314828,1.52414632986095,1.03526565803174,2.99360021683068,2.91915224084205,1.44041805348487,1.54243194455208,4.13890642734256,1.93907175880006,0.793911361818811,2.23912631081011,3.32933369118333,1.73355125486165,0.795117019908398,2.73752825388203,0.997925440817471,1.88489975202057,1.81104528128531,2.28714711706792,2.17409985360848,1.89984091583666,0.930674333391646,2.92496455967308,2.2570249042845,1.88248570663716,1.88021903323561,2.09919697385748,0.633928737474387,2.48982892879708,1.93329853867503,1.61356720336217,1.34580040378791,1.35977328462862,2.21594172941912,1.5820952292281,1.39098329712233,0.893960739251742,3.0175270317691,1.32101799952296,2.05069669728948,3.52137082584341,1.66915649665584,1.65054739449912,2.03620764571184,2.2552518385949,2.41648184458447,2.21553919608064,3.89682988852367,2.03225881078106,0.978004935555332,0.148334561257868,2.89015360295837,2.0010998217429,1.33773647550082,0.152953543374701,1.55907989291992,2.29298028566718,3.79970649865036,3.16494536237832,3.18807152548157,2.30593683904325,2.27555684188059,1.4862159324335,2.88216459368806,0.478328952145346,3.39501984368962,1.60489506256356,1.50694031699019,2.39290496064757,0.521879853565199,1.49190606524316,2.83863937113342,3.42782696908948,2.54591434246298,2.64662396894693,1.8226310220264,1.24538110794183,2.84314696751267,3.22668842026272,1.85966629250141,1.55153280793934,0.907272345894916,1.90108892830974,2.34738909340924,2.73244279416849,2.40164605976041,2.51315518931909,2.45042279572514,0.98947052280467,3.13055977928378,1.54830799200245,1.73420400462665,1.08595480027902,2.63389527247273,1.87339548089036,2.66254507499604,0.508557409030086,3.40998880226946,0.897611578647362,2.30238906963185,1.36909638179941,1.87614019459494,1.11202830493564,2.26847037252595,3.4675247657044,1.94799086927098,1.7183159545858,2.97691906209387,0.842579450589742,2.9549782600784,1.99367940931903,1.43913080220073,1.62320235906757,2.33386886632425
4,-2.75958294826921,-5.91911980466775,-5.22699428367259,-0.498445803918368,0.019974055938099,0.18247714304882,0.640534678168869,0.119316750738796,0.139191577334552,0.441156646497287,1.60141647020167,0.136295074906112,1.03673825169266,-0.638206482936232,-0.111687790651049,0.0701930662608152,0.150719704331381,-0.2873683598971,0.96804551799341,0.381711876104451,-0.451714223617583,-0.573910076039796,0.626293263378797,0.406097520883675,0.539992712187609,-0.204250244702597,-0.690455732286321,0.619378546680371,0.335892591487763,0.72682317425361,-0.4732684543022,0.0954634377149599,0.239387821839077,0.904897465860111,0.359541932974028,0.630506248141049,1.1085314732606,0.22768197940104,0.504361074327608,0.902800535572457,0.288682395546913,0.0404619779019511,-0.101264939006929,0.802446600478901,-0.0319163963924285,0.871187384783534,-0.0963346454085579,0.956576650695018,0.344258117605412,0.691627579419229,-0.0732343426174675,0.647373963286291,0.703634445770529,0.727075484247397,1.10035673077868,0.400431481500418,0.451740393777644,-0.673318055545336,0.155985254800717,0.721456551413469,0.363093030709982,0.158478047824384,-0.0703193670676172,0.596767872058801,0.37602045251377,0.970972421315586,0.934160909312554,-0.0064005319760807,0.207764558119816,-0.34845314924985,0.294587644718103,0.393599699558966,0.380422619580489,0.525965695259956,0.667196415235494,0.0400058444824491,0.540588332897385,-0.84202679536578,0.250596815609971,-0.0815699989538343,0.0373449569590401,0.10392683042173,0.400614068885408,0.837738028174129,-0.0204184290296339,0.514138277440002,0.259309608468961,-0.083090762382676,0.275318327040575,0.608115013897126,0.510340338666149,-1.26374477281018,0.251237315039043,-0.0630208810053046,0.506538466960005,1.164953100475,-0.654671461595668,-0.280993103788618,-0.121743690297793,0.434826716494929,0.403332934567935,0.492107031972688,-0.0508468680948337,0.397775563053049,0.400246240337432,0.0268967762105721,-0.205768028018316,0.30463544754249,0.157721557046897,0.44488750257119,1.30791931724517,-0.209224325252766,0.556092390040197,0.396484410306219,0.113941442156529,0.0870161441586248,-0.19622421956943,-0.172248283333776,-0.257901843972785,0.194802336497069,0.491246224804009,0.610385828338633,0.476254038918311,-0.404811223877033,0.187424676948766,-0.15076707558429,0.495089877131694,0.471982717191777,0.964969994440024,0.38964096918197,1.619301067685,-0.192290650245774,0.239375526539987,0.502916980670287,0.242671637754821,0.758065410591291,0.143064244266933,1.15590662292981,0.0991332517604526,0.259908610646931,-0.0474782662636786,0.218216983601249,0.14168112006796,0.51010861844718,0.117161050849623,0.505951340029132,0.854815864748737,0.305136181249321,0.321872101762244,0.621193703911871,0.261640065914892,-0.0530036826229985,0.567417024412964,0.311946426599108,0.59475966121818,0.213593958030156,0.683181526611798,0.418052957667459,0.540908353592795,0.274511738586769,0.287511108784333,0.442660703881859,0.0920154636745885,0.531347491252876,-0.0939588271476888,0.66201817991467,0.963296129104352,0.679610605106573,0.383041341455814,0.467804406815486,-0.287507483883609,0.595468921199327,-0.337801347977562,0.524392388080352,1.23922434149344,0.167478017087141,-0.512549247134808,0.32464466507458,0.0837789721745752,-0.182477111010348,0.961962934013783,-0.242035069587265,0.6542367271968,0.843391501992019,0.169247333675937,-0.171972554645827,1.0664127622585,0.443196725676165,0.505471223360554,0.481023728948649,0.458499916312838,0.915682867018752,0.31451434464862,0.478505577511212,-0.637411023574619,0.450863537767487,0.420064230658723,1.06995885025132,-0.0719041343377191,0.162894778436051,-0.218452255134693,0.34287843534111,0.590914551600474,0.467138552465363,0.293433200068627,-0.0976704394102468,-0.208861266633387,-0.215825530646918,0.538516738099104,-0.180472795601516,0.427993409038852,0.354858200470143,0.250415779229596,0.554393831711342,0.771824759651674,0.879386978617869,0.022269603092262,0.123773872156252,-0.152276948629548,0.398782297967459
5,2.01680055471758,-0.959500128242741,-0.914586472671919,5.24627504425925,5.94814380980393,5.7286834870218,6.07465522835215,6.02871900308037,5.22447738100069,5.58635770427134,4.96994730510707,5.22876131872001,5.2177306512714,5.76598230254888,4.78142429622945,5.22938190320468,5.66907286595431,5.98854109709075,6.11409364216564,5.41506222419688,5.39682639312133,4.01867435068139,5.40508030608,5.20986504112337,5.00654068022548,5.6483356972306,5.782726237302,6.29473689649591,5.65914564830532,5.3381019769887,5.63158638411518,5.02779272142098,4.89383175520326,5.92190230073524,5.67376466780181,6.05015983486008,6.20946724549363,5.51529385679508,5.40150720076022,5.56100706719731,5.90648942450449,6.63637551522795,5.57156722162113,6.01689706266124,5.71967868892584,5.63221095174911,5.01244344980449,5.05464527445381,5.62301372125611,4.89816809500749,6.37470144036905,5.07433033555167,5.45353558396648,5.24366070677815,6.74034812089013,5.1507582499053,5.28103210679467,5.21397407213566,5.16699677887615,5.49183822336397,5.68754800534461,5.26507394312885,5.65509924054146,5.16100802362192,6.44596082846347,5.66297358738719,5.72172172628325,5.43435304147142,5.67181074112408,5.30696726557232,4.91410835917208,5.46785759443162,5.7489114417991,5.24142771612919,5.1065666139096,6.17506140852819,4.37835461768559,5.3010475539921,5.63279764309705,5.51891587549476,5.75241500262236,6.00314311401511,5.17183966041337,5.07506101549673,5.80345108113569,5.78949033146929,5.59185318857844,4.57023577094193,5.6486700689548,6.23356737614522,5.54398283176423,5.37704281537084,5.825486546465,5.23390763758591,5.71548140033697,5.10256064034371,5.28331790757488,5.03418258574704,5.60216038663308,5.44133870613877,5.48298840985324,5.63300136780989,5.36064471662279,5.98812451444555,5.16925300351851,5.55633237738802,5.47738542816851,5.79098186747156,5.44386209988774,5.52935220226685,5.46509001210524,4.53190812306707,5.37401309173313,5.84543262083939,4.81551662967534,6.8473721389487,5.81681917823103,4.93704625226579,5.81181531276114,5.70110220679425,5.54549509101296,4.96152937056062,6.29919626373492,5.81152101916704,4.92664249511394,5.65884845447806,5.38642222848142,5.2653525323217,5.40652521451568,5.99715755135546,5.81010648444853,5.89530336389072,5.98572768948857,5.04815549056357,6.69626421525362,5.99342534206486,5.37303311943353,5.28815977511454,5.79187222953956,5.26784107142102,4.95427010066412,5.1914646455443,5.14340554422181,5.52083010598126,5.32228760124547,5.78293531101584,6.11179674760702,6.03258045347552,4.85408229251574,5.09033528733192,5.78624153562706,5.19733306827421,5.38970480458101,5.23003646401681,6.0986478595715,6.24998331793831,5.73510852550625,5.72714661420028,5.1026285449012,5.30479868035709,5.38088701713937,5.68750032747154,5.75479650106543,5.99895991786072,5.67387323855144,5.58447387078476,5.72399032265065,5.84967084995798,6.72055136787502,5.25864845439481,5.62431473423672,5.23831675694864,6.06997363382502,5.41071092883505,4.8799664442895,5.89698183068457,6.39050719847163,5.321347085956,5.5242360862698,6.04345757458304,4.83549389484976,5.32839508904659,4.64284118017675,6.1728865367749,5.47492318143425,5.45593645357598,4.98818729822803,5.25597789304697,6.04528347921525,5.40212640514848,6.13239336339582,5.30885799594341,5.93390282237736,6.0494828451261,5.52677919002682,5.3087956711158,5.46803653497914,5.02161503587231,5.12798345763175,4.83964829977421,5.06729117031561,5.13537626299525,5.43051395304612,5.59751092647487,5.83282292796394,6.2091065358538,5.67270662353376,5.84391457677176,5.83729719928263,5.76711584134222,5.82170552945107,6.71773862488882,5.94538052533859,6.01783322662874,5.83730402644809,4.85186516544898,5.5157921553312,5.78283834305537,6.03324063607502,5.23749696434628
6,0.327159511469977,-4.92147326554985,-5.19456852688375,2.8255667430326,3.69325550698421,3.08576347736671,3.18577981668535,3.72473122412038,2.78273845199886,2.7850695502843,3.99808650791176,3.8763130533759,4.18634566695826,3.60230148693264,3.00776992590985,3.3626824152188,3.1687788342907,3.42892923084404,3.74616151551443,3.63606132202667,3.29475368339742,4.04486131314428,3.44529783257426,3.8791337222891,3.6989581616943,3.73459162913519,3.27263658166086,4.18220953468031,3.14844075651053,4.19921725169472,3.90516751778682,2.83438240881706,3.86566679242313,3.64281127311021,3.76552806616246,3.54786684414437,3.42464731268579,3.55733500460147,3.24855452354214,3.22517930807316,3.97185214949858,3.60365296107585,3.30649530739746,3.8693497390059,3.77101379291633,3.7920244800651,2.84373180962834,3.61929091988562,3.47526022178337,3.65922786549302,3.53621275680245,3.21861814347886,3.56116916989708,2.98655092465725,3.46035870282546,3.54464982664666,3.66880440778174,3.22287168708664,4.13970539897883,3.84248391415771,3.58876632403076,3.37735920946205,3.82080429000884,3.56472912299206,3.83806403436899,3.53888212354012,3.37419139292852,2.99466599658231,3.42243070811765,3.48409630699744,3.82658400922458,3.47720598710426,3.58056630472101,3.87876767415014,3.78735668182288,3.43715944010403,2.95133207306935,3.6476129496213,2.93335884722155,3.50587847381294,3.11653555218165,3.41091901530157,2.72706686390485,3.29942781707477,3.57081519235871,3.92780837469737,3.44855876154428,4.01734267736049,3.30145374916271,3.4195490793651,3.05509999872118,3.76728391000078,3.61150050877155,3.43791242174372,3.1479682171659,2.67307483857417,3.4516283375633,3.87844586987711,3.42771530219748,3.36650011710415,3.34814877336873,3.71451373040645,3.54601370378487,3.75754078368649,3.9471654533163,3.90464797553294,2.92616772507706,3.59025552999062,3.38183153234111,3.25415650721996,3.24822601627273,3.64722350074456,4.04984855731243,2.89017328369359,3.17380574299393,3.95092605959355,3.32465419447991,3.52796671872331,4.10030082920052,2.92583663773529,3.88475293778781,3.54733062068804,3.46977521156224,2.95691928664252,3.83053029411069,3.72989117503286,3.31820851244975,3.69775849993235,3.515880853732,2.70964828587523,3.3381749571374,3.762055259133,3.22199134539547,3.50793908555929,3.27178161441111,3.34465887159896,3.63183038658144,3.64075343732597,3.86470133712375,3.99688488171357,3.4904145093728,3.54596882890978,3.41342117456884,3.94711210084753,3.37223191681559,3.24228863519385,3.74030067199855,3.70457003223477,4.01379322166315,3.1126450991678,3.6894536680677,3.353064469397,3.65568492656692,3.58312636733997,3.7994136626269,3.56665777194121,4.03276179811178,3.43680491566323,3.40310483417243,2.87411031167493,3.3160578617339,3.76460747371095,3.32831615631417,4.32323856105481,3.47014709999971,3.73771195469148,3.88643814697591,3.89664612197536,3.84605810232885,3.48271778471378,3.00178649383351,3.80439466065472,3.2315209972325,3.65166933307686,3.02095780067573,3.1151099600929,3.27547042416871,3.19041855659996,3.49411188520745,3.08213184994308,3.43306843267492,3.16172887749639,3.69104190967442,4.02045871038785,3.40009486151998,3.47093546282358,4.01114336121042,3.39464905021543,3.19829966667389,3.41470162419173,3.43654526376551,3.16889215405181,3.05795472689991,3.32220644898473,2.97187086335746,3.51675437685424,3.66623503355921,3.8084833472841,3.12143900403701,3.35117551823281,3.96167281899451,3.48650704910336,3.51904328931132,3.32119095245,4.04085229835855,3.32002129518532,3.26116700027093,3.95315758878572,3.71676243363028,3.19256469831097,3.79985737938511,2.64554105199142,3.4743446498352,3.64556913941239,3.53863097106306,3.65062456259013,3.09197579953739,3.02722278971834,3.69608563826598,3.34174391861448
7,2.34193633003454,-1.78793482036885,-0.904877140364146,5.13831460238137,4.89033853966734,4.75118215701356,5.01957393271228,5.81558654889502,4.49295502083464,5.39459095643782,5.16970591871833,5.76898189546537,5.22561326096393,5.56279007299607,4.96721188737328,5.11017233258182,4.32675238784692,5.10413188585055,5.0797265314561,5.06202916026757,4.84938466979026,4.89482072988414,4.73015930833283,4.65917233501172,5.41212061657683,5.35042212282033,4.71084503017103,5.4524981440113,5.62789742273713,4.64966208512383,4.15241441126657,5.42472026721239,5.37973471869959,5.44559594629686,5.02584983389756,4.9803582367713,5.26001910648062,5.05400768480446,4.65134257376125,5.75481541196434,5.29416343218563,5.18808230189118,4.74598861694846,4.57651271735833,6.14755083103082,5.15832397637705,5.02897444867889,5.74552912121595,5.28987433586776,4.7017290364433,5.27035770616502,5.98536326048249,4.5427840701455,5.04430949300445,4.88948680395624,5.36278868733662,4.47824877225178,5.47056528604903,4.4287751329035,5.08571968163827,4.80140018124753,5.21174777761084,5.51014904149971,5.32843702509294,4.61114622303427,4.81635667136162,4.75928786256967,5.40980274551279,5.1000498972946,5.14098550903861,4.3830437516194,5.06757228892931,4.50299216618599,5.39108806716753,5.41581446127712,4.93058976785574,5.21166535109456,4.96817140969963,4.70178121309659,4.62098894930889,5.33176747923292,5.78014195051029,5.38298866161999,5.01955514478178,5.17381282090084,4.62084820375441,5.73058953619805,5.09533936089277,4.77424662819292,4.7909947069231,4.11901764716993,4.62856624231545,4.63848268050162,5.73081183634554,4.32785116814081,4.67595217732015,6.22056960229631,4.22463217420743,4.75524672547283,5.2007958004548,4.48802569823292,4.47009994674794,5.25765868724624,4.867774804558,5.06771445888003,5.50358753099571,4.76101240769538,5.3511267339611,5.38264105906554,4.73559141380437,4.71653162204781,5.44335690793776,4.80551957038702,5.03739762999218,4.737398577629,4.81685517371917,5.33750683802869,4.44520569620941,5.22510027030838,4.43156911065701,5.70967895846282,5.07931799561105,5.49167066190452,4.7529363888857,4.37773552220089,4.5480665592271,5.15724905695902,5.61555791091508,4.43614271561259,5.28583601549799,5.5548936373504,5.03871852623461,5.05178533347383,4.62085161149663,5.17677601544266,4.92307573588875,5.28701995059204,4.85272659908251,4.5163814127656,5.16039112318143,5.58984909592044,5.21879020194778,5.31093483555356,4.9865610026546,5.35828576909212,5.00039235869978,5.01022337915573,4.89814090863729,6.04323623230965,4.69612438924432,5.63954549137633,5.16557914071207,4.59963308223417,5.26439674293366,5.60084288395799,4.3548852990104,4.9714156495333,5.0768276817271,5.60050810379038,4.87424826937557,5.42466315721595,4.64003679325464,5.22111821948887,4.75987867028831,4.25628476092892,5.74331072797918,5.52914361944969,4.85349409223113,5.18830932860579,5.01619529716375,4.94728592643026,4.76848139364654,4.47748640386374,4.48546141495592,4.47719135223283,5.01252026495818,4.24886498918624,4.4564290960146,5.43830937996213,4.81754371805465,5.52185133945136,5.05661160641684,5.34970539129886,5.49518546512968,3.94040865319285,5.10305152622126,5.59633574662968,5.00939590596763,5.42074657165861,5.21894388188364,5.01638290473918,4.21567106765468,4.98630497293633,5.62750338258693,4.3910613775511,5.26098357119309,5.58292472467592,5.10310882831879,5.24353050999347,4.65867107016849,4.82476952191979,4.51939377421506,4.65200810447253,5.04801487077244,4.82207379178161,5.20567124453433,5.08716099008253,4.9237883711565,5.30161798020357,5.57452877004996,4.47209909689605,5.39527114074545,5.03245653340596,4.86482031470861,5.33043008375989,5.23696316560041,4.63201867647465,4.85692299658278,4.94187458165434,4.99046841975561
8,-1.87818128343601,-4.79253251887125,-5.34078481515411,1.38444747431976,1.02643167920367,1.02290523690018,-0.0325607722640342,0.286469924604593,0.877058432143896,0.724252580865126,0.411042656867799,0.50223237121505,0.968487573317645,0.138681750248426,0.891138399045599,0.613168871327585,0.637625381188078,0.0470474115426889,0.752767308933389,0.543632578186926,0.463026583156756,1.15436878366657,0.904228957866304,0.024354827354256,0.661946264816415,0.36755018491974,0.675495880862553,0.744910938899124,0.731396095518688,-0.203307785241935,0.353366450432224,0.883906904564635,1.73672398731723,0.617961493875741,0.22868095439148,0.749716172666304,0.144495544681278,0.588396639413058,0.710305865691563,0.287961579058216,-0.262186279748866,0.389769332783096,0.693033162412893,0.962936478904863,0.689397825571336,1.0776371961406,0.931168043844632,0.753943461004991,0.0194970676622219,0.448427464206014,0.817799830454602,0.933529003129152,0.130919957963238,1.16371859127684,0.754362583520507,0.0633548472190437,0.0984257199148963,0.228375276907755,1.32752145249375,0.667730724361437,0.0761666456153831,0.418639213472716,0.959163315127709,0.596971007053493,0.50183062621636,-0.0870285563280948,-0.272180175336101,0.978868641212949,0.598276557771626,0.798552318078483,0.40837015778592,0.838905357652164,0.228316817135288,0.237953629443632,0.969679605295304,1.15671014818357,0.783553856015384,0.053258673237444,0.471883287775565,0.267996330435505,0.930213565397264,0.163725026005013,0.765949105305141,0.398880620503861,1.05611422239134,0.875769645910807,0.727520204084664,0.839334345310627,0.67916464556419,1.6098341245901,0.4826931240697,0.843905467489292,0.741857947479163,0.174752156370817,0.0445570298085673,-0.0371910448711432,0.122378431106673,0.870934329754491,-0.213197247333585,0.630714251426912,-0.474017771210355,1.67400952115908,0.555502779825878,1.08941133361999,-0.146859103347552,0.489325520483619,0.690591166701227,0.707436363411218,0.598362714886336,0.300820859043882,0.186452159883488,0.311662115121303,0.646916639781736,0.986478113424938,0.692955084604208,0.00643691901265342,0.542541559557619,1.07110307784413,0.767832260638612,0.755124747619274,0.299017598403517,0.923694035027856,1.40204443671541,0.845150279318463,0.0580487888616865,1.0462274695751,1.02434621142675,0.465129516491825,0.248512497621922,0.328160684114676,-0.0385205635633712,0.304643359549384,1.4119208101824,0.241298030778192,0.942745741062634,-0.00471508816110022,-0.129387269477943,0.707737071093795,1.19866221961877,0.850047505898144,0.907484239666245,-0.207895399734581,-0.087426099115151,0.410131567607008,1.15400772149372,1.02065484064986,1.10967523874699,-0.296970581771183,-0.278794318980036,0.369543772875458,-0.0660478656653973,0.632915472446927,0.194053450325837,0.561125893939818,0.730935341511008,0.266648100324041,0.48867970526425,0.34612497803157,0.573710970417163,0.959931419769533,0.291862223173256,1.10925845745125,0.267022217085477,0.410373945099707,0.723847820551771,0.360638281203607,0.350904262843676,0.493150366113926,-0.228770326386252,1.07411037597058,1.11464968514272,0.779597324898873,1.0666424666413,-0.391584485813601,1.15086061712366,0.673264757329206,0.42628964426723,0.197104782298729,0.309015143863345,1.10685881454284,0.935708460798268,0.119991485625714,0.209841120040277,0.387982411056598,0.413579970670508,1.01163108800972,1.08742111444455,1.21569071323624,0.622574357377736,0.665917866752208,0.976421520969772,0.56761881980163,0.643962573778567,0.936604029210097,0.582542276029052,0.451860664630832,-0.0768535101585921,0.61501788113576,1.63503050457698,0.622704472668278,0.0600065619240198,0.561055871650717,0.673405522355153,0.737007338620677,0.154309639065575,0.713627978708642,1.26228844040206,0.449148951866385,0.255666588608561,0.467738902155501,0.820415141490161,0.349485361015334,0.22600597942819,0.421368263835498,0.376689385363549,0.516867740750704,0.521750017046885,1.32190167416486,0.504952917790269,0.180441864910086
9,4.57348982291674,-0.124728032972776,-0.459281457985639,6.48219638497811,6.91927095394178,6.71983963988663,6.93357624448314,5.90930625842996,6.25854524470351,6.33294340370578,6.62636755486543,6.53706398602869,6.203499142448,5.83569276618146,6.53423044758368,6.65423080554974,6.21863823845228,6.07205807976587,6.84842371662115,6.85973309373462,6.74437120864166,6.08877517797626,6.79703665305049,6.00090073510042,6.81673800340268,6.25564880561167,5.42360127052566,6.86694799405054,6.48535992990817,6.88862912259067,6.01761532116873,6.25294481805279,6.85464234017266,6.36584400219482,5.95511415762013,6.57367096999715,5.65436624929063,6.55528151057507,6.5507221555813,6.45491394949276,6.27123277335757,6.5403497189255,5.88438946223129,6.23137195254595,6.69169364788178,7.14379559904041,6.68452737111693,6.48899000257883,6.90360439435154,6.0076146550091,6.20242351630547,6.62115430901742,6.78227857556939,6.95404906877881,6.60291706447187,6.01703548836086,5.86097961264358,6.19232863873493,6.7141406118685,6.17802642953014,6.36989255582063,6.52744566624472,5.66681933037518,6.61941241310888,6.11805677207466,6.59293839533921,6.34992158002359,6.84190866415815,5.91808027800349,6.58311210051199,6.39767551167203,6.63796763757898,6.38301340924463,5.90730851572852,6.10154825864286,6.45352541914519,6.07003791594569,5.67116591532046,6.66792238566241,6.36658164578203,6.80025266590922,6.99719846528923,5.86455967155379,6.63557458848736,6.02823242982475,6.40591519891145,6.01675553902825,6.14042915261273,6.75261502397926,6.8725236731223,6.44059271557187,6.3886582638689,5.88857480630782,7.0054908070744,6.4880179524589,6.42026044813699,6.83423557827754,6.50269692344121,6.39136448239308,6.58644875870036,6.1773716232115,6.22404096206919,6.35389907410777,5.73922100267201,6.5644386519611,6.60106736054,6.00776869031852,6.05538452206464,6.41361236012485,5.59623277192847,6.42291928242078,6.63114581692172,6.28385098887194,5.61791087150152,6.86317587391867,5.77500767291159,5.61821348166525,6.98889595754568,6.15886534716623,6.30983544897417,6.13272363889263,6.43367269369275,6.55792974018339,6.70991622764536,6.57221546372528,6.85905556561948,7.21424416488994,6.9566577108237,6.75386584165389,6.40744167362255,5.76970680539455,6.98920174922582,6.07717223574686,6.36583624636009,6.20325252171057,6.23917112731465,5.76993272443318,6.37558672994756,5.39982538378581,6.14552333244316,6.30585380689768,5.96824257220752,6.00653304620729,6.58358616316315,6.71624741041772,6.28238693392811,6.31283210055382,5.57911941910934,5.53918932342072,6.71132385762514,7.21025165702123,6.33572284778781,6.33372858465666,6.49653726557688,6.63788260384637,6.35443031414991,6.55812404432377,6.76437533576495,6.14682046839774,6.38471794185382,6.68632126901627,6.70372141356452,6.94047062892711,6.65242624191311,5.6643934393507,5.77495890890447,6.19903532052064,6.7245453283391,7.36958526672165,6.82024506741186,5.64631825264024,6.50513650234785,6.62344543914659,6.02148701627623,6.49770029906087,7.04271008278488,6.22432706820071,6.35454925443373,6.14101923262831,6.87105303173539,6.00611139679545,6.81705998800326,6.00267979694462,6.36371558668105,6.72204113727493,6.30923310096236,6.40691954089037,5.9805284846538,7.07177069100162,6.41442151217511,6.33156137942676,6.61270915003793,5.77504509121718,6.64437489502636,6.77875312987903,6.53705008665995,6.88115407894869,6.78259943063093,6.48743614887115,6.56785850594492,5.94682378603986,6.23135917028037,6.7244289410396,6.10825200274883,6.0434506108467,5.86136850787728,6.25807001654495,5.74693994275937,6.97179163738497,6.74993608828283,6.09166273949389,6.40304162231926,6.16909823863199,6.46911764873652,5.80902285738405,6.95465590899509,6.86379019850067,6.71492398081113,6.42832896528556,6.23436788545573
10,5.12327637495384,-0.993453832358204,0.42785799772227,6.38272635168389,6.83052005908853,6.33667638296391,7.00147761614471,7.08551294200612,7.02011001450698,6.78135744385764,7.30200387478741,6.58707525414379,7.12018662158445,6.79016309491105,6.49577089486133,6.83557160575319,7.36666945103095,6.77662766881248,6.9560672818191,6.9045739290523,6.95353939331653,6.80354843882625,6.4223265158093,6.39417070291586,7.3052988232005,6.88351291737388,6.22034399658633,6.8633925820861,7.2974212477193,6.8038727327558,6.7521372000424,6.88982666723532,6.77597801973777,7.00464380367092,6.95739553581267,6.38443344098616,6.82672416701811,6.96028076399331,7.19508949899699,6.90891530161053,6.77940801825232,6.72650464890512,6.72740004352592,6.88874404355604,6.40799247163115,6.94018423903022,7.423801339472,7.02067798355359,7.30792334608583,6.86036728192718,6.46764864138558,6.83776187352032,6.74232466548657,6.21198164962209,6.77785191354987,6.38910503620562,7.11024508207168,6.09618475826343,6.7588931852294,7.04469914652734,6.98900787424328,7.03457221896178,6.41576345159127,6.61363870170331,7.1089780228184,6.78123253860627,6.73395237001733,7.2330613266983,6.61531422818094,7.18674877554943,7.41573207685575,7.23949875509986,6.2542615851888,7.31291720388962,7.3114957926266,6.64968998617674,6.30749988043482,6.85350629129691,6.58156656044233,6.68196808441124,6.90269011406404,6.63248486471053,6.82190490812695,7.01298993365085,7.11973685514615,6.91456960829651,6.55439115693659,6.69652166871086,6.53290565441349,6.79432153027453,6.8525743054326,6.9390701861868,6.76845172747065,7.63768410547596,6.61777675002424,6.84180038625133,7.16248134968906,6.7479506087651,6.73012975346521,6.84229715616305,6.60305055679571,7.20727792396365,6.58807238966497,6.57415975852089,6.81222713107206,6.88884420126954,6.46119922801838,7.00465541849549,7.17445464769504,6.49234404341945,6.85010168327693,6.89900820274925,6.57256291276955,7.03365858133329,6.90334011796485,7.1890421206982,6.26242806183299,6.91619727166657,6.85246920064475,6.73980881495702,6.9336125308046,6.89195692788478,6.89626619556045,7.00302533125239,6.47750861057008,7.25773509699812,6.77086101415849,6.3944848728853,6.95469218237046,7.21895075005823,7.04432805451953,7.08061252047738,6.4795370958395,6.88776272647962,7.16324551946375,7.4214526038612,7.30212067134646,6.55737498154385,7.59187633365042,6.93557085660783,6.95925370062687,6.69474674607122,6.9602959364079,6.21277674511966,6.75715383204099,6.91791247033928,6.94801267419012,6.84893719193129,7.12471856720844,6.91048126689147,7.36578613764953,6.81815465028137,6.34581164633476,7.12705226966504,7.2378234654211,6.59526403195927,7.28785266190337,6.54729312299109,7.09523368657783,6.43849868567417,6.77605266338825,7.04809340362409,6.61376383842751,7.11751884238823,7.11063574168924,6.96031274844475,7.23363817874416,7.04041198410561,6.12337870804156,6.52264554050948,7.40029320898898,6.22894163165375,6.82053526786941,6.74753813158837,6.41006547976326,6.9362348566274,6.6062831878092,6.20612030539418,6.53694732067092,6.29805370603107,7.32004383677445,6.54097971283309,7.27630411037714,7.18634144396624,6.6326024426117,7.21305316803229,6.76670163109929,7.16879096730301,7.07670770057054,7.27728801836993,6.54767513947763,6.78395613834131,6.98755524578532,6.44290882872094,6.8347331291285,6.97830465442875,6.56717751923053,7.22470868308376,6.64889592735507,6.76816259238096,7.00350940853232,6.4760221419347,6.06698865481485,6.88664801680861,6.87447268057351,6.48661924877219,6.96264463270313,7.11812745585407,6.94891908801052,6.67346865767449,6.71393781853209,6.56451168983239,6.68892577501008,7.09219747833005,6.36893848125135,6.2284919286802,6.91808906305611,6.41978909050562,7.02162719629089,6.80453657326714
11,3.45955174649926,-1.1869772896235,-0.712000019451575,5.70260060157344,5.82094261929995,5.71304443838376,5.23562214738413,6.19931189175025,5.51771166583321,5.84145964258618,5.73125576110129,5.86980411290501,5.40319590476994,5.23157362802442,5.58466555227159,5.81808147764507,5.8303162399324,5.54406479843652,5.77009956944778,5.77849952126104,5.81294888617712,5.44466468257261,6.02090705656708,5.59252706330713,5.66586844607462,5.7873131971895,5.34872715306878,5.14338068529512,5.45782065966585,5.93866641814971,5.6449039421745,5.62223771163521,5.9875964187261,6.07822804341447,5.33745570052813,6.0971236861854,5.87511999188335,5.52548879044823,5.60308179666993,5.20059729325151,5.16712228774727,5.99185682738175,6.12215650514367,5.78514159767634,5.88213330593186,5.61386233491694,5.51557586698914,5.62549841977666,5.78450048151458,5.63666305008141,5.71739818633477,6.01686547528091,5.81367243706223,5.72222090995793,5.7462084561541,5.78015862205794,5.66593596381328,6.13236155594972,5.09990568187424,5.59878360772834,5.57131290943971,4.97721496026524,5.50240462604483,5.09460536735629,5.43608519093763,5.66586898663513,5.45895030594719,5.34635602601812,6.07082110866408,5.74904852345377,5.4099488837122,5.94016364846481,6.06078977916127,5.94663486332523,5.67792745606976,5.24905089983989,5.243296199209,5.76870083125298,5.61601034460013,4.99714860609239,5.77459224858388,5.66690099167075,5.79811988556485,5.51555782331525,5.55048610713478,5.61734588938336,5.63756348806608,5.46296890746527,5.59891348852943,5.53602287159392,5.6226366746019,5.55875503194567,5.22259660063586,6.09965962468113,5.53585618376495,5.30170128952121,5.04296279736032,5.74601225149363,5.80519342816892,5.69352573610595,5.51489827041745,5.17346526283615,5.69268890089494,5.52487759762565,5.54235498369411,5.50974180099173,5.54882264277909,5.1901430199436,5.36733694236096,6.23761299077474,5.42527581958265,5.82785810879247,5.48116931847646,5.70951117181622,5.45711939386431,5.56414942646486,5.53436542262218,5.6497572785303,5.66390416175355,5.94244196878044,5.92210707306084,5.82855167296723,6.09712794389665,5.50377239275985,5.31356745614209,6.03744411463105,5.75257829126783,5.5413117178297,5.39132064434074,5.9485500199054,4.9219795253207,5.94054794702887,6.0968093797132,5.30256000458076,5.77439383310836,5.44947778836842,5.87102002791167,5.53555485587114,5.4667739141335,5.84637260977192,6.13601388079557,5.59868801988606,6.0334572285373,5.80858563933337,5.53422656501574,5.28005200670285,5.97670400734804,5.73818858210653,5.67067613735477,5.9831086730618,5.84811496205659,5.6616578045104,5.61610615256098,5.70874394763992,6.29120690131304,5.61758543835846,5.38231992818761,5.20013450890222,5.974104100541,5.54161537835935,5.11682105983522,5.58478566456884,5.70922216792946,4.64462532501353,5.86024850415023,5.13437430794816,6.12166246819263,5.9203550139729,5.95002320386537,5.36735996097073,5.6763546059045,5.40752528924751,5.51377017430572,5.89913458090288,5.55236068385114,5.50622862287022,5.57848837557127,5.9138606508941,5.30556013531183,5.51758255452945,5.24570692906421,5.52514878459234,5.51409094504987,5.48547606230116,5.04677089200745,5.59272099349362,5.69613751413547,5.64813355449074,5.67610069553297,5.63338582814226,5.82765827571428,5.15621491059397,5.4618885212306,5.90588557068095,5.76989289433576,5.5343939514809,5.3773009127529,5.52057584847694,5.07778467089197,5.76918831888111,5.72031941219731,5.64734478145292,5.48909797447392,5.69612269870257,5.57163581772411,5.83532517617475,5.53270273908151,5.94580558476159,5.57443411148322,5.81432979400029,5.48183823861674,5.41643273329466,5.72871462573381,5.79320345382526,4.98848029969572,6.31217205300296,5.99842128130588,5.86599007823709,5.83812270027984,5.88476611635498
12,-0.0623356488770987,-2.81243951391668,-3.11403942774056,2.1445821479499,2.7042388387551,2.92035777615509,2.77528814795567,2.89141181650574,2.71775284628413,2.62682827747773,2.32982790467264,3.16979564079669,2.81206242190968,2.68920703347617,3.1388255626408,2.95032334149621,2.32613150436334,3.09230716900626,2.80396302393759,2.24388624444891,2.49462340065465,1.85117082414512,2.45278671723232,2.49484179245891,3.24742217460656,2.9752981034648,2.80597670869875,2.22843074767611,2.55058651411844,2.44889460613007,2.79646545398458,2.33123813386968,2.19397306497908,2.86272296362631,2.89825828822325,2.64408670168252,2.78338842116979,2.09799491794738,2.42396274570968,2.36095095573834,2.30719919610622,2.66402438742337,2.7393606641414,1.87528098137193,2.18143515266651,2.41207401804986,2.97683295711084,2.1304644468588,2.7944031640281,2.93687105241953,2.56280930772574,2.5912688876766,2.94619447396001,1.69661103330849,2.69279224695285,2.11618372997382,3.06613912393736,2.47613304682133,2.37828300274034,2.64125147126524,2.55450635712835,2.88243212589177,2.79439783388269,3.01825059410006,1.93915299306229,2.07559372094879,3.30545401943947,1.74529224189535,2.11361269850474,2.16208586650546,3.28084404161997,2.28906642705822,2.38079281572849,1.96063592233897,2.47545862418219,3.06241540421692,2.18747936476789,2.55637187623068,3.0542457592784,1.64692081779141,2.73575447294714,2.74029137016785,2.97925332970845,2.40029005385471,2.55751647989091,2.62815803086835,1.9990177665159,3.3074489887859,2.59822964359717,2.52578991632322,3.18041195333729,2.07439786704244,2.7700116239338,2.33831137486495,3.01290107324503,2.57395749920513,2.47974685472827,2.85197871528846,1.68887372712923,2.52049507217251,2.4545989539956,2.96545512304298,3.12146197142109,2.30663927080028,2.43847801796653,1.98127959963266,2.59099382691237,1.82732884077947,3.45064028678042,2.45870113161217,2.72098152725899,2.82555692873425,2.68040489483448,2.54569245343734,2.35560119718226,3.24787204383477,2.82679098996896,1.86813700036044,2.54552442108991,2.812816205534,2.80566303715035,2.9805613285371,3.21481268691666,2.68867005617643,2.65863259676049,3.41028616555386,2.77762302187596,2.74078272037981,2.06758723532883,3.11836494893025,2.79008059635741,2.77207911164332,2.98441545399672,2.4848554213186,1.78874303318863,2.29378024252236,2.77507703171747,2.56671578519145,2.72179997805899,2.39964552025471,2.23163805891924,2.27220507905685,2.24395747725228,2.46810394619987,2.52773685226653,2.927907116471,2.43397976993733,2.89151099452585,2.20913838946306,2.54912570490058,3.10048046897078,2.78669655536781,2.9825107884659,2.47871708197245,2.18571732589099,2.71593984417007,2.89175099425825,2.86255018337258,2.33145095011698,2.61203579788822,2.06719077106849,2.983860441068,2.75289704289223,2.73940327102651,2.2702653372497,2.61033613220369,3.00712053545922,2.36104569233047,2.26148669274913,2.87249490188215,3.13017868311529,2.18891151786569,2.2596102365571,1.96603768130397,2.24839003221398,1.7752727992435,2.1824258127388,2.51658564657686,2.54300326237129,2.90921473767398,2.40203089925404,2.51445514840574,2.83915854373751,1.96132937030546,2.3227795406475,2.18602392096268,1.76683880197339,2.80194919141237,1.60963861445167,2.54723761161662,2.49843717990093,2.34615850856539,2.24285224862115,2.89058470712462,2.8886304541571,2.09728600873853,2.49405771441602,3.17953809620146,2.72818726188158,2.70418363840561,2.06356021971195,3.00699538839024,2.45177254912921,2.44874625749705,2.47411108757121,1.88796673047225,3.02922314299201,2.69504160695924,2.20830274181747,2.10350572913167,2.42401774708505,2.34347717744572,2.48462601326105,2.31144137739461,2.84832899381995,2.72409879402136,2.12474883532345,2.48670073599684,2.88624577841647,2.47074472495341
13,4.71317360715227,0.893408639500892,0.994932928748349,4.69975276695169,5.63454565809245,5.61465195177624,5.13776661810008,5.22129993883533,5.23854447456824,5.14830796492949,5.82119433888113,5.48138368812712,6.23778826160559,5.79937486478765,5.320253420196,4.81536494447243,5.3110187651519,6.46532673764704,6.03779857886615,5.11134885068631,4.7816958252944,5.22656800059917,6.29855774115526,6.15236935929251,5.95062061294034,6.0078882902719,5.62588034315614,5.57986360841003,4.44749695726607,5.82904995437714,6.47154226375224,5.94311443210216,6.16871340399003,5.21921187918457,4.97405482075861,5.93561063186652,5.36998868597898,5.43173290443248,6.11136484908181,4.93126718709413,5.44817701186167,6.302210242746,5.26944912397471,6.09477849278728,5.79227256971013,6.27514034462753,6.38641846366546,5.38549337303302,5.62608717616149,5.3807923596781,5.48836016048146,6.06306737200499,6.63914652780333,5.80796435876076,4.93154595047594,6.31303639136875,4.73020904181074,6.37077493623044,5.30131281159381,5.57727175384102,5.40284590880422,5.17971484474273,6.35045179597722,5.05486138196893,5.22641080755768,5.08204761101805,6.48684262441808,4.77532129823277,5.2543640324282,5.875326854623,4.67688874240477,5.98701806837667,5.44311950293117,5.80656430975097,6.11861901940598,5.33490715759277,6.27732378924886,5.48880172306299,6.26555829357129,5.3389326899161,5.56175986727929,5.72678951797636,5.71057581544188,5.80304433328354,5.12066145419321,5.35649010142267,5.77418771526537,6.39470385787766,6.1277599528575,5.74283276840111,5.16752437144463,4.74696201622689,5.21907075394197,5.81365293482305,5.94304772867114,5.78463869414545,4.72190124988101,5.68112146450088,5.61935151300335,5.72773714649792,5.04380073456219,5.85487023533675,4.93041999196158,6.16688213252103,5.83951650755106,5.69709862100229,6.08886278528262,5.73100996442695,5.4843664490632,5.70102406217745,5.49590527124786,5.44415343171083,5.49036522182207,5.75054586705126,5.31347308686891,4.79752711110613,5.90953858097747,5.36087044677993,5.3380100721399,4.50762026510758,5.90232454213255,5.37882929781139,4.98412362238188,5.56161615094577,5.19608842612613,5.45786385232303,6.28741086726181,5.14860903351191,6.33863578768619,6.51063541483812,5.44703433013478,5.03473054643897,6.19789270602775,5.38878857924998,6.27071584308465,5.94536120394868,5.53846572864216,6.4089899363617,5.09746793230417,5.55365325035651,5.11178847784231,5.83119847538387,5.6166231646811,6.09089684443298,5.44773733895592,5.1864584800468,5.40005158735315,5.40583530521828,5.22790647533184,5.01770661922207,5.73738900039078,6.6356813705069,5.61551083934759,5.32672246842321,5.35386315649213,5.6095232727476,5.28203314091824,5.75264534906024,4.9911919973235,5.64530345922221,5.36997817938856,6.23066629487801,5.65839167169901,5.49347167124095,5.13307293335152,4.76221077598151,5.91223510927044,4.76782529742275,5.86694124803377,5.90932290068742,5.25306243601815,6.3001098507228,5.70724355742602,5.88655523967492,5.86176545676957,5.11785702651908,5.66520294069461,7.13047785564831,4.74006847909509,6.58178877682714,5.84421378701065,5.17222590180511,6.18669787990203,4.90568574343102,5.85046990847338,5.12745957839307,5.87804891730912,4.48765681435186,4.91642712998106,6.62627031830236,5.28971755622685,5.81196793598651,5.04694234247915,5.61127278646838,5.31860584105155,4.70564366660133,6.19786754642957,4.98951397058962,5.46250554457071,5.63004020067324,6.14664513977619,5.51306739859425,5.11157085736167,5.81884170118376,6.24954857987674,4.94336467836354,4.39843170069854,5.2512141725104,5.16329162294686,5.77594756758995,4.94193358130777,6.21263290808378,5.74073048486463,4.80895176923879,5.45273628026013,5.06786541065192,6.05025379577062,5.9335048270184,4.91724778160676,6.06323583795148
14,3.45065104012687,-0.578153517175772,0.244553672307624,5.22896681924014,4.49782306880326,5.54986179775669,4.85817821277106,5.57477729542546,4.51535690451257,4.88038595362674,5.18310004274576,5.71260731510996,5.02612614338831,4.88507299789682,4.42761325458203,4.74463385316937,5.46663415447528,5.09449324967877,5.21180595273858,6.14296812004176,4.8777636455388,5.27594778426512,4.7334538694235,5.46708926603567,5.27052880156824,4.98198967941761,5.29842215727034,5.48633051634808,4.92013329942433,4.81495219085795,4.8360685266676,5.08274261067025,5.22013358790485,5.32310884311178,5.26399808289744,4.95796885543589,5.07293827285953,5.57899282493111,4.94623032273995,4.85551976794285,4.66960411244535,5.22244124144169,5.04555273406504,5.4766147379264,4.80526215265418,4.93288402558478,4.94216306571342,5.02595083607429,4.54709157096258,5.23588465939402,4.73408433480889,4.90440173574012,4.76629031268025,4.27713168491888,5.04498964631965,4.82822397900624,5.13300404770114,4.85589130114918,4.72085717467765,5.2166730443254,5.44564597269119,4.88604913080171,5.24263878805531,4.91630705911983,4.38814282198732,4.7794917996719,5.09950239413233,4.55790334487132,4.82150754225132,4.9141762320881,4.73162963924045,5.11019164061093,4.84318763731968,4.92668041784925,5.36201572980961,4.65296823943735,5.10243831982311,5.01050164943773,5.44754162488983,5.91949943471541,4.9336430901822,5.1686725294275,4.81534851331573,5.19305349727366,5.33800283273251,5.10690856651981,5.13700031680151,4.9557298949332,5.19785343467383,5.65215854241756,4.84687975192946,5.31537201316479,5.30300291305386,5.20201388676049,5.35774538000409,5.38956925197283,4.92674146654002,5.51567928303904,4.87370722980374,4.65342452614554,5.11672250574728,5.15103011199269,4.52589394910039,5.03592301616012,5.25259885072422,4.75707409757824,4.65297544584085,5.86353143616751,5.29234126902027,5.06390551366553,5.06636783485024,4.85475105410273,5.00571143451924,5.07138499618995,4.79235182524351,4.75658149266425,4.51192826194593,4.98888827193138,5.29964252735324,4.7510983078717,4.99274295936412,4.42183879074125,4.90266984763312,5.44569756256041,5.52960810254708,4.58632980720823,5.30960032136645,5.22752536088664,5.11430007460605,5.08000910019966,4.29409139961623,5.14982894494083,5.12104861031031,5.34560509059108,4.96952118689677,4.54853828192656,4.88953896014994,4.71004736251599,5.25860167040573,4.39190884316052,4.93183145038829,5.09687703605997,4.79452458638494,4.75265880220839,5.24019859551867,5.80249062857596,5.28920246425042,5.3257720872004,4.99540169658506,5.56634031667538,5.10710874312033,4.61359521201756,5.36621262892361,5.06694677184765,5.25817610007093,5.14281279921673,5.67449358311178,4.47361545969445,4.8936766663352,5.14910335488798,5.23417954174195,5.11999173064526,5.10976800597303,4.92122369935004,5.29730146848322,5.09927933419674,5.13450229407253,5.39160378429238,5.41180599105968,5.41829479171891,4.78699475244639,5.5515623654782,4.71261843071185,5.25269371118251,5.09668192343316,4.43356717921157,4.99185861146814,4.79158033022262,4.52295474728628,4.65286662249549,4.74479634859728,4.96762400269914,4.78074800979844,5.1201067952094,5.273340632535,5.62595344788013,5.1055362630287,4.62759744058165,4.29822808363225,5.18908934321893,4.5453011619867,4.93666213348711,5.15732924990011,4.679092969999,4.92020781557398,4.81007064674617,5.68835146099305,5.07501294444008,5.19114351147671,4.50654944193869,5.43243274953675,4.66208206686434,4.87976920241782,4.8499056120364,5.00981534209828,5.04903563623431,5.39077333130269,4.77372164234653,4.70333824765747,4.68387172394138,4.87394147104419,5.10862599827435,4.57505506056879,5.86370078207934,4.84843323137847,5.26306899969737,5.02383616068769,4.96508023459052,5.311691870973,4.15923530355464
15,0.301930657765137,-1.54082523615134,-1.79707738617793,2.52959009700613,1.94746497830982,2.1900399635383,1.8692744386815,3.13045116213595,1.57163870835049,2.64775913647299,2.69597448714962,3.14399042576488,1.8219426892065,1.85012698648062,2.49090793591085,2.82220866931595,2.43082031797595,2.45226044631737,1.76058635859699,2.40525109905969,1.88627050425179,1.71695038837414,2.79980886146323,2.59885668610969,2.0513286990675,2.7057171585644,2.51829752761437,1.85559093615917,2.39690615200085,1.6764313393669,2.1818050212314,2.69186293235035,2.69405901265201,2.03288138634037,2.48173281869808,2.18438883785261,1.91980661759055,2.33495071709231,2.62227820882082,2.32374758653238,2.32949046066555,2.61661381866944,2.10274806145014,2.11559505192112,2.80720244636112,2.08435093142958,2.92009946856502,2.50079469559681,1.9475232941192,2.04084584004571,2.48391341629028,1.91786255407995,2.19586064371768,1.7664564786207,2.90941199407369,3.24006811054665,2.09712915682965,2.52255861699182,2.45007109979161,2.76369343282468,2.69592332899258,1.98939176567301,2.00852820077519,2.62546779269413,2.27372414085467,2.45675837414432,1.60425143703069,1.98324964680088,2.70774383063506,2.39427082973127,2.61377613154319,2.22532046889814,1.85840328966356,1.91743733105816,2.10047283396719,2.63177825748091,2.50496347273437,2.78156742117464,2.37604663326418,2.60144259562949,2.28895221904364,2.59531704190916,2.6150938972503,2.4336955809191,2.12307819091815,2.22627392478782,2.66836079064876,2.47316299815106,2.79110300005556,3.16516681130306,2.49784612370185,1.82198318730444,1.93055901288404,2.9471372506215,2.33851065804314,2.00871032567216,2.61797731801598,2.3269830254951,1.88910464613938,2.63569865490922,2.1053435474961,1.79391985758324,2.30278098835783,1.9893617480627,3.07846434452654,2.6362933832188,2.18299424098172,1.98986857036456,1.84276798518404,2.36502623515427,2.37813419057271,2.25234174901658,1.80481272229349,2.69343812466984,2.26518523557107,2.30881302295809,2.05430463181608,2.54255162825474,2.1075621692733,1.43240117594876,2.00472898331598,2.83309249582127,2.2210022079896,2.34939609503955,2.24706926153206,2.17770393045749,2.55870970036043,2.34329325397713,2.69181921933626,2.61535397756756,1.96826909608754,2.64980349572401,2.33223650771444,3.04077420239972,2.74881091571846,2.78068841562489,2.51780432867297,1.96912994898537,2.4434598200451,2.58405080656694,2.46220647244029,2.26557388723023,2.05670545021936,2.90324033049703,1.93079967574483,2.18573858614484,2.33049390691193,2.10537292662931,2.2584100110326,2.69267132900652,2.65419895806647,1.98851552024524,2.34185911520848,2.40045825242015,2.404813768325,2.44677183527504,2.9404288799409,2.66797300390205,2.06610658898687,1.54574942484864,2.3814391365593,2.45885888597226,2.82931926813232,2.7728038143924,3.22661311187997,2.49628889321662,2.89700930054864,2.5990521670286,2.61092636431721,1.73377699401154,2.38683723699877,1.56571468040954,2.25607009203215,2.25015720947581,2.2105624633463,2.9199819841669,2.03356901596248,2.24108058028027,1.94325942882705,2.81538481485086,2.73845518057665,2.59858852401624,2.69349226766979,1.98419237516758,1.91072880978356,2.00933570259938,2.07637410840156,2.49803654269005,2.63320555233648,2.51012765744381,2.1816140497428,2.97455108339013,1.65458819729782,2.49508983213775,1.57217132055691,2.03228917677831,2.79205412372376,2.88336415412636,2.12658488715876,3.01833635194715,2.65596084805497,2.33554922653807,3.21352712480285,2.16505016278172,2.18149332630617,2.71373026493114,2.93486344163281,2.34051655568321,2.70401542058298,2.57964380095568,2.7812370781773,2.74853709291543,2.56749377953727,1.78235277600494,1.61859660298518,2.25991401042174,2.33390255219204,2.23979053870444,2.24670595632266,2.02382770425427
16,12.4804562327611,9.2188041713855,8.2852528859231,12.7289174241232,13.2656532577804,13.1174763508414,13.5709298421521,13.603076797337,14.0864326783831,14.1333127665003,12.9768835902926,12.9587061556031,14.2254879182224,12.7581367705283,14.0767214090904,13.5918166483046,13.7002499407243,13.7932882606051,13.0462853675459,13.3001136834889,13.3111429199658,13.0630388428693,13.6474354445299,13.7822910961779,13.71944972497,14.0508426423898,13.2944961434134,13.3898830544147,14.016985022881,14.2167012516496,12.6623478370989,13.874330870382,13.810936242394,13.3079119100167,13.4704450487575,13.3331299178607,12.9405237423331,13.7884340657187,13.7557242339677,13.6686345770404,13.9359883245013,13.0925343121018,12.8383543467229,13.1645344009315,13.9887766231556,12.9973564234587,13.6713694857906,13.8566103644188,13.4270577278085,13.9144625383171,12.9428502787866,14.3042227772482,13.2493236591426,12.6682139348319,13.8384361073218,13.872477952937,13.5333560050472,13.6614569067952,13.8012162490251,13.4186772630339,13.9531499938785,11.837786406529,13.1337601795017,13.2998103102613,14.4195157918473,12.7834349964438,13.4959947697922,14.3745126848505,13.9125044988343,13.2749472608507,13.3427178538282,13.4084123861825,12.9428560055959,12.9992753277324,13.6124681597041,13.4842544126998,13.142894255939,13.5531200535743,13.29717782177,12.4403714866196,13.068910076828,13.2699348778762,13.0063209831266,13.6779586822743,12.3424835258837,13.8626809249796,13.7997862209437,13.4088244878066,13.6712603524798,12.8041908754496,13.449632584839,13.6001437233442,12.846415929625,13.7413337838421,12.6340057159976,12.8209653360676,15.0219064369581,13.5775718933461,13.7988208506901,13.0990229706468,12.9969998656432,12.9822191848897,12.8061281982032,13.4422282598305,13.5774170335724,13.7967827112612,13.580734829473,13.9408546259639,13.0232208778902,13.4485220131425,14.3251692525132,13.0090875712962,12.9911030210448,12.7461766086021,12.8058142251824,12.8151196962707,13.2620111228833,13.6133621054602,13.5815248499963,13.321872106115,13.8816664492748,12.8424128653745,13.4346696802403,12.8541892481633,14.3267592862112,13.5316255814278,14.1817686552589,13.7549516622544,13.536146016056,13.20457501961,15.0327306977109,13.6250556975712,13.8330200807018,13.8029399249459,12.8685955944474,13.6923161207281,13.4600452952357,13.3388934551997,13.9747077970316,13.9003451372186,13.9773401676054,13.3743905050671,14.3713803688827,13.1569421988144,13.2339797295582,13.2967239302797,14.2873943577808,13.6768131967026,13.5837350952708,13.6808548759749,13.9069678085469,14.1886535892555,13.2253725164889,14.4293028718304,13.7368461401254,13.6150284025565,13.4378698638365,14.0286664161035,14.7400741332616,12.9583781599463,13.980621658249,14.4569870961691,13.9721166654415,13.1803637014765,13.680491533658,13.2985083755978,13.838740323343,13.9780230295468,13.8364365109883,14.2954651568636,13.874691960012,13.3379142939324,14.101949766929,13.833295945589,14.2824336872617,13.8107348675144,13.5225852919453,13.5757528121648,12.0162338426319,12.9987125880175,13.8192215020727,12.2343877153378,13.963955759748,12.7553629369145,13.4095309645747,13.756059536406,14.6269809048125,14.3544656726147,13.9044984930555,12.4840348914826,13.7862749584371,13.5359179773134,13.279232548348,13.0055254993692,13.3203411534501,13.1509888707391,13.2049054000532,14.244938006222,12.9182507733649,13.2371366366965,13.4658211999857,13.6374468378644,13.4191889335091,13.8344004956808,13.3557195821477,13.6762491239274,13.4939173037938,12.6241444274542,13.4876550125527,13.2019796184918,14.0368687904733,12.9042445682763,13.1491857222169,13.3704728168383,14.3631829486347,13.5527847456443,13.7576840149857,13.0885263813962,13.8050414177154,13.2963591623831
17,2.06752759153026,0.489747772006632,1.8871387065214,3.91996366727185,4.4943368215367,4.13675684525854,4.79624026524672,4.66461372182825,4.01310052868946,3.15400687713983,3.64182510337185,3.8685486195783,4.66546774744097,4.0170516724934,3.53434340776815,4.72002622989074,3.41171778138141,3.96251338778189,3.81023568404615,4.55587809521574,3.34399855117313,3.83985119121057,4.28408519594932,3.84566261553876,3.72546006405137,4.00007286930641,3.5020338987735,3.9298010812598,4.32918075875046,3.98165118209444,3.69079275899191,4.90969001745276,4.2215633393667,4.39056167765834,4.46374262039184,3.84927005270641,3.81450723938939,2.8267805139109,3.41283802438763,4.79255514043067,3.68352071366513,3.65417612439796,4.05943128966082,4.01391863241178,3.46697333614991,3.94643671139512,4.81996689322244,3.51185685534807,3.86951792745687,3.91164701483626,4.22936315810789,3.29931205357319,4.62889784093046,3.79077493117159,3.58339752902805,2.95775694277771,4.62395052413576,3.90916761465561,3.79207107178436,4.57028300433506,3.42181109555488,4.25284689227508,3.61377837294137,3.45160021217346,3.80375852124188,4.13194879151833,4.14592078040057,3.95362431570261,3.83555383264316,4.29400071595232,2.35258581405504,3.45688828005566,3.02982704742243,3.4095672332896,4.41887755937602,4.71401209167033,4.56333033586609,3.16866375384097,4.34573668165632,3.96015597687238,4.45669530906465,3.81845989957965,4.04769659227779,2.86754341936593,4.08489474290326,3.70819785604768,4.34095555144758,4.25870363121512,3.72627573166673,3.34999940569887,3.65170335514224,3.02699294636004,4.16343968413488,3.93178528671605,3.51352227866255,4.109405550231,3.47247941926747,3.67418433929871,4.17721626204561,4.85873732127187,3.78335968380947,3.45448968220321,4.21312055839258,3.13118790385341,4.35070899418746,3.30323811315563,4.06589386404961,4.37871697741785,4.7520680166564,3.46673750665039,4.193569609873,3.50763940687842,4.12943079706998,4.09763193639747,4.02869166916144,4.18086114627736,3.34046672722434,3.76325776135078,3.32185653777206,2.84940166473562,4.25079832670703,5.17478343369162,3.81884059169519,2.9353711050617,4.33610984299537,3.63873469047518,3.84078780274182,4.19455094650254,3.4894823466012,3.79267469496551,4.01878484498039,3.87495043556847,4.09162239485341,3.45926014569709,3.43882883674185,4.19348678670981,4.16075487931351,4.25996644579345,3.37210923740991,4.28835058445691,3.41947131378773,3.27517431502995,4.0067262207045,2.80741923594607,3.74859781665071,4.45572904380234,3.67798539274249,3.8529422684596,3.52680162498673,3.84834403349066,3.49546126031317,4.3524180432718,3.60927265781232,3.27961758353148,4.42626753683188,3.61740537760071,3.92616831567802,3.32231163862411,4.16054088738749,3.9282372001654,4.25815057126566,3.64482699963022,3.94316019693128,4.51383780691026,4.44407241383167,4.35405769225004,3.26738362630665,3.49776798647561,3.2047366995144,4.37623748228442,3.57818313456228,3.77548310146814,3.84694216926538,3.51259139266531,4.57688836332459,3.21142714416247,3.53701413648402,4.37646164713943,5.03634673362823,4.72368613342184,4.20575144273798,4.98909504423137,3.24637398163545,4.23953942955135,3.3172401800557,3.62963457568153,3.69099315655983,4.86000269254072,3.93471936063623,3.5547298343966,3.07883906790436,3.00926980038803,4.27790717165826,4.43797865013422,3.28367835733738,3.85267786115571,3.38434111225541,3.2130039453502,3.78122119228201,3.2457074827799,3.67059304402462,3.27178401008454,4.0070922600143,4.16185410894634,4.57603431911455,3.1496884729844,3.08600608437,3.7132959435811,4.23036872114344,3.70620307896687,4.42435073850129,4.1715564241817,3.90710170041566,3.77394932399395,3.82510311610764,4.53350768835583,3.9895790577676,3.7348988710693,3.43298457706034,3.62490112146598
18,2.64816168176294,-1.92254940008677,-0.0879114154581306,3.60294238316712,3.92529082094808,4.3537586936512,3.6199414939833,4.60249719480956,4.05741298722262,4.08006672638093,3.840838202762,4.62807587168983,3.69561881491303,4.14507818002701,4.29476565663274,4.33718281069213,3.93312333671012,4.42646418035166,3.94058772442636,4.81723636979596,4.6424250860907,4.36875811676423,4.12267297197311,4.0119874820669,4.33069145883878,3.47762561724234,3.81455633039465,3.81550754140771,3.44635477329458,4.0117489883595,3.2766331521904,5.21675453698329,4.35835090171146,3.3409483186343,4.11361473443679,3.93041045992435,4.92906832755198,3.70360078412446,4.27837525480901,4.96713464636129,4.64279582913198,4.68141741420955,4.72424676171046,3.37963064765332,4.27259780303204,4.12443566819995,4.69354255001779,5.02597495745403,4.37672188327869,3.84566511504822,3.98644264684809,3.91365541199311,4.40784850573335,4.45422672632778,4.0657275414111,4.40971609002709,3.16208191935752,3.82944573139616,3.58494598372516,3.56204121310371,3.81960641391503,3.653744537563,4.33216361984379,4.70350976874052,4.6371123700073,4.20758364768128,2.9522861641166,4.60067507237996,4.82347885112611,3.56646338922784,3.67990929258843,3.75267959770733,4.27539538716311,3.36118875086302,3.84246038312597,4.26668861273722,4.22639015284529,4.49792497266361,4.36774060950436,3.79313236983931,3.36554916278153,4.26160440535583,4.47434166756902,4.28325938853193,4.04316018070636,4.25202520565255,4.99976476223196,3.44528845814458,4.45506825067046,4.42497758036968,4.32929931800121,4.20519935554275,3.31710161964245,3.8896710173854,3.85008463904455,3.55525454352386,4.11358550100216,4.46854010904354,4.23297092724539,4.12972224327728,4.30211054472687,3.56285537023271,4.18262752873368,3.97189037370667,4.13406963828582,2.89866714695826,3.39944678122286,3.61578653670973,3.85275913360099,4.01949529712466,4.56680886686984,4.45334153453496,4.04398424346859,4.09942632431517,4.54742257074843,4.27097285247771,4.52178720664391,4.34281108893326,4.10609024095803,4.15141107388748,4.26845962544022,3.68047129258269,4.01081473142955,3.93430237665386,4.56102750087093,3.65718125490788,4.24165800771392,3.91416846289399,3.62566365343504,4.10130619323936,4.74869125209898,4.004015017956,4.04846188254369,3.84717491411313,4.14589287374554,3.74634158182723,4.43285076106053,4.56217904477907,3.60899536419694,4.43933590942827,4.36252067531391,4.18553593587871,4.37509747156055,4.005368723272,4.56531243783589,3.64684167922447,3.72003286831109,4.01913638156708,3.68383606451803,3.74137051405194,4.32317013876975,3.68705273753349,3.9626155181935,3.93823761126064,4.35398051489784,4.40255971088077,4.33193132644598,4.28039167501881,4.18899014713512,4.42437259362747,4.1489328116274,2.81615123292607,4.67579921068264,4.23359403905494,3.83987442192786,3.72078239976077,4.25158549250413,3.39397153385017,3.68740551489435,3.28501831547954,3.29718913401198,4.87981891489235,3.79704178639635,3.64311216121203,4.17512110393303,4.41122497695636,5.12627309241898,3.87191909952891,3.99203627852629,3.95420270388505,4.41966344924671,3.83435003627053,4.12362502398871,4.14355599799128,4.29841885879576,4.2004564643302,3.80541886345551,4.6596101909244,3.82587682878108,4.09745580621099,4.27215301096509,3.70705371650801,3.72643388285807,4.35921041645939,3.42577524967496,4.43040141076851,4.28645243193235,4.00975165939563,4.53624347210633,4.26482301430289,4.19737327138299,3.51291164251351,4.08216971842399,3.57342375349052,4.21461297706274,3.91330656109481,4.19906464531854,3.20091210092344,4.09132888520576,4.37202396780596,2.57093568341513,4.08803006539689,4.23168483027556,3.74261412053234,3.49826541021152,4.33200736874977,3.91892093741115,3.98606992280748,4.22534686912157,3.8419002719501
