PeriodId,sophia-9,sophia-18,sophia-27,sophia-36,sophia-45,sophia-55,sophia-58,sophia-61,sophia-64,sophia-67,sophia-70,sophia-73,sophia-76,sophia-79,sophia-82,sophia-85,sophia-88,sophia-91,sophia-94,sophia-97,sophia-100,sophia-103,sophia-106,sophia-109,sophia-112,sophia-115,sophia-118,sophia-121,sophia-124,sophia-127,sophia-130,sophia-133,sophia-136,sophia-139,sophia-142,sophia-145,sophia-148,sophia-151,sophia-154,sophia-157,sophia-160,sophia-163,sophia-166,sophia-169,sophia-172,sophia-175,sophia-178,sophia-181,sophia-184,sophia-187,sophia-190,sophia-193,sophia-196,sophia-199,sophia-202,sophia-205,sophia-208,sophia-211,sophia-214,sophia-217,sophia-220,sophia-223,sophia-226,sophia-229,sophia-232,sophia-235,sophia-238,sophia-241,sophia-244,sophia-247,sophia-250,sophia-253,sophia-256,sophia-259,sophia-262,sophia-265,sophia-268,sophia-271,sophia-274,sophia-277,sophia-280,sophia-283,sophia-286,sophia-289,sophia-292,sophia-295,sophia-298,sophia-301,sophia-304,sophia-307,sophia-310,sophia-313,sophia-316,sophia-319,sophia-322,sophia-325,sophia-328,sophia-331,sophia-334,sophia-337,sophia-340,sophia-343,sophia-346,sophia-349,sophia-352,sophia-355,sophia-358,sophia-361,sophia-364,sophia-367,sophia-370,sophia-373,sophia-376,sophia-379,sophia-382,sophia-385,sophia-388,sophia-391,sophia-394,sophia-397,sophia-400,sophia-403,sophia-406,sophia-409,sophia-412,sophia-415,sophia-418,sophia-421,sophia-424,sophia-427,sophia-430,sophia-433,sophia-436,sophia-439,sophia-442,sophia-445,sophia-448,Sofia-521,Sofia-524,Sofia-527,Sofia-530,Sofia-533,Sofia-536,Sofia-539,Sofia-542,Sofia-565,Sofia-568,Sofia-571,Sofia-574,Sofia-577,Sofia-580,Sofia-583,Sofia-586,Sofia-589,Sofia-592,Sofia-595,Sofia-598,Sofia-601,Sofia-604,Sofia-607,Sofia-610,Sofia-613,Sofia-616,Sofia-619,Sofia-622,Sofia-625,Sofia-628,Sofia-631,Sofia-634,Sofia-637,Sofia-640,Sofia-643,Sofia-646,Sofia-649,Sofia-652,Sofia-655,Sofia-658,Sofia-661,Sofia-664,Sofia-667,Sofia-670,Sofia-673,Sofia-676,Sofia-679,Sofia-682,Sofia-685,Sofia-688,Sofia-691,Sofia-694,Sofia-697,Sofia-700,Sofia-703,Sofia-706,Sofia-709,Sofia-712,Sofia-715,Sofia-718,Sofia-721,Sofia-724,Sofia-727,Sofia-730,Sofia-733,Sofia-736,Sofia-739,Sofia-742,Sofia-745,Sofia-748,Sofia-751,Sofia-754,Sofia-757,Sofia-760,Sofia-763,Sofia-766,Sofia-769,Sofia-772,Sofia-775,Sofia-778,Sofia-781,Sofia-784,Sofia-787,Sofia-790,Sofia-793,Sofia-796
1,2.08179852633379,-0.978936513991524,-1.01508849177534,4.71005694156226,4.63750935813902,3.31898085983227,3.48545236306017,3.28517859970261,3.25348412813604,3.27562738296785,3.47597313247106,3.61364109867588,3.56059482435169,3.12768873409979,4.75893871667934,4.3360046313089,4.46491987710298,4.9407226521782,4.79790359542507,5.41615049060244,4.76151842398962,3.98192189632778,5.24793145315385,4.83431320589378,4.51008985644468,4.48090814003899,5.28892058743449,5.11095593110502,4.74158129666951,4.8666802406762,5.17149198274114,5.08919831633932,4.93512052597376,4.80682552244731,5.13106478626497,4.27933180884101,4.35006648842526,4.49383641312513,4.00710638602872,4.50484107041298,4.63702597199864,4.56003867360453,4.48033270033752,4.96380166873782,5.01227281359338,4.36506353618591,4.84506348791136,4.84327465736134,5.06416767338822,4.6896714503325,4.62089383000897,4.24102081781979,5.3816628702867,4.16699124389353,4.70656458537444,5.01450060526727,4.48993580319024,4.77421428914375,4.88349961304013,4.1674507398753,4.86354279919912,4.89654105780319,4.62958311537791,5.19565248570057,4.49140803133634,4.45813529074459,4.94695297334606,5.01660938557782,5.01969193517289,4.95245173324623,4.80357620374952,4.75253617133062,4.66457541179139,4.96941475428749,4.69046856565236,3.91373488960853,5.09649110259276,4.55465113240807,4.91347563676583,4.95167531124647,4.63898295265548,4.58468604014106,5.04352382270692,4.39063491070366,5.29080758091043,4.73230925855632,5.44019010996908,4.91143350631416,4.5871348848735,4.63427393686642,4.6006752696889,4.80060887873173,4.47304717407662,4.73426995988921,4.72354746231867,5.0142410881294,4.31715835298692,4.71871962201043,4.34183971609099,4.44414984584396,4.76530333855982,4.9200855108438,4.77363246282401,4.84879989633247,4.17980021461457,4.99254634438056,4.72112986343434,4.64801808025312,4.6282440757333,5.21840361355219,4.62487916954217,4.89853356743517,4.25198899661376,5.04516176256564,5.22195026163987,4.60869744603474,5.0664156181401,4.83518768629301,4.84963658580297,4.73353571224133,4.97281378043657,4.69029944558881,4.93785700965343,4.89899910755724,4.93618660386406,4.79335963320062,5.23728654680877,5.16014835772336,4.93657929575508,4.85878997300939,4.87599338534779,4.40334394902502,5.24090185500896,4.39530962340433,4.98266982027502,5.00911597659719,5.13370817362719,5.06444937518109,5.13988821722924,5.12469773393436,4.99038731734562,5.1434597793679,4.74908549612965,4.94610043436257,5.17027199376185,4.39297281681421,4.95794864135499,4.57741951967527,4.78618879885,4.32816471823785,4.03633549056814,4.81470102637329,4.63987970848785,4.78266422843134,4.47587284938187,4.51082770068956,4.90678169829619,4.85521175880435,4.82063274590387,4.8402650108184,5.04002693926735,4.62156687195618,5.13247331638056,4.88489174671094,4.53199513333633,4.97603596949057,4.89789254529951,4.89050731330156,5.58321212331705,4.63251959253526,4.9763543697503,5.40020627513322,4.97989152938969,5.15823117490393,4.59380706505792,4.71995784124741,4.78994410273541,4.93166160284495,5.12509289929128,4.65217740163559,5.07830104497753,5.0432886631701,4.51697807121061,5.14956053752973,4.65445623443526,5.09369836735036,4.60543179946156,4.97857353506124,4.25424851003879,4.92157393767052,4.69295235735645,5.18645857905498,4.83458259994964,4.50070682911872,4.89899290495479,4.16931668380482,4.38679723612478,5.03742271677925,4.80532977834756,4.98197307924368,5.10733156171168,3.9021610671359,4.93000135071053,4.48849845344641,5.21001907937269,4.87048779359558,4.74489627640546,4.84235133679556,4.86449262773427,4.93447752285188,4.74161576156491,4.27729629784341,4.91741173971876,4.79656738881749,4.35220372544807,4.72263889368836,5.09127139211933,4.51792634690011,4.77757653027806,5.13065692893162,4.74796208461834,5.03724765533113,4.16042323058796
2,9.63699320106912,7.93389789717556,9.08337232370353,12.1188742147696,12.3926427855339,11.7318217221654,11.9454992321918,11.5903190216269,11.574154731096,11.5697566046639,11.6998821873183,11.7403256814987,12.0241671060837,11.7151647564098,12.3529800427771,11.9826823632275,12.0244385226613,12.4575485945541,11.643253519061,12.061407723402,12.1773231432233,11.6638341439695,11.8559213825485,11.9093620961462,12.2246518041877,11.6255524453781,11.7525936798246,11.9498596783045,12.3015866851807,11.6072631748927,11.6213688497081,11.9935742007828,12.6422241287075,12.077906261732,12.0250988044464,12.2677148151032,11.4475624398496,12.3756577880092,11.7082794769441,11.5355962144059,12.1838367330061,12.2815032325555,11.4389655269076,11.8538049315389,11.9736194783009,11.8760504267898,11.5562401499757,12.0114568815915,11.1583689072864,12.1057999266012,12.0147548725995,12.110227070487,11.7314072738071,12.4674172466263,12.0595966706981,12.4969563017089,12.369994416715,11.5310062305592,11.9196608332168,12.1769993281347,12.0919905228736,11.9201504606399,11.9008527390274,12.3988638173917,12.3684364478244,12.6236531983991,12.1071975678228,12.4865969910113,12.1643794234476,11.4371061991715,12.4034629215582,12.8916271749868,12.6541453369348,11.4702121442543,11.9245814260863,12.3727297391332,12.5119814530291,11.7395886855585,12.6708495727663,11.9304166604821,11.8752541069382,12.5370031134509,12.4529001010042,12.2696501725987,12.5647084453921,12.5463791566157,12.3340419667905,11.7509979863212,11.8190604748341,11.8409537740454,12.0647687465697,11.8575362761887,12.9750299818624,11.8691269958641,12.7743686292671,11.6809997137257,12.0052512999359,11.4215151968692,12.1449201650524,12.3650269954628,11.8436322643189,12.0485967201432,12.5956194558513,11.9845756226987,11.3590285547834,12.1217493720109,12.6037723891756,11.7949138139041,12.203850799217,11.6436208308831,12.7424350701952,12.4617658689928,12.1885370037057,11.97360664463,12.2176527815739,11.8619390922563,11.9130432604479,12.3452827917661,12.2015480806295,12.1692956498056,12.3009611110877,11.9932229846544,11.9167020258154,12.4395953513136,11.3268234707381,12.1884167766401,11.8601517587284,12.1587121309529,11.5536610064878,11.2959274847481,12.1661778063325,11.8938036713955,11.711019109635,12.5302024455777,11.6078720590988,12.0675448348026,12.6383564397658,12.0872838878711,12.5509108947407,11.7320067618074,11.6188798686949,12.4981653467834,11.7150245660519,12.0958807525367,12.1210817476581,12.6952691454284,12.0768403104692,11.6631012890438,12.3521933069561,12.4603500328188,12.2636717485715,12.525071031757,12.606095627296,12.3803119617218,12.3112364782651,12.0987433301355,12.2286562513583,12.0922074127494,12.1343671150095,12.4477296773669,11.9307630650959,11.7910271593549,11.4700101767426,12.5452056232339,11.8374958368785,11.5949497176735,11.8941316664364,11.7344762408583,11.8866254422366,12.1146216541439,12.198289034077,11.9426221638903,11.5423772652461,11.8343277822057,12.2076983923153,11.9660700628937,11.9465673828468,12.1560893770234,12.3078386192792,12.3510113974529,12.1895335834141,12.1811741958013,11.9231052018182,12.4249140611279,11.87897431209,12.0858694606334,12.680653681802,11.6948352439706,11.8422649507912,11.8789914699917,11.6879423699471,11.9243300577939,12.1320203913133,12.1890328953334,11.7274706590655,12.285944002408,11.7712606343638,12.4467267718301,12.5310657058578,11.6122933818305,11.9454266878044,12.2153914276764,11.5175660988643,11.8913598299234,12.3795755215481,11.4512496542574,11.790764519669,12.1805092777276,11.1425884099749,12.325005460454,12.1949599025077,11.8546274591054,12.1389447212561,12.1014182503023,11.6627703536534,12.1034251493404,11.7205788578985,12.3117940189648,11.8527006228153,12.3997888121495,11.2931911136068,12.3546424995899,12.1496808163797
3,19.6347818644548,18.0893134777741,17.4956996829263,21.7403501681684,21.6910195171816,21.4310883221908,21.3284413328528,21.3710510480327,21.6231768728905,21.4237698224052,21.4953146801106,21.6373546191289,21.3643299894231,21.3661941263428,21.7148439385526,21.8344266180375,21.1386237528842,21.766419056012,21.5417343312937,21.6178508551404,21.8212354924077,21.7177765575622,21.5836791555916,21.7247971583479,21.7908992391155,22.0695017998512,22.0939532450108,21.5370001879116,21.6037975943129,21.5474839257528,21.5984827792552,21.3367102715528,21.875741558271,21.8896792143965,21.4518038452169,21.3889876611989,21.4322834851281,22.1718311672266,21.5204483949282,21.5579113425295,21.5596959298105,21.3947785272025,21.6312270833918,21.6333905502307,21.576107957995,21.4165389534953,21.780522990664,21.9912453754721,21.9665888163529,21.6690848714379,21.7631860062762,21.7609251689335,21.5864677732778,22.076343730822,21.65124364758,21.231439952024,21.9837671907998,21.495489465222,22.0131316095431,21.6624387025125,21.109746296841,21.5648686791434,21.8427494783295,21.7495447882125,21.9065317256916,21.9740542421978,21.5433882012783,21.8219761739233,21.7085561406695,21.5608824002679,21.4161631707629,21.7893360713975,21.1674958739404,21.2679559846666,21.8123615876131,21.7930407911991,22.0520262713613,21.5673059521812,21.4794215776333,21.6931083593446,21.5607054771393,21.6364047522555,21.5457769552334,21.0606810583279,22.0573632470638,21.9198026846225,21.7603385714977,21.4061618017579,21.4130674692419,21.3215733952036,21.8555197311719,21.6765301567605,21.729079833258,21.5647242538539,21.5655196215433,21.7731239183511,21.1729815173394,21.7238971844535,21.8993238288133,21.5777854847485,21.1655799990857,21.5582547987326,21.3932649857982,21.5772830648689,21.8045709106504,22.3499998831225,21.3735962162966,21.551118307028,21.3085870335464,21.5088657394092,21.7521594565697,21.3105280612581,21.9640650787221,21.6479701576666,22.2222964321779,21.5430717244252,21.6160809666954,21.8686875445458,21.7525096448914,21.7732545487068,22.0808066173246,21.4330075607994,21.4314072408715,21.6938590610287,21.7655964958314,21.7930653008369,21.2649666862202,22.0561013825679,21.7917474240177,22.0220365415965,21.888041086462,22.010931326036,21.5633436415642,21.7632972435191,21.4179945789646,21.7369321479489,21.4579615651486,22.2922098818583,21.7662485913227,21.7201366684677,21.548130115186,21.8409088504226,21.321670844724,21.8626083032117,22.0878766665998,21.9025793720501,21.3559288735122,21.7680377293348,21.7691446125083,21.3956335975242,21.0893756737556,21.5537795291391,21.4669498003751,21.5441041714603,22.1228261473812,21.6122947041561,21.506666201022,21.9075263258725,21.9641132628662,21.7902593045571,21.5842691745696,21.6525616231213,21.378466690803,21.2180681517572,21.8917241544596,21.5746071019478,21.6477253264983,21.784436889755,21.4178782872648,21.9657799991052,22.0613308048786,21.9658656449375,21.5973479229855,21.7527298632738,21.5956865438708,21.6084539194556,21.3228391638706,21.8821000791624,21.4042314097997,21.7809328001912,21.3584894416999,21.7539230109228,21.7292358550895,21.9763524335989,21.3517793274699,21.1896584275869,21.3916579510927,22.0964375655199,21.299125915661,21.1562331316872,21.2847976656509,21.7299077494881,21.5753520420104,21.6997357351353,21.9058289435264,21.9139966119954,21.9034492060634,21.5121893442356,22.165210657325,21.7005005802182,21.8051246667634,22.1018156431093,21.6933737019771,21.6603083527503,21.3091878236005,21.1643823779283,21.4391478910702,21.5444186997848,21.8437892093831,21.171461523087,21.5141899053227,21.6404581425533,21.6651037747383,22.2344641850371,21.7146325846903,21.3897182055883,21.7045575238985,21.6338802612472,22.3589799577093,21.9128690122141,21.2420877992386,21.7888692084093,21.7024014712242
4,22.0386963318981,20.2220248789453,20.4395367704582,22.7674002274453,22.6849986713178,22.2496175665489,22.3210427510711,22.3543614316841,22.2009315511726,22.3765404374189,22.3622010057435,22.3985760704655,22.210747665163,22.0962638903129,22.8255953630108,22.7095234397119,22.9687919482254,22.684983222821,22.5195971504984,22.4801929264777,22.6623168896365,22.6097415102297,23.0044030975234,23.480868242955,23.0501576167595,22.7884492814733,22.9591851067023,22.8900104867422,22.6348317383923,22.744240450839,22.8798106051422,22.4479025631822,22.8831917889553,22.7395242210182,22.1012789596571,22.4875453536773,22.9487299385536,22.607138588481,22.7333954579777,22.8161446867524,23.0643781757868,22.9946338541018,23.0409005872924,22.9926239861996,22.3629780785462,22.7462247841049,22.8849147998603,22.921973562472,22.7039977919528,22.4560161921707,22.548874033677,22.9077629471145,22.823211527142,22.8243972077992,23.0039768974702,22.6192060187742,22.5680127213782,22.8159431343286,22.9386141704637,23.0950452321764,22.9353569076612,22.8460053878042,22.8949468517954,22.8993591317858,22.8994499447255,22.7915084651785,22.8018614451074,22.5923770430809,22.9539403439835,23.010426905893,22.7493888378471,22.5269377343819,22.7548785558071,22.6231171833369,22.3695630820605,22.4831708913141,22.9816092071987,22.5049445376255,22.82644772655,22.8162089005634,22.9483714451581,22.8914834578239,22.7031447402822,23.005066738915,22.832945091389,22.605234185985,22.7290921245987,22.7522509483052,22.6707895861358,22.9765307310145,22.6123370080833,22.3253383829176,22.5392695121857,22.6038831387483,23.0890330306616,23.1546137352404,22.7446284487499,22.6527980198758,22.7216642982955,22.4739983146543,23.0502420088917,23.0942297616097,22.5128085148092,22.6531790085923,22.2921056024728,23.0015124943114,22.6727551001846,22.8172450307627,22.9489476684096,22.9675530021156,22.9369188792643,22.7513008206115,22.5656559600767,22.8495183569538,23.108376743033,22.427312055037,22.7777680294688,22.7698411357143,22.7257317244779,23.0911394895151,22.7839963563763,23.0620974891815,22.8345134335214,22.4360604321146,22.8607799506456,22.8192992328482,22.6142463103358,23.2570766228261,22.5068601185664,22.4635342727038,22.7627277906309,23.0598205744542,22.9848076340914,22.5095243570907,22.7074435704754,22.7412812059519,22.560922669255,22.5702997706288,22.7284922868799,22.42494910506,22.321742260683,22.4566068130564,22.6434678384336,22.5353804711944,22.7402441774456,23.0725858689916,23.0976397581687,22.5429294651867,22.7056335518108,22.7779835440255,22.3583800790406,22.3971258679911,23.1888061033169,22.7650078300727,22.6334290648464,22.7043447681927,22.7337335760916,22.9937844378375,22.5774298072219,22.5493455361116,22.3831596741465,23.1709591436967,22.3067323774836,22.5017998866666,22.9201577244732,22.8319130760255,22.7562636399941,22.4679957157493,22.9469818096127,22.7242613685794,23.0777259787268,22.5911040908787,22.5668635901062,22.9252495110193,22.7011045625152,22.5036128722591,22.7948486957613,22.6865589741378,22.6470135308116,22.8176936852597,23.086802424532,22.5872708344008,22.9054317943099,22.9519535828477,22.5489102842757,22.43747454126,22.4503899418946,22.5989990138276,23.0673540320008,22.6186902339626,22.7023168538469,22.7949493169319,22.6123926031286,22.4069963767596,22.6828720298053,23.1911636326153,22.784219204335,22.8124525595032,22.6449481733181,22.8050279760339,22.8075284487324,22.7794754229746,22.7808896155557,22.449444437043,22.7847415285865,22.7542663038096,22.5962022837721,22.6184390110339,22.9676031720546,22.7854033707265,22.9369314451164,22.6470923827893,22.486924262351,22.8035541682398,22.8443980666854,22.8709336144379,22.8635030951174,22.7850052968339,22.6811775814603,22.8861177527655,22.6269551309879,22.4848770482592,22.9486094681108
5,12.6813723593263,11.5129828496733,11.0923514572733,13.7793683043437,13.8265099548483,12.7915969253918,12.6746954255047,12.9562936129368,12.8008280802377,12.9107102577474,12.8469274353008,12.8280842357712,12.9708534628681,12.7142245388034,13.8239529305592,13.7840736284966,13.7195748777913,13.7253161218783,13.8603039537538,13.9851504302856,13.8158249101467,13.6454644696387,13.6057404954684,14.2067230350229,14.0456516848456,13.8596353699431,13.8823433730662,14.1434956353234,13.778031164114,13.8148017378692,13.9673301561741,13.8569895270312,14.0243594056582,13.8481709258856,13.5211620534298,13.9544584269435,13.8028584009141,13.5649968270448,13.8882892518564,13.7955985022225,14.0885456686222,13.685481524434,13.9199799728105,13.7125953533607,13.6236862339962,14.0277972029366,14.0526962116562,13.971624068422,14.1410311024486,14.0635084386513,13.7118602823096,13.8685263540336,14.1421448935349,13.9419667986455,14.0634921032508,13.8147358107888,13.6772226149836,13.8800359749957,13.7340150687659,14.0476722441955,14.2021048084634,13.8719556668048,13.7850911045927,14.0568485039483,13.8574653596013,13.9846161282226,14.2802743640993,13.83089731843,13.6279374558602,14.0352067132013,13.6655873794768,13.7066592004184,13.9938184453833,13.6954217155575,14.3892040875135,13.5735803640963,13.4845652348861,14.073862278911,13.9791819921129,13.9527057463998,13.8876087057181,13.9047316995546,13.4177372770726,13.8577953496575,14.0169974181762,13.8897977182718,13.9587650814982,13.407602921736,13.7819847084933,13.6427842064001,14.0606433741406,13.8593439358432,13.5382958192312,13.820851769612,13.6734339468761,14.2286285716708,13.7476739013783,14.025915933389,13.6522930101236,14.0016720986852,13.905136913708,14.0819002895607,13.7003046794132,13.8184876050978,14.273015172789,13.9152502847585,14.0362982263861,13.6379943210097,13.9566788751817,13.9883988979842,13.983656329354,13.5173673364303,13.9225665148486,13.9455255735736,13.7498353283767,14.2841378670254,13.6197555948326,13.7990044992102,14.0893054598469,13.6691453642583,13.8816148935786,13.8314916281926,14.0237920772472,13.8225667102612,13.9156430304545,13.5537634549469,14.1614715069328,13.7059660362398,14.208887487586,13.9565288722247,13.8345358318497,13.8460904353986,13.9628047873718,14.0827703170644,13.8500610430061,13.7156861369055,14.2401702365845,13.8749324128324,14.1886281888397,14.1386529286385,13.6690920465073,14.187249539565,13.937166851485,13.984805142949,14.0985763966141,13.9358640411991,13.9856064599158,13.9705845587154,13.8015227962992,13.7743028463859,13.8087941796739,13.481313329223,13.9296156883809,13.6097929277639,13.8654868702097,13.7836848380616,13.3960026745508,13.9991782728119,13.6124753003398,14.0227605288151,13.5163975657902,14.0149878135051,14.2076001203916,14.0022855514009,13.9570566807987,13.9312463516668,13.702860809436,13.9197009736479,14.2094780655455,13.8171904814446,14.0428283050726,13.3917343471436,13.7574713420623,13.9012381449657,13.9716881551238,13.8480519402319,14.1349304429048,13.7241587597151,13.8124769268614,13.858201331241,13.7874953521494,13.1749939803634,13.9439846018953,14.0358574140496,14.0090342458145,13.9595049125574,13.9217449589489,14.0432593126242,14.1116316228454,13.688896578236,13.8160042533483,13.900941715788,13.8846794395645,14.0963030133181,13.7345138224056,13.8287007078471,13.5334945089087,13.7658546430014,14.1295954862752,13.6780347187692,13.9380664895113,14.1025216943654,13.8346837974922,13.6760951323379,13.9552116498139,13.996280497323,13.5447196501393,13.8595103851843,14.1787042325395,14.2008969896101,13.7592867424046,14.1070137668296,13.9920083718449,13.7928095035058,13.9630784273359,14.1046952804713,13.9360637806137,13.7502943172942,13.8662461193425,13.2837139323978,13.966675579043,14.088042924235,13.9218555652878
6,14.3215241276331,12.2583709020801,12.3858609942542,14.6692916142369,14.4661541636344,13.7128487092232,13.7984465503938,13.8748493893988,13.8788677253205,13.8670882117529,13.8494068779651,13.8112489741704,13.7773814671616,13.7205387045227,15.0037701994862,14.761544152138,15.1923006756761,15.0184226184188,15.0185743915168,14.8066713774451,15.2793425003911,14.5978400741163,14.8583466582717,15.0268177741256,15.0450412118644,15.1260017228205,14.7867725722705,14.9012644289388,15.1009584367985,14.816607290866,14.6762042050252,14.3891071839579,14.5843875197485,15.1827603014693,14.8781821379328,14.6336140076085,14.9543765561145,14.7504841293063,14.8702299747715,14.4615645827434,15.1401259630773,15.171799207487,15.2707029226943,15.1197352668934,14.8485939252179,15.0281402908008,14.3841799981816,14.9063703142602,14.5707015776679,14.3198838523572,14.7893621745368,14.8119542820937,15.0014411692718,14.7442388894736,14.7338947177824,15.0798802627321,15.0434626744966,14.7677717390519,14.6709320893745,15.2742479726734,14.6168305820778,14.4855411998961,14.9576785131053,14.312661182411,14.5165237605021,14.3659663843198,14.8602913757007,14.8855655587806,14.7414577111385,14.9736030672797,14.6265373799003,15.0229097564248,15.1522189365811,14.845809245438,15.1494717074065,14.8207319873802,15.1277098870296,15.2713376367019,15.0335083119473,14.6856718343123,14.8530954375408,14.6957926905692,15.1185977262319,14.6974002635314,14.8826811635967,14.7654141109193,15.107617610399,14.3214649075756,14.6435383224121,14.6999207461474,14.5377088190133,15.0961417806454,14.5152509981176,14.8354947710281,14.8242694953226,14.8389369774504,14.7440096586915,15.008041129226,14.8082055713936,15.13327784252,14.7528264911251,15.1248059765425,14.8724332834834,14.681178714119,14.5481725087246,14.5292584089999,14.5664184463311,15.0300107396534,15.047767534626,14.8672481049037,14.8735426763411,14.5196615103201,14.1769427724001,14.9634753478623,15.052933701087,14.5870775833391,14.7778620519389,15.1585587206253,15.0863796969806,14.6342702311976,14.7366934875045,15.055982294117,15.1110314601401,14.9792950012515,14.6245982417396,14.6200953663897,15.2072481496446,14.8539138642863,14.5344580558124,14.8861420064019,15.1283726266069,14.8975809392742,14.7963626596568,14.9930065045124,15.1057094693993,14.8071092165214,14.8694965989931,14.7130093383243,14.9971536223541,15.2593755459681,15.268508773129,14.6109880376211,14.611768359466,14.7795273982313,15.002896784444,14.7120676997477,15.0215562449738,14.8836499771311,14.8092638243032,15.0732987339236,14.8084855094364,15.031001188757,14.7284762405758,15.0144113664326,14.36283955024,14.5711707744218,14.6511044271079,14.4398139445445,14.81513729896,14.7322836583411,14.6045255628919,14.8675757319683,14.8717457897895,14.7563630076242,14.6789456734064,14.8375396943888,14.9901461823355,14.512138256274,14.916985537613,14.9884517011417,14.5669080205143,14.4774408882151,15.0402324914042,14.784686837236,14.3525092707928,14.6081081699596,15.1861965978206,14.5486407020604,14.9463765786889,14.9369459920331,14.5747787279615,15.1206336302591,14.8632633317039,14.8628253025254,14.8090465128863,14.7086432822457,14.9389356101531,14.754967603008,14.8680301850814,14.9047567702404,15.1846319425375,14.441412845008,14.285987069884,14.9153645810746,15.0113199352923,15.0515981578906,14.7792714624299,15.0419077011355,14.9930683926073,15.1205001587737,15.1381507996381,15.1381063411283,15.1634860198242,15.1849327167259,14.9173384923575,15.0890636277247,14.9389752374277,15.0629527812347,14.9875936288077,15.2797006003414,14.8644764514678,14.840892513735,14.8867125362097,14.7733573344362,14.9509235675267,15.0345530269467,14.5888814225444,14.6951750779171,14.6424245539119,14.6888115542963,15.5943065655275,15.0420613581109,14.726945476403
7,12.6802409010421,11.7440854286127,11.7624176526121,13.7430082847976,12.9942003156902,11.7801951279522,12.3398450931165,11.6404914417313,11.7381029012434,11.9607079394112,11.9872724938404,12.0949182209882,11.9475427385517,11.65672741381,13.4841936205799,13.0914277302632,12.8907093753111,13.1757903632116,13.3729725703541,12.7579297344889,12.9456429930714,13.4825891932547,13.0005019262319,13.3103904273819,13.5172702057479,12.9451138934232,13.3213930273871,13.2683328202631,13.3248422611084,13.4724256824683,12.5499288811519,13.0027844699245,13.2339304390843,13.2804922141588,13.099600863155,12.9420282134369,12.8216412504777,13.6708649136176,13.2700843751861,13.4694667755178,13.7053199010615,13.2884270199737,12.8397445699903,13.5976934074908,13.2298658660119,12.9258315617699,13.1747741134736,13.3289078556633,13.1130016066118,13.3283064956404,13.3682088989931,13.1909482435243,13.6082992246936,13.3924463642296,13.1697800480008,13.3595080223566,13.1096508034707,13.2803962341209,13.5045322559537,13.0605431547973,13.3767791894826,13.3797497248881,13.0180081233962,12.8375027741743,13.0449408459437,13.7927179368649,13.1687873775066,13.1302176508321,13.5768148308238,13.494598981015,13.4295326902886,13.2455407628085,13.2034286466317,13.4343710537655,13.0697072158348,13.1598779232346,13.4125321404989,13.4006575856147,12.9030300181809,13.5602257894633,12.9024137741139,13.0100888007274,13.1496544326308,13.2598228425101,13.3535580603614,13.3772922003949,13.3042580402499,13.0038327332985,13.2784754906657,13.0469062424647,12.7371432052981,13.2018820249727,12.9442937006497,13.7757478018706,13.6868913307467,13.2299362331878,13.2276054633058,13.1655341403901,13.3338021439474,13.2792626200895,13.2743046516748,13.7312478978234,13.3128558323308,13.4691774605896,13.5055828892333,13.2983164558336,13.2852227738582,13.2399930501083,13.0747987411908,13.4502605809867,13.204689647531,13.2803481810517,13.0117536689485,13.0918594437401,12.9994691061923,13.1526216146939,13.8849814797218,13.0145183080931,12.9634219665135,13.1502620307516,13.5741759663897,13.2987539972938,12.9867475201899,13.455433003828,13.5494604963069,12.8173601786399,13.3111102324987,13.2625763800897,13.4183429597426,13.210908009556,13.174785783088,13.3372229769721,13.0219043031506,13.3836849584272,13.4871118481407,13.2430287137258,13.3652262926154,13.2278148519039,13.0125763079389,13.2516880500722,13.6189029097679,13.6028139990849,13.2105260373487,13.7425989848176,13.4605952467664,13.4596105539007,13.2074844240528,12.9954237614125,13.4263169631629,13.1572068383069,13.5742453644077,13.2846509437004,13.3566198648423,13.2575058359373,13.4873466429018,13.5642325614509,13.0466236575194,13.2349858168382,13.6523697513034,13.2889156145376,13.1453639027189,13.2627515646072,13.2426350331367,13.3810667802135,13.3952567685572,13.2809977493795,13.1683607691695,13.4637125111179,13.3019131733452,13.2748209514632,13.1997873261372,13.08685168898,13.5762403583126,13.4472923347092,13.3961701001083,13.2158852731385,13.1760620555146,13.1942577866708,12.9990043485807,13.0526959059748,13.1609463443164,12.9385104474637,13.5215460471779,13.386574367187,13.4172435615762,13.3971724756525,13.1594109167786,13.4273471035778,13.3121614858189,13.2697629748588,13.6213122253973,13.3671577588513,13.0845442327705,13.5643694770432,13.1188613767673,13.2254658613766,13.3065762490698,13.043690280374,13.1572688392346,13.3729974537092,13.3512264107544,13.3902855969519,13.0326304673987,13.237959236908,13.6053385556693,13.4288952015987,13.3117967932281,13.2743884577401,13.3236853849295,13.055728816533,13.3356191719749,13.6953614549007,13.1123248425305,12.977364644131,13.5620728451524,13.2316620243559,13.4692964915844,12.9013611838529,13.2217435750959,13.1584190993354,13.2233092392482,13.2224693790723,13.1009080680221
8,8.8061803683191,7.29880536354759,6.9364453350947,9.25173883719694,8.85369904875546,8.72089925842514,8.57429411141999,8.45036701087833,8.58849405080337,8.5500066705624,8.56030078422216,8.71679326276067,8.45525090915014,8.67795293762277,8.82765731669941,9.15462640574434,9.39003740152689,9.58835720788511,9.08870056997237,9.2847966379398,8.97299778154077,9.54400528644972,9.22235407027621,9.43103179262943,9.2699064655164,8.86880002140538,9.16037570580766,9.03144424087259,9.14746133447288,9.08944516102179,9.19531654885117,9.16725642782503,9.25842658137195,8.64956570923419,8.40987659701122,8.98999426604843,8.90873286901737,9.20965198072901,9.03169094403797,8.87681787682346,9.08990012321944,9.33830613550646,9.50409791755322,8.26247215420595,8.98084292773749,9.06100569972281,9.01143882963711,8.83214780383041,9.25283716277048,9.27419019636702,9.14127136485387,8.96076810148614,9.42858961576507,8.58025693154287,8.93373024854287,9.55862329310682,9.1575546017558,8.62347563278509,9.54649640643734,9.59285625860971,9.08032566393779,9.1314750695825,8.69057612561592,8.61981044770253,9.20880245566624,8.79831325694795,8.76324863888192,8.94501286526028,9.14291151560429,9.08945441038231,9.24595933988168,9.29888001820382,9.22431171631581,9.37590896544005,8.862003591841,8.71386204245008,9.23772434224692,8.99209801043472,8.92057526661396,8.63733101606761,9.07206545592281,9.05072936798657,9.03847976546137,8.76303735723087,9.13107372141681,9.43254853933611,9.29051870681969,9.25536915120519,9.06129324740157,9.28027663005977,9.23218949145115,9.02298245944422,9.5027648844376,9.36422357275406,8.91654469815275,9.70088988107578,9.84901175769097,8.71151153907339,9.1573825449148,9.27728273058046,9.16555228032365,8.97158434487382,8.75323286378065,8.96100126349562,9.23151226913297,8.90377853858266,9.23293382274926,9.36801513187526,9.03044257145786,9.18450174658769,9.3392303820367,8.51967703437855,9.54537581845689,8.78735115311886,9.54208358168869,9.51715184626154,9.24978576617868,9.38184869565928,8.97134358667522,9.44534072030925,8.99789455895257,9.47940207390636,9.0027166977485,9.32880800107767,8.91721609008302,9.32122589709636,9.07258442260519,9.1744410230129,9.07460081753508,9.26031183090281,8.87386024248178,9.16006382280832,9.31431063655557,9.32819615172185,8.9269850131563,8.92895515447238,9.76920634207734,8.99293547742102,8.79506113500566,9.36347427159703,9.11504809698911,9.57621775307145,9.43127589765365,9.20840605442153,9.34059035303754,9.22808022053692,9.03455963839104,8.57537295750126,8.71779722404491,9.37703720495708,9.0102121897544,9.33569149172602,9.10074411412647,8.79872618876469,9.1881002276758,9.18275398054997,8.97580719104585,9.33825209476278,8.76927737900022,8.82463280773285,9.09765027252831,9.37465917924172,9.06275519469073,9.15101179102782,9.15471883893635,9.06766185301504,9.22024066113076,9.20825281356836,9.15467864436914,8.83751109648534,9.28497745933219,8.72679705181154,9.21371171965115,9.07731954226576,9.29071898161267,9.0887588999182,9.01115431047868,8.90705822230049,8.7427657028192,8.61090783443164,9.14627250139548,9.15362555807373,9.37607035641605,9.08654325711591,9.03018318573952,9.22944195813102,9.38268740191075,9.23277141439383,9.35205941159028,9.49183687754929,8.96647928182357,9.13542845005368,9.12877744557898,9.05901849195052,9.0506551981488,8.98520678530403,8.63527608165251,8.60859476521487,9.03223186520847,9.1264921479653,8.95631306706666,9.23008765290625,8.74395305121127,8.9720583451429,8.98769553795362,9.08597724912459,9.2983489497813,9.0936849353805,9.37780929740852,9.07631085419041,8.95966566029693,9.01778251548242,9.01832624920575,9.07210148651718,9.24593209595259,8.90401777216334,8.899123088813,8.91794761970339,9.03060509269267,9.09122010226233,9.48873040385994,8.91872970105754,9.21142335276695
9,9.284180848084,7.75177627432668,8.2661136000538,9.79090204512718,10.0069931618314,10.0114960022185,10.4379039722139,10.2912626390685,10.3955218582912,10.4393995348526,10.1561272152371,10.2419898803428,10.21878352015,9.95365715277376,9.48239193495592,9.21336904619201,9.55193376765764,9.8208678317911,9.57996262687455,9.6051059913326,9.65579631597768,9.56718629077584,9.86736211540826,9.80194829563395,10.3010611360951,9.92168009579217,9.67837577823718,10.0010256316394,9.86311599084033,9.271099807249,10.10574668468,9.72358979179377,9.83632128789305,9.85059068524721,9.58283161516107,9.49707864293061,9.79837048359522,9.87072607791648,10.0935445485862,9.54661181639846,9.94192755011161,9.74739847676336,9.75182692803564,9.7514496909918,9.2235980428983,9.66738860793712,9.61581900160662,10.3866893387865,9.6641404355873,9.88049517292244,9.55403194456535,9.58344657780812,10.4481390189633,9.61907921089411,9.65655102240954,9.97390744571962,9.82298478089403,9.75485896574677,9.75517555425731,9.79833916980941,9.894962712571,10.1110422491648,9.67327918986049,9.96262045347209,9.95181507237472,9.38986090826883,9.62817617796312,9.62250671927927,9.86783759460821,9.51695943858894,9.89199082212067,10.1220317279161,9.97278389561362,9.41203958301022,10.1631114751462,10.0102685638468,9.66823270930697,10.0602069388395,9.55104119305836,9.62384186932783,9.66200090243066,9.92838312567714,9.5410774361794,9.4149352059004,9.72970478857331,9.69048566907946,9.45435817970528,10.1431412150339,9.84184023026882,9.26534575693374,9.86024481093197,9.76660772590869,10.0013695146452,9.67798442777321,9.98565560287963,10.1057386511673,9.81158949959693,9.83324699956314,9.99256733699674,9.7547278221195,9.72269951616991,9.74938511011658,9.34158754654566,9.71030018897219,9.64971024795254,9.445005542863,10.1387419048973,9.90231774724437,10.0811764453478,10.0599355632472,10.1088492183927,10.1086201203041,9.96055445003736,9.99399139875032,9.80230107442872,9.70284148776557,10.0419163580396,9.78638976210469,9.87143247897286,9.78791297370569,9.77265931370574,9.90618186819403,9.76391131117733,10.0564787340732,9.65850081582211,9.9558147409331,9.49079550658989,9.73649050143346,9.60209932074854,9.50471932216361,9.70785420934566,9.83984507253859,9.8048751756548,9.70368047788319,9.48827190096198,10.163306445241,10.1542549873484,9.98784514248865,9.41125799804925,9.92641784393442,9.43509840392769,10.0657042350652,9.89527659972362,9.8232477983754,9.64246117760568,9.22490265589635,9.91809234096228,9.4194461352892,10.0285190945069,9.52988704937892,9.86347816168092,9.2214270678344,9.62336814919034,9.73593046149521,9.73199400123677,10.0976275674195,9.56579458543276,9.58745629217566,9.51393978189223,9.49583087108286,9.54933547209458,9.93742397260582,9.88883822555819,9.18491890358744,10.116197326166,10.294556909782,9.43604674197715,10.0906588435138,9.56874212165446,10.1772454894611,9.91958006820504,9.62179330248618,10.182053384026,10.2654888653071,9.59284658675621,9.40557330174176,9.66702923905813,9.51012800151194,9.52109263536494,9.4384789224051,9.77735917791946,9.59015669877021,9.82670005396127,10.0512918292015,9.46913141979653,9.72918624799328,9.34315720168937,9.29821693662607,9.83125726036067,9.92799228396699,9.90938020720023,10.0825378363764,9.74678498987624,10.1369037555972,9.64537511224186,9.61272116854943,9.57852264933809,9.93060136668962,9.80111069433178,9.63572979290188,9.87441937267424,9.323122462274,9.57139027355791,9.3456184670544,9.99445654774329,10.0796563892642,9.45638616166595,9.57894706693472,9.47434261022102,9.45452838192589,10.2053173075114,9.65165348345127,10.2484142007342,9.73423972191376,10.0939145719086,9.47631941159632,9.8214112074773,10.2297287273798,9.86758618663382,9.87645494914089,9.30231552365737,9.68925188124705,10.0977124827468
10,8.1013698707866,5.160250673933,5.91745212850396,8.87732785394841,8.88970354720711,9.20970152418548,9.26142254954385,8.98868460351752,9.06822190783869,9.13762132046188,9.2108203157141,9.05413252861842,9.14554054821428,9.28020638477152,8.54269746798022,9.06225390491961,9.06722421263568,8.82244185825336,9.08753135694886,8.95333196307182,9.02599916819788,8.93108411557639,8.93525243873028,9.317793248737,8.83089765394829,8.74893831374681,9.01408438564375,8.79126689203151,9.2245104095664,8.7272336189018,8.79181533688826,9.19167171996484,8.87254629590639,9.03912443064436,8.75682193580229,8.64146417039078,8.63186125688427,9.2711925838763,8.51574823738022,8.60577247745333,8.82628789886548,9.00706211777311,8.75663526612238,9.08550365541505,9.27170024446697,8.85183796711753,8.78305267149351,8.50389501192761,8.75254877889191,8.9962105427507,8.99188032246514,8.74468233507144,8.77727730750588,8.54080318024297,9.15661348934713,8.69577921688036,8.73412314264248,9.17045597838653,8.65979877948631,8.80071140367809,8.8992614115271,8.79421942202649,8.6418359170789,8.6748122602132,8.65047304427706,8.99875044562293,8.98737378245524,8.90293533937805,8.999694719382,8.5148834034025,8.85851776221696,8.85034133410867,8.9042909766629,8.87052085204458,8.75772974389863,9.16453428137232,8.88840668482158,8.80036935262309,8.96746014342462,8.99599859469069,8.68886195651448,9.09528519041838,8.34595055864717,8.79890455498569,8.99441163578381,9.02559336028257,8.91163030929614,8.77159179423459,9.0976290181314,8.7215973589807,8.85836921059753,8.97228676118587,9.02831339806596,8.7531564490114,8.52184224689008,8.51270499973933,8.72494911497437,8.81398784454224,8.92611054386392,8.77519031645004,8.4698239050361,9.03442536129129,8.6475507214026,9.02395998461638,8.6838480993678,8.89292897950713,8.61078494892795,9.03524325881935,8.936361695532,8.42731015025489,8.83317269861228,8.45841341581244,8.72784349474107,9.20857075677644,8.94426139985205,9.04600673186033,8.68233425261027,8.85321260272931,8.80153298603235,8.38232485096631,8.89901067599905,8.82039200989475,8.96743590432934,8.98500911743649,8.48618520786064,8.74853657773211,8.70422810406744,9.13708354451819,8.76284661522297,8.68481990801677,9.17363586492728,9.31174706397779,8.95084523461467,8.79634947358137,8.80032416434302,8.67070701377894,8.83205191161911,9.06131641464534,8.55516101762994,8.72232821046315,8.70121479590804,8.73564060888325,8.5960209041229,8.63620999956838,9.01290623651605,8.89597786297096,8.55500624783787,8.87415060263632,8.99015668150323,8.91629069233977,8.80628149981659,9.34965104369547,8.53928201281187,8.85649191598215,9.11640555355948,8.61639508723517,9.15397580087556,8.898041902733,8.99110859329513,9.20801829673548,8.79441326711883,8.8266720938462,9.18050469665161,8.82567487369263,8.61145014675227,8.82528755767453,8.999378407947,9.11178325330597,9.02424060744047,8.88369506117059,9.04626939514486,8.68831988617145,8.59488049857933,8.61654899653928,9.28812111416859,9.12275564072225,9.11046373331958,9.39476121287452,8.68528035332126,8.69329316653382,8.90202835255771,8.65609216649468,8.75948702546216,8.31877163122663,8.75302639611044,8.55973281383602,8.63560858529109,8.8748541534915,8.43753448870837,8.93443738019901,8.76175227145903,8.65284920232261,8.82553595923317,9.01185979969512,8.79242720466613,8.73348944528747,8.91052714022678,8.88761016579551,8.61942823811772,8.6515939889604,9.13339270095268,8.66121313754569,8.59042249648887,8.60837852009602,9.05216986501522,8.72541522314057,9.03407082066321,8.80424455624613,8.57851545687802,8.92320749192597,9.04405351005457,8.80223615385791,9.0795255154144,8.87293924579187,8.98836888727041,8.71409529277698,8.78740133175913,8.87037802199315,8.70375706199449,8.96742559062109,8.72456011884168,8.83137652536681,9.1219051560063
11,6.54971076103148,4.95214983900993,4.63399973179468,7.78207392213841,6.91806450679902,6.60381892243986,6.67674458289846,6.59297305448836,6.84179014811239,6.80812010087855,6.96888175494201,6.80080959100673,6.67952653056327,6.83196303925386,8.10339198749033,7.18388364373521,7.56220685607112,7.51879507576174,7.95611997740271,7.17893474887323,7.44785018374683,7.34031052670421,7.54879467499152,7.40301266951304,7.04676128839365,7.03092059152617,7.22663313061489,7.68420451364111,7.16509107865979,7.71874150279117,7.4442954911079,7.35798460818942,7.52987876939106,7.0074205350499,7.62706659659633,7.30445507082056,7.4428363959508,7.63135703289857,7.38781417132699,7.41817415513339,7.15968248716528,7.59954273360053,7.37038317023213,7.55270768285037,7.06850009516768,7.34285738469269,7.69524562449937,8.05385761113699,6.87175955575474,7.22676332910017,7.54265387924344,7.29952513522008,7.40054267911017,7.26123556140739,7.78467358748485,7.47431585967095,7.62099348591156,6.77604273953798,7.30324040022969,7.63360966361408,7.80972006095573,7.27667130483958,7.69666342234738,7.5984893434673,6.9770181598886,7.77232544446218,7.47372461473037,7.52595778961671,7.31229863807452,7.82934905943056,7.24981041104573,7.78744282430679,6.87746114825796,7.33601028140258,7.55161884378168,7.45612849115509,7.50375701015438,7.32987470530442,7.68023474618527,7.39905017332476,7.13212148805613,7.59137589958903,7.35663715388852,7.59056358888139,7.17155230841984,7.4379893150031,7.6886167011972,7.25054581769047,7.30274876837078,7.15901869852642,7.48054855585594,7.22612910413805,7.46826871754516,7.57826630705207,7.53676315199996,7.64790048353754,7.29275911633431,7.73724450568085,7.3685925596185,7.08977428650452,7.07208459654161,7.48230404710792,7.40086553657626,7.62775524506665,7.43852887437977,7.33956362271619,7.01939036754984,7.19573034342014,7.56501985351836,7.87952282405167,7.29182674492297,6.93234039979447,7.47256602307091,7.70918401472112,7.78258371931979,7.57772841727173,7.17388956012497,7.31215303481754,7.24029049812338,7.70716622455581,7.89505302162345,7.71377189664191,7.43392004910441,7.30072705275,7.73546538562666,7.3007132277034,7.63857694596604,7.33665960461591,7.34139458000751,7.67343697467009,7.22255448566749,7.79782527094466,7.40140985980182,7.42791268455647,7.63366260040699,7.36085025541902,7.67645667853523,7.40482660777739,7.64530168643063,7.49429085289759,7.15495322834816,7.43749501132125,6.99433110684808,7.42520111132265,7.50470728172921,7.43378229831477,7.24540958616693,7.66807254193544,7.23340585598424,7.35447530024025,6.91246432450885,7.48277293553052,7.93371974646966,7.32597429261463,7.06980629150813,7.60577478802247,7.13022816647442,7.31271312327391,7.63798734809618,7.41257918256435,7.27074928361926,7.48570400726321,7.55322898264876,7.42260780871187,7.06703816148548,6.94406608849207,7.51820056374779,7.46441292868771,7.20550705692491,7.43107534875078,7.22457187643006,7.66184506255942,7.48569240475958,7.36622975289984,7.87895212423784,7.80130787977316,7.42492827121779,7.31018143323259,7.53354462936595,7.35105648783265,7.03622355436697,7.51414917872582,7.19604072090458,7.5298221789587,7.28737895509173,7.37307058211709,7.23643161571379,7.18041293178662,7.26854496933329,7.79918770973729,7.53622851958096,7.49831643810071,7.07287179116789,7.4648705732522,7.41840793088044,7.41356675752196,7.70190113978486,7.68673859220528,7.52318845861106,7.1317469867068,8.03547537120051,7.46270812809069,7.52328879584911,7.69414373386985,8.03329012856875,7.44523868673117,7.47520566119062,7.64512218909352,7.62253492204528,7.67987858621455,7.45987611937522,7.25936346793647,7.30106244534974,7.61845150952269,7.57253529258382,7.48340789247948,7.76646818069766,7.56750658806311,7.10439768829978,7.26380554683113,6.97953212730686,7.31320269289435,7.32339724289357
12,13.8152411910019,11.987506175324,11.0928444888698,13.7863173960147,14.5348558893908,14.4246362817703,14.5137133720421,14.496814349329,14.425753165062,14.3513272320289,14.3915315939982,14.6995780464726,14.3815071624856,14.3294978703632,14.1792779120535,14.1340900065532,14.6444780765774,14.2180668445811,14.0511259874278,14.5665091403477,14.2721496044212,14.4845461311892,14.4382973981267,14.2913608261851,14.3361760719299,13.9261560191174,13.9665738458119,13.8712628677849,14.532475467729,14.5356095619655,14.2508191749403,13.939898729699,14.4935433787847,14.0439979750933,14.0856324076767,14.7318139833477,14.4570651311539,14.621918409488,14.2208554400623,14.2555685028062,14.2090634756152,14.0495645915626,13.9364215595333,14.2317969734849,14.2808055557571,14.3134679618596,14.4013925628794,14.5492781010244,14.6631018196926,14.2832899815845,14.4215534767537,14.3141155083108,14.1522164038389,13.6328959723844,14.4682962270718,14.5911386357987,14.1533763670911,14.1154576505675,13.9674072284026,14.4146734225738,14.5051486276155,14.3916767904688,14.3709692207231,14.0896516229448,14.4983228581273,14.1234168267161,14.2322214421701,14.4470802385657,14.370679687698,14.1303651589685,14.5122750226715,14.4173262979368,14.1766366528543,14.9984554854642,14.4052245451375,14.3015313245528,14.2551481173576,14.3698971503874,13.9420133365545,13.9465849376547,14.5851967885648,14.3283768159853,14.3888988908038,14.1319485863224,14.2878968260635,14.4634613074946,14.3342965051502,14.39656587657,13.7442319520238,13.7853450366952,14.2161054273355,14.1484272774404,14.4955163752967,14.6236277192808,14.2079414655692,14.214666759997,14.2108098677833,14.3835694162955,14.2129210968928,14.500273894506,14.4719452902435,14.6400154184742,14.434104076824,14.1477520420574,14.650751245335,14.412893424021,14.2590236131405,14.6461272889263,14.3996624983354,14.5445236460004,14.4245521576007,14.4200093016751,14.8795419497426,14.6251003468806,14.490319523295,14.3824676183636,14.3409927688463,14.3114160215937,14.7403037961394,14.0283948809813,14.669572837435,14.3807271025741,14.268169605453,14.1096708824307,14.3699862504051,14.1543487973555,14.2465812740453,14.4180168994371,14.4757670917969,14.6567806396164,14.7299745572201,14.3402059483634,14.5009790526192,14.0805093092952,14.1627900590068,14.2145511587193,14.5537300483373,14.3517052863618,14.2356126822602,14.1726798469969,14.1858368615171,14.2946159069985,14.392601378997,14.3524365362968,14.2909352095743,14.5304908110291,14.0082247444629,13.8787398650217,14.4536957784984,14.5562809323603,14.7328209822805,14.3775831068297,14.207925657251,14.4315640143985,14.2420408372749,14.0986791686992,14.4180840522635,13.8586559540388,14.1410493166359,14.2103474793341,13.9290910418788,14.3941809751806,15.016719042578,14.3622759348425,14.4669894083278,13.9234564501932,14.1477247966306,14.3527768064775,14.4639279011671,14.4061497885867,14.4922451168918,14.1300031585578,14.3680538056495,13.8761254361899,14.1151497132186,13.8124326696202,14.3403434301132,14.7564970505633,14.3410409473556,14.17410595658,14.5066971505504,14.3419205946339,14.5509500331546,14.3529586488442,14.0225659037213,14.8051289575578,14.4175641486057,14.2718697854661,14.4035293074304,14.4889850310941,14.2188457284792,14.6086456827828,14.0660971805033,14.1034824249195,14.251827207033,14.5176620519689,14.6696050133551,14.4118717535213,13.8641294940993,14.4692870462204,14.0983373696602,14.5131049261486,14.0027093627191,14.248245015257,14.3145590473194,14.4732551169974,14.0137502371282,14.4738233684131,14.622548512592,14.1991779414875,14.6567300515072,14.4023977537366,14.5096704812471,14.1152640830146,14.2528389755326,14.3997547154352,14.3747355079139,14.5551718725911,14.7630318075195,14.5729440328667,14.6409625944267,14.1251668098952,14.2574761853946
13,11.365613293327,9.87537275250272,9.78613229680083,11.9600510377128,12.0605159702273,11.5906908787011,11.3330121633993,11.4683875874415,11.6651952480944,11.8041288853114,11.6274907735218,11.5711746871909,11.424247396481,11.4727094646885,12.2718528933601,12.1865667540594,11.7956182751051,12.1701065873155,12.1724900246587,11.8371474570409,12.082411170728,12.2252135738696,12.4979384916896,12.2369855017594,12.0447287780087,11.870479549421,11.9782034988184,12.0922891865336,11.7843993423031,12.0755987526391,12.226341972404,12.0684304744795,12.1301835866362,12.1007606042339,12.0067570849961,11.9951070609116,12.013047522098,11.6205997441817,12.0742535237063,12.0707426259854,12.1217058797852,12.1798117762826,11.8395627191306,12.0235754770666,12.1255727683899,12.0826758723959,12.3956287050751,11.8213082545711,11.8366840857457,11.5605172245618,12.1473198228536,12.0048099092022,11.6957586795183,11.8096063149344,11.8304487136786,12.0562318330228,12.0954862800557,11.9003465226041,11.7903745309515,11.9104206996419,12.130247847861,11.824666433413,12.3144272105323,11.7405417039505,11.6791315173242,12.073145490086,11.8926697879033,12.1956036950392,12.2433416827393,12.1152220713209,11.8831304491908,12.1780192764077,12.076437183404,11.9684128272276,11.9106139572917,12.4680806536927,11.8916686851471,12.1989422882971,11.9746544263463,11.7321614080747,12.0933767558434,11.5446392576969,11.9678741694178,12.1075457747669,11.8514809536193,12.0825311493862,12.0409415248558,12.1342718033567,12.085959939998,11.7138850926228,11.7690434847624,11.725126929978,12.0158161400149,11.9004820896949,12.2107231254671,11.9850218935254,11.88967410189,11.9465431029724,12.1554365991918,12.2703846582302,12.1950853077673,11.9077247617827,12.251501444084,12.3466125412128,11.8556320651119,11.887831148636,12.1903317687476,12.4175396275593,12.1462219503519,12.4971806350862,12.17028731978,12.1253938735249,11.8349289205121,11.8288503384607,12.0073823458706,11.6430609573606,12.0129001441005,12.0476013860018,12.1114857168618,11.7962110977756,12.1944403782271,11.8682138666727,12.1905185244636,12.2479149233821,11.8782727509831,11.6816193018405,11.8724928091032,12.0585124547136,12.1681485015312,11.814583616607,12.0429034122179,12.1720401433299,12.3578943273967,11.7410490871842,11.6518968374445,11.557892145475,12.1270957446561,12.0929875125721,11.8692256560869,12.1108187212064,11.9123144105466,12.2474245342119,12.1683947598257,12.3721861850789,11.9456760637191,12.4146294235168,11.8561126828977,12.0151808541294,12.1851750954376,11.8386823636101,11.8562050005425,11.9594414838951,11.8963594182278,12.1208289805925,12.0517025859401,12.0530704593881,11.9423196105305,11.7886639064023,11.9740009147866,11.8986131485823,12.0186000101071,11.7336953716014,11.9866870960739,12.0702726211121,11.9887730501161,11.9983842308252,12.1013376217607,11.792181579513,12.0709143488239,11.8205618893216,12.1597976477444,12.2305875737203,11.8657399763315,12.2117084555206,11.929270599023,12.1477323494271,12.2320373491058,12.093166273596,11.9692838471918,12.007122649156,12.2888656825946,12.1023887320742,11.8054114787871,11.9204578991644,11.8792312608677,11.7134896992769,12.1426725074889,12.3390061940492,11.8616393642275,12.1250141760427,12.503923847795,11.7388658547872,11.683839674739,12.0234066265235,11.7410150269292,12.0292695137653,12.052277952932,12.2723902089618,11.7706190137254,12.5165169390728,12.1178938910351,12.2524348636503,12.3040403792328,12.0683001660346,11.8677140367596,12.0577942398524,11.9271096007457,11.7553100812787,12.0598914283829,12.1081292454762,12.0361179452494,12.0133305186594,12.1507938460764,12.1027578426824,12.1037434689887,11.6538744363682,12.1617761476484,11.9417044196357,11.664167318204,11.9806508405073,11.9124703195013,12.1702698777102,12.0850762534875
14,8.48873409003748,7.64074472076248,7.4281236397379,9.59902679089542,9.62184762761138,8.87085175862743,9.30796199218324,8.86950801512836,8.61494942600076,9.12869474293876,9.02857051667356,8.96082288997648,9.25109602274858,9.12662470592016,9.40530769991681,9.4691891747088,9.85380389054466,9.4479449161184,9.83035198477369,9.56712165882696,10.0266525731064,9.91778819803504,9.77750955139383,9.70120664417862,9.41485025961186,9.98584060427505,9.32592294817198,9.68171247307859,9.78349659533686,9.65787611123441,9.77693959645833,9.56463533523957,9.62309176729195,9.46894641583094,9.58853467828162,9.69135947488415,9.7576164972784,10.0205348334578,9.89214155675182,9.31817652126137,9.60102576112274,9.35890426475927,9.56467439004727,9.57952516452976,10.027743847648,9.56647713796299,9.6063409200656,9.76148559046555,10.0026069950725,9.66107602706687,9.4827280577279,9.78498902298326,9.52216897529352,9.73615834100277,10.0864373167892,9.51030624079296,9.6930189781677,9.66328408280379,9.36434167278877,9.78612459829977,9.34093270380241,9.6804574763693,9.74202283299366,10.1873752147678,9.52796561766876,9.47377257563171,9.82856002337831,9.77595965026627,9.67478349368069,9.17128288584508,10.001032002328,9.65938084583324,9.35441032749749,9.5932619256867,9.41775555208597,9.53419756374789,9.41874146777737,9.66207803091788,9.62807618230415,9.82686997671642,9.82516216279485,9.30726883611175,9.75462217715752,9.66624965899869,9.98337434415189,9.74658242123008,10.071834155327,9.68248543343282,9.73846234165554,9.5246734023668,9.75464683345169,9.58741449792839,10.1414355280511,9.91823731554913,9.69124261953012,9.57571569301494,9.4758197929709,9.58497643279546,9.3441391226394,9.75005753735969,9.47433930109509,9.71515774242602,9.378220051473,9.56063588185738,9.54467343677932,9.58573132424161,9.40871009590627,9.48476752849206,9.95027745978332,9.49268355141148,9.75566742921476,9.94488986389226,9.59088133658459,9.96294056806921,9.4584391607156,9.72146185559026,9.55203506690416,9.46753471863186,9.66912353098155,9.7524410205545,9.55182913406369,9.25863175522419,9.67650589658948,9.6248654198626,9.57285154949408,9.94699144169315,9.35860305600873,9.50665579729444,9.42383313389674,9.40903654317149,9.56263444801784,9.58448309158719,9.31888318207741,9.3382944806411,9.43737757235856,9.73678070159942,9.55411888043414,9.55994665514082,9.73058271358602,9.83325488320277,10.0559689960053,9.43829452162877,9.65969115356138,9.59567178540857,9.77261508858414,9.68011859583644,9.63813726622185,9.60034257721678,9.41950973729666,9.25959363144888,9.62158909342101,9.404214212877,9.63806458218188,9.89365788325845,9.48943763380663,9.59023039370004,9.53578407619795,10.0401696473513,9.81429842647181,9.37944634030232,9.69188744809981,9.63947546605222,9.36637133775737,9.76446105050393,9.75886787707703,9.64509745977566,9.83467792566675,10.1269512712977,9.81486022402041,9.3920360371595,9.74023085955125,9.55711028210391,9.73743955000188,9.62656126699359,9.75025756724164,9.36726164570501,9.83383824152622,9.11312260548409,9.54482617889649,9.3013749302026,9.69081781260599,9.53765465527607,9.48672278482796,9.75833023800823,9.75994831805798,9.66107361311264,9.39697784163989,9.78989245579924,9.36472531770458,9.8293952398202,9.48214227414814,10.0119197409538,9.66992576399925,9.64474805593754,9.65616316601083,9.74524558207037,9.59766722189155,9.89647578798298,9.60649567006757,9.79741656034876,9.70925172540702,9.70797591558228,9.68365657653614,9.76144847022304,9.58799559883321,10.0521384260721,9.53039323304763,9.31897833465065,9.75382553175226,9.63615244482991,9.34271103459241,9.60259173831226,9.4976799107084,9.25284947611824,9.62639035880948,9.98796466849257,9.57557273483758,9.31332237416793,9.58425288373668,9.72345516490545,9.84709247307025,9.61179332009186,9.62971366049692
15,7.99357422721791,6.82499295577013,7.20143994389566,8.78132422077009,8.42013006376712,8.32887372488893,8.40792651857849,8.45237994638448,7.97877411957766,8.63559599075552,8.28767113017506,8.09002799653773,8.1052875397722,8.35295620112129,9.33599039462567,8.34910383577101,8.30110587148361,8.7981600028864,8.22689025375725,8.70196273832649,8.30239555636936,8.67591104036272,8.74045463198458,8.7288722213156,8.26418211253419,8.65607580518626,8.74036633545923,8.58044838163769,8.92493805809131,8.47571769755073,9.04172733466422,8.5873511416823,8.31399562614721,8.59460411318769,8.80933728803845,8.41192471741645,8.74022702937904,8.56644058919369,8.68738336357548,8.74979093142594,8.58135830377642,8.40005651673745,8.9524210927231,8.76029325999286,8.51310091115256,8.62835674902889,9.10057583267647,8.57761400263144,8.69847483784962,8.60723847068228,8.65318278461382,8.65629676178572,8.60821590836889,8.46488720868535,8.80927037189172,8.92321613442277,8.56840292457293,8.25760498138093,8.58884198970302,8.92898959819211,8.53596564641987,8.52009794157176,8.41583642945949,8.82271746438541,8.54523145192465,8.40034548456001,8.85656766311227,8.58599970363077,8.38903106706796,8.79704011970168,8.46252627685706,8.83517927139683,8.86942107817645,8.78627511154113,8.77093042703299,8.6933830861496,8.48203162403607,9.07593059606169,8.75939489710573,8.81803258340552,8.32243597084783,8.63117013875616,8.7056425764116,8.7426609376642,8.65887454777621,8.62924619118153,8.6630036656957,8.5233812022053,8.62140750780998,8.74555004746003,8.71483314788224,8.57285905377177,8.34344055380278,8.48903337204814,8.77683662391864,8.99540590417292,8.68907488767796,8.80578353655317,8.44757824346001,8.98591204783667,8.69740378906212,8.45938206327719,8.45382782148434,8.67191791024948,8.58896331598911,8.44126253436162,8.54216460120543,8.98392084370421,8.62573481602533,8.6434034889342,8.49493465665942,8.22536476750819,8.0942548503087,8.80638972568566,8.35036712063331,8.76274344502195,8.7097323658301,8.9689707431025,8.73969980744556,8.22345417176151,8.79510911742763,8.73317949315282,8.48859341985444,8.32246371203647,8.77494909701597,8.56609668690034,8.86857858376442,8.48556899442097,8.63852696167049,9.01411524130595,8.2259397474207,8.42822459471664,8.50863753121507,8.51792143481143,8.54849166649814,8.81275722402888,9.22474150013377,8.75673693610741,8.80939127390787,8.32665909021981,8.52021628392197,8.73828873785338,8.87268969417505,8.94451722817016,8.79398793274413,8.77243830151999,8.79415179159178,8.91354432191456,8.5744942736728,8.5763635227363,8.62970455302521,8.49654912371001,8.76099667924932,8.88872670535545,8.2951797032891,8.39650241824672,8.79731107491328,8.67612295368363,8.47448115363214,8.61800514065576,8.55113357115993,8.72877237263929,8.48312413346215,8.41763265782321,8.5940323721599,8.57010105126339,8.78987834087899,8.54978201813867,8.75139402041061,8.50511116082928,8.75199931727479,8.79591976758605,8.90538927582451,8.60479592585501,8.40979970597839,8.66987400322163,8.75009134865907,8.49405272652917,8.87541107293863,8.43833317398521,8.87970236888813,8.36657815085562,8.75515281057284,8.55002188001319,8.80304516242483,8.6930952898028,8.57855488952881,8.47242207265451,8.51771171251137,8.8530047837784,8.68549609904137,8.35383630359545,8.90938916267561,8.471006749461,8.87971930651212,8.89073625970003,8.6079367083181,8.12247931380854,8.86572464880944,8.77947564599781,8.50953534171099,8.28052676440196,8.69072396812087,8.70871404114109,8.59459475463167,8.72297590819631,8.7449664553453,8.35211550442923,8.63568408086046,8.78043075381136,8.48095340672186,8.81251527517,8.52059704629116,8.77853253616632,8.38237656665897,8.87563054218459,8.77443403310238,8.98945473821293,8.52428861359071,8.78324622597306,8.53769207503248,8.74323469956275,8.29325041733266
16,6.70099465919747,6.25981173997747,6.14524018262135,7.14492928784778,7.43418255093797,7.11848327260849,7.07711553860613,7.05540696061506,7.0763908044724,7.24503197828985,7.11424096317506,7.05569523425187,7.18383924986274,6.97789021971815,7.22037065869015,7.43761170501498,7.21989873226803,6.99754255083127,7.10792827762936,7.62463396069504,7.42441191367784,7.0136974023862,7.23567303890651,7.53681899311942,7.41719441402797,7.56575780929782,7.23190084786085,7.35653242345748,7.12309798107358,7.46344828083816,7.3563982854314,7.57163526824691,7.47805175754035,7.14244757656761,7.10067970151955,7.56140630988289,7.35056142044777,7.47565580117302,7.44247692279569,7.36240863256743,7.3567443479277,7.48359618392689,6.74909232301237,7.35489108394918,7.48869781491341,7.21176220283777,7.2632844405661,7.23861462666395,7.46224177713151,7.35823932702462,7.29297278814069,7.58297029700616,7.44185488707167,7.13820347525607,7.34232042295471,7.87199735433348,7.36516854017266,7.73722181386542,7.36195218072468,7.36031817548879,7.58289783162471,7.54095263731598,7.23356041788314,7.65792388340638,7.32211111722822,7.35028555402228,7.45274570947874,7.61750371143262,7.493372482461,7.30404518167602,7.37583875469976,7.27247238750399,7.04125424467068,7.6493420475602,7.35734830604495,6.86331115516103,7.44907943022624,7.32004953080174,7.14640890969345,6.98605505887944,7.48080764572416,7.65316552656152,6.91031190522786,7.17638615434359,6.91772426154429,7.421538124185,7.38128592975873,7.37508458725942,7.48179868520304,7.23993915023711,7.28738570476886,7.50704797111563,7.53627523450859,7.65447026016826,7.83535141690244,7.4272122277018,7.04896453463437,7.19875810986923,7.230854416363,7.23896448925712,7.32147469598599,7.33614170769836,7.2202006931571,7.20095279872286,7.43528026849407,7.15099472799985,7.40741857475826,7.32268457182474,7.53595017049804,7.25208164596958,7.58236151641185,7.50136610206928,7.32320174596031,7.62543703704517,6.98780829012255,7.21683344231567,7.2627970264781,7.09986269618315,7.15493987381497,7.62659762259523,7.748531478267,7.55138901157053,7.3366990450785,7.33072793327796,7.2540251122686,7.2608276143808,7.16096502301873,7.60591734628333,7.23140446552637,7.48037920745221,7.33467210742831,7.32662227392578,7.03294908302872,7.22157606052014,7.10440231385951,7.4546165336304,7.14945385788845,7.48981214889402,7.01865501411696,7.19072222732384,7.19908997573873,7.3211223025242,7.724906665427,7.39686670532753,7.69305262858779,7.55532032143154,7.65045066131487,7.64926949239122,7.79337295243954,7.520849659666,7.47256197672883,7.42092777874415,7.46102690509025,7.2613804934708,7.74820473678945,7.27294584097971,7.49711978946004,7.39121872965054,7.27232502788457,7.32420999911143,7.60390531754527,7.33979046868776,7.03136353668454,7.30442918736431,7.44653722667672,7.50686543716999,7.44011759236258,7.49744089860322,7.1145744014053,7.22799099997122,7.13622548453465,7.23555470947965,7.26787335074943,7.62103526311255,7.68675553517522,7.75277065149542,7.35911071256767,7.59205629892319,7.15336649092038,7.32192487767847,7.58782453144811,7.60448029268614,7.57181023400364,7.44081475071947,7.41158538234794,7.08269821873457,7.59492762197613,7.64185172758698,7.42317955312348,7.44853046754279,7.62364014422294,7.79774915415252,7.66721593186934,7.32856350514075,7.54103369963282,7.26310971439954,7.31735078002624,7.1876919834599,7.35123392695782,7.43812966232422,7.393903518968,7.14129494501787,7.23642676866563,7.47586799979072,7.34640353912579,7.23359311489127,7.56150844484103,7.14233477324397,7.09940109345291,7.66498202780519,7.26037854814792,7.73108889575598,7.62905107364868,7.23297179788429,7.47922326979167,7.54995437291828,7.57901012649191,7.47557463233854,7.4539269962294,7.47782712790279,7.0927588927578,7.51732613727731,7.45034147942323
17,9.2125074062616,7.53159773629035,7.78164695364711,9.4081701505091,9.5453373015771,9.42602496073579,9.04157297709591,9.65002711617264,9.22558785424023,9.52038837779991,9.22966646635612,9.36039339644212,9.08734873136858,8.85777527670628,9.44329178885881,9.6711733527852,9.64079116395811,9.75509919664566,9.69278070450956,9.96068453371659,9.46323642293936,9.87782295680883,9.27564029260557,9.2480581023392,9.45003398357695,9.31016551367872,9.62989630320188,9.67383075293638,9.40651285600653,9.68666439895483,9.76193131005647,9.30169170932167,9.76821215674788,9.37981180287886,9.59227046693041,9.74496729766647,9.71146388036033,9.65551815981893,9.7702484355715,9.48875080160827,9.57942173900936,9.60906323483577,9.45092457329053,9.85020965122085,9.5319523553953,9.62413493370178,9.76044555435127,9.61156997207206,9.60275940450357,9.34945267174954,9.16215294990068,9.78013327463192,9.37583168088754,9.65110806891225,9.29093203395643,9.58917033279774,9.23630067540411,9.3973181294053,9.95233106761888,9.37420894505698,9.78497910618743,9.72766823193434,9.72148251346128,9.55359059702918,9.86237750689329,9.34132022829188,9.66815932867173,9.43435706596754,10.0225673107713,9.47174768853416,9.43755191408762,9.30580936163918,9.68136478251396,9.80857791794798,9.5480944036116,9.49497099123002,9.773075335057,9.47749181928397,9.55257736242892,9.65066743440202,9.34622751149554,9.9348820437229,9.52513896276077,9.70616323267874,9.79847906851219,9.82773864702211,9.45716540151544,9.84519778511503,9.7182004882308,9.59037971715338,9.60899721607977,9.54030757380753,9.550071452056,9.4113076214474,9.40289708282718,9.30386826287501,9.59844624540607,9.26869382466131,9.67368679208476,9.80888926082586,9.51461967119742,9.36598318245656,9.72416513698382,9.7517869360527,9.30677621522458,9.76376620682597,9.78386155026756,9.19071944387449,9.75669268006345,9.70065289976114,9.71245927626971,9.39984636265965,9.21825515640757,9.60265746121207,9.53506418623828,9.50586258249031,9.48466711903562,9.59390275388898,9.73522867598991,9.56438207677803,9.75300335476224,9.76265883557343,9.62924716754872,9.5420990357868,9.54850885120657,9.2483685141872,9.58479731835187,9.49674169132118,9.69116733507005,9.61098398427569,9.57400891291302,9.79382577722194,9.46029949793214,9.55268908811839,9.57349092998216,9.78989171865021,9.36154130865685,9.72010182835925,9.47607457430288,9.57974048907433,9.55736619800873,9.36850030590943,9.60645203589812,9.54104896912398,9.60626543595455,9.65909436886714,9.61957532090489,9.72806248343041,9.70765062296679,9.31800914677794,9.7419201963906,9.5206432888717,9.90454866716086,9.65021441563381,9.52225977890713,9.55962498056531,9.26892586505399,9.7113925422349,9.67024339330549,9.64586132964289,9.34582435602995,9.42264144545355,9.47063259386831,9.453056834605,9.58132858907515,9.95757593625242,9.77323348309111,9.7580006100177,9.54118053863082,9.22557577854339,9.48517271363272,9.35280455323955,9.69251919388821,9.64933941735819,9.70099033443412,9.80333417394528,9.88196973355469,9.78226617148246,9.5786269691615,9.48868311367164,9.68810499994954,9.82429115446148,9.79987702707683,9.33159566092572,9.55282214430935,9.68134974311616,9.40513939034739,9.60250247313383,9.50425977595664,9.52305827048194,9.65625966019465,9.53969318307157,9.65260133758903,9.32808817072788,9.12985127217136,9.60700291862817,9.70196030529775,9.72207239372955,9.5311371931516,9.78688889048531,9.25657497208612,9.28318233227907,9.59239307782203,9.75156991104491,9.43665758657697,9.20696292454599,9.62650913740619,9.72092856872326,9.80020473385115,9.48834853707163,9.55083094643485,9.28527238664842,9.86625645953436,9.41913592351025,9.31988463341844,9.76662130526571,9.61755944903429,9.61200487958467,9.66312018050131,9.73211881481417,9.76340083696918,9.6821325418148,9.46423583432059
18,7.61138992356545,6.54639544185982,6.34867982725784,7.66440142195326,7.93207456953435,7.67514030429475,7.86064912784492,7.73544279345633,7.52088262620025,7.67993432216643,7.73484837101639,7.72878716158256,7.97405066818648,7.50704769938888,7.88541400299712,7.63016807594958,7.86804228057474,8.11296071729095,8.11712905762749,7.95634939932826,7.23899136605615,7.69992340748729,7.42776950175195,7.97188664763928,8.29509146180616,7.7603058033421,7.59009523377963,7.91399973502187,7.54433341830811,7.70384147208127,7.71021267075873,8.01974249127577,7.71085622162864,7.48610345885716,7.86098578577781,7.57439001143885,7.58551976564259,7.3808238716943,7.74993756574227,7.74223987889382,7.31081545265622,7.58451048443496,7.89462606360039,8.09109656182163,7.76508915631902,7.99850829936097,8.14796425396478,7.50776125617223,8.18290711611078,8.08957659193195,7.52348231980609,7.64153326034163,7.72083445230836,7.9603571264262,7.87737355824878,7.64566265382194,8.08048903408416,7.96416265836377,7.96691617688234,7.77789524413903,7.63402254342163,7.6877555436234,8.11072399640398,7.75038370028149,8.0590850224586,7.71949304467996,7.72603063030644,7.83664596986824,7.76776844551021,7.75130761420002,7.26006721308166,7.89886467963044,7.54578764623046,7.91152381720768,7.67838993837247,8.02323472641204,7.78939467709623,8.07523379722344,8.0285085857233,8.42843603081671,7.92565522191728,7.76556356516382,7.68777381830643,8.22440156778812,8.00131672316819,7.6845617173938,8.04532944456639,7.70057020587722,8.22025652298788,7.63992407543237,8.26565577559015,7.70176707955934,7.71948022053686,8.00946152014881,8.03328433582571,8.05825580763195,7.69721438258046,7.74707401569257,7.90786808689741,7.98479930031166,7.74056153518572,8.07215685984692,7.86654992707279,7.82382395977279,7.89819005876553,7.50739373318239,8.15909272453423,8.07351104491596,7.79850190357534,7.87738594102636,8.01876254964957,7.76422704964148,7.97630462102317,8.01915457866944,7.76223714088278,7.65109521563325,7.83774739066621,7.80433033990566,7.9884547738732,8.03771549804495,7.72054102582422,7.97042018294658,8.17564024594006,7.90611237662415,7.75349378170707,7.87335018346478,7.51950967364072,7.96468707432898,7.72759253479882,7.57563591697876,8.18096563284287,7.83652357152016,7.62792501555229,7.69295536863568,7.82001248380098,7.79012786172664,7.53057806639725,7.89644323638494,7.87828306940539,7.89696004562219,8.07001450361689,7.79270388393896,7.80658059888311,7.69062625536501,7.93760685065867,7.97414887804,7.54438769448735,7.7824159331279,7.91061314341606,7.97744715279827,7.87629357553212,7.62521450898088,7.92245324999254,8.00270015111526,8.07715328513421,7.6421356245391,7.81452320680571,7.45141150640014,7.60334854440465,7.90068076129891,8.0469843365149,7.74798887258596,7.84944922415718,8.05468684630624,7.89032366268021,7.82064168267753,7.380082866175,7.70698832441556,7.8495917641991,7.75825690306224,8.17633519606611,7.77315948942938,7.83933111221142,7.4984319327223,7.77887709915528,7.79206654505116,8.15672628416819,8.17014850856648,7.88637241899561,7.84772449430355,7.72447360843092,8.20920841011128,7.74674781577838,7.61638898780859,7.5089658101571,7.8432928766091,7.65856974241652,7.59532171472244,7.81581835412173,7.8823305593547,8.09584711865128,7.43987977692149,7.42695052747189,7.88139992058354,7.66543002676758,7.69084096464263,7.6911583255078,7.8349683791676,7.75904555209121,7.87697369556033,7.84097869158629,7.82928090431729,7.76442530598014,7.62871434934067,8.1228328361701,8.02576324860469,7.79382875827213,7.84919984938317,7.97752778378906,7.22628952735405,7.74493958179328,8.04010230721375,7.86872694942222,7.78972552370676,7.61799053350951,7.91211819352424,8.09081039954289,7.82605090944095,8.12855250176103,7.93640727014213,7.84008015421813,7.44819048926622,7.65594499833575
19,6.1725143493762,6.09278520071304,5.92593933804322,7.03841664148877,7.69150345028071,7.00929378977286,7.24547221314726,7.48118887936553,7.18706424422138,7.22004022040605,7.103489964623,7.31306776799521,7.21410884835421,7.2253440514086,7.64798093480772,7.44265932193033,7.73337066212454,7.92367854566043,7.35430056017963,7.70291552086793,7.52751022293727,7.5803804445697,7.94343444083268,7.43466297540731,7.73767010604585,7.45809314878898,8.05629864670745,7.46381929400513,7.35399071555722,7.67700201601353,7.30639342273833,7.40138009538642,7.68088259224227,7.75088256537473,8.19405792557999,7.414623962095,7.26590026955527,7.68914402011172,8.10803635613468,7.76614204980406,7.76338033150261,8.19297514293633,7.42316738120932,7.76044543982994,7.75717390526676,7.79114875402793,7.30048858563348,7.60528163761052,7.29452625116125,7.76948054161581,7.74824440072543,7.55400260079324,7.35849445452126,7.21423036917577,7.52078080922876,7.57767637330498,7.58612632338742,7.52767293451988,7.75113893051034,7.48199389122961,7.71418825463437,7.55536580071026,7.78207000650262,7.25246420977137,7.79579522268545,7.5315902457066,7.55594374435804,7.49887863453322,7.57772019805389,7.38365814771007,7.49749085893716,7.42739713136766,7.51864999667105,7.90247932612971,7.38368207978164,7.79464653646116,7.51609447524917,7.98633114450407,7.63241316929018,7.47479910623225,7.44325954187588,7.57681520308062,7.40526904207612,7.27421659923191,7.67010831590498,7.5797955802819,7.32341927901681,7.61864663755902,7.4726123066351,7.45356115982432,7.56986040662866,7.59014760814349,7.46309996676677,7.39981254611539,7.28576267832644,7.61332951774838,7.43003344637509,7.5247074619492,7.53972644844461,7.60037318788604,7.86039974107084,7.74649326774919,7.73235102860086,7.26691432471629,7.68600525864727,7.55595001628027,7.71174954756089,7.04320090571147,7.41526263759351,7.64590613621203,7.44352812385471,7.58071213511329,7.57804253578114,7.23354662568789,7.29167174061862,6.99439046627837,7.69574163877746,7.67491977151917,7.39472928407938,7.48867002601965,7.89942723382269,7.44280227423773,7.66633583389078,7.75133583441407,7.75312595904196,7.44611735551846,7.56681942571338,7.78430016196805,7.89603851706093,7.49026328149078,7.38601330973716,7.68820300163524,7.50849755098233,7.36629490577208,7.7204337262323,7.62352006264184,7.60104807210902,7.57342751866159,7.47178499957375,7.50323387296028,7.91692743889751,7.90497450445034,7.76505789625455,7.26208015059659,6.71115029735245,7.35209638328507,7.38806331828377,7.86655940517367,7.42058672092258,7.52175848426784,7.45383862404492,7.63075938720201,7.18346588942824,7.81459352510043,7.57883525380503,7.26948451346983,7.77731512544495,6.96480911284196,7.59933497482574,7.53339406194959,7.60461764878289,7.67163321902569,7.53202325039257,7.66973789735779,7.49400846793449,7.64852820939268,7.36416116099905,7.70998935960083,7.80651591580552,7.45763327810567,7.91133127593808,7.66440696936284,7.79873850193313,7.54295645565113,7.47955410959193,7.1728970843957,7.31318727067245,6.97276633527613,7.23172148561733,7.76401454500453,7.64251040827979,7.4800595459064,7.6310759077421,7.60083765534132,7.64277256281349,7.46400696724601,7.34678201906254,7.39848395804181,7.62947412936967,7.30810211302493,7.65799442226456,7.39552510898911,7.75216965213554,7.46619446786663,7.35065749351453,8.0087188849024,7.77405259069242,7.48594520110182,7.5721887681131,7.65783907283764,7.41552343943959,7.86775707589735,7.77982222619964,7.38103800750511,7.56507449746142,7.38801304834023,7.61241879771071,7.68911047298233,7.60446223647437,7.35213681956408,7.71025235854967,7.39190626836492,7.69213543691334,7.58981274727188,7.38255059892405,7.40546345793476,7.42787755901657,7.36425847334639,7.62557759532037,8.26983780801669,7.5643233684457,7.4997323009415,7.43618556575456
20,6.28078143660173,6.67418916053217,6.76755357863257,7.56238562145626,8.48139101253151,7.39106255167159,7.42659739505569,7.58832633855318,7.47025484885504,7.5267745300956,7.74377028440669,7.42258424126412,7.50098234671537,7.38056488078689,7.98288223986758,8.23762921753843,7.61036029682474,7.53396886595739,8.1245203625298,8.49971353667094,7.86485090887834,8.1625893616118,7.96276766023536,7.92350875933692,8.14246629387243,7.65094395466459,8.19677617443515,7.94441338149168,8.00003290580877,8.11308125363257,7.74028752621032,8.33193539773951,8.14622061256296,8.25362456156105,7.95484309065397,8.03696708298847,7.71402073498144,8.06622613542734,7.93585159184298,8.12139071301701,7.74095426085037,8.41592877082118,7.80742301997068,8.58723900130327,7.96918823502752,7.63415669091279,7.98555222156023,7.9856581044897,8.01202917039674,7.99303462609866,8.3515238756436,8.20508875412238,8.12897360206552,7.89951283890213,8.20888863473601,7.90255948218175,7.91956065437043,7.82703101663549,8.03794725943332,7.32642899392557,8.05995901115897,7.8219802387959,7.80581309204307,8.27981442714154,8.3112408138752,8.07044820320508,8.09131436921624,7.95208223024335,8.27976233129493,8.14141969169588,7.94119472606554,8.05316992622518,8.05634927386578,8.48855575055465,8.32946091748539,8.05892571069939,8.27483578210244,8.24489158490085,7.83211214646473,8.22648883758161,8.1336257607262,7.87477459297157,8.44480871825835,7.62535517634271,7.68529054967289,7.85727069843425,7.87867661484267,7.92763330922468,8.19870243939786,7.65541308264723,7.88360510053527,8.81812004976559,8.34896763727733,7.87085822954112,8.27916461314611,7.85661889588145,7.86546097474881,7.98828059065497,8.20470156000887,8.16183296818065,8.1384769431972,8.01358940680867,8.36145486033821,7.86644517597179,7.78248309980067,8.35484013970302,7.99488362764456,7.7079302158668,8.18391120369122,8.43470617005104,8.28685052131923,8.0140676168563,8.55229609069974,7.76920589411985,7.9102640683488,8.07181361141931,7.91204944804287,8.14447948490276,8.08038560474096,7.86650686987074,7.89839066255384,7.90008220831251,8.1173334572048,7.52433100600496,8.10058971687153,8.2524369137301,8.04976579743204,7.85567489213992,8.00176761277227,8.50941154420248,7.83565672856275,7.86015041482881,8.03676286109436,7.88334997733708,8.12953357657462,7.79175906076974,8.09644179984139,7.58397526846073,7.87471068821384,7.81810869048392,7.79143478745694,8.14247104554169,8.04330760344072,8.02463705356593,8.11349606695342,8.09342857385327,8.02323556397264,8.19098121497475,7.99542834953,8.2527384074851,7.94234299249841,8.09290354452095,8.23549992642101,8.12672568100059,8.26614895880831,8.0215216538176,8.03509832390108,7.8790529352994,7.94712157149087,8.01953424502226,7.72300679150468,7.65386104961296,8.03595679445883,8.11569627094637,8.25211088708073,7.73747812540795,8.19450848299195,8.15853811597878,8.15388874793372,8.00145564388364,7.95881869239468,8.06751744394536,7.97928577567528,7.87758806963397,8.36105648350702,8.14446572348955,8.02470180176185,7.66799164934751,8.02239528210502,8.25942591279416,8.10087250084919,8.17654917291875,7.95360425069931,8.19632000750472,7.77823954295496,7.9180617855602,7.98556250935885,8.05769751089178,8.53271795845962,8.1457052651253,7.81552612512213,7.88491165286846,7.87961761251583,8.08546769157772,7.80626187493367,8.01161452169918,8.16225986910155,8.17540042572398,8.17233567322653,8.44694449555681,8.56868897807732,7.57335087738857,7.84209254230988,8.0918720123681,7.89213044466288,7.96295190388432,8.19885793396664,8.00414486250003,7.90653676206845,7.98900846941275,7.64061756501702,7.76898068333289,8.18592857907714,7.385288842643,7.96807961047572,8.17452203915137,7.94582324871991,7.85552070066515,7.5854763253393,8.44249889095357,8.15549684223884,8.08907805557124,7.88628138246603
