PeriodId,persist-spreading-8,persist-spreading-17,persist-spreading-26,persist-spreading-35,persist-spreading-44,persist-spreading-54,persist-spreading-57,persist-spreading-60,persist-spreading-63,persist-spreading-66,persist-spreading-69,persist-spreading-72,persist-spreading-75,persist-spreading-78,persist-spreading-81,persist-spreading-84,persist-spreading-87,persist-spreading-90,persist-spreading-93,persist-spreading-96,persist-spreading-99,persist-spreading-102,persist-spreading-105,persist-spreading-108,persist-spreading-111,persist-spreading-114,persist-spreading-117,persist-spreading-120,persist-spreading-123,persist-spreading-126,persist-spreading-129,persist-spreading-132,persist-spreading-135,persist-spreading-138,persist-spreading-141,persist-spreading-144,persist-spreading-147,persist-spreading-150,persist-spreading-153,persist-spreading-156,persist-spreading-159,persist-spreading-162,persist-spreading-165,persist-spreading-168,persist-spreading-171,persist-spreading-174,persist-spreading-177,persist-spreading-180,persist-spreading-183,persist-spreading-186,persist-spreading-189,persist-spreading-192,persist-spreading-195,persist-spreading-198,persist-spreading-201,persist-spreading-204,persist-spreading-207,persist-spreading-210,persist-spreading-213,persist-spreading-216,persist-spreading-219,persist-spreading-222,persist-spreading-225,persist-spreading-228,persist-spreading-231,persist-spreading-234,persist-spreading-237,persist-spreading-240,persist-spreading-243,persist-spreading-246,persist-spreading-249,persist-spreading-252,persist-spreading-255,persist-spreading-258,persist-spreading-261,persist-spreading-264,persist-spreading-267,persist-spreading-270,persist-spreading-273,persist-spreading-276,persist-spreading-279,persist-spreading-282,persist-spreading-285,persist-spreading-288,persist-spreading-291,persist-spreading-294,persist-spreading-297,persist-spreading-300,persist-spreading-303,persist-spreading-306,persist-spreading-309,persist-spreading-312,persist-spreading-315,persist-spreading-318,persist-spreading-321,persist-spreading-324,persist-spreading-327,persist-spreading-330,persist-spreading-333,persist-spreading-336,persist-spreading-339,persist-spreading-342,persist-spreading-345,persist-spreading-348,persist-spreading-351,persist-spreading-354,persist-spreading-357,persist-spreading-360,persist-spreading-363,persist-spreading-366,persist-spreading-369,persist-spreading-372,persist-spreading-375,persist-spreading-378,persist-spreading-381,persist-spreading-384,persist-spreading-387,persist-spreading-390,persist-spreading-393,persist-spreading-396,persist-spreading-399,persist-spreading-402,persist-spreading-405,persist-spreading-408,persist-spreading-411,persist-spreading-414,persist-spreading-417,persist-spreading-420,persist-spreading-423,persist-spreading-426,persist-spreading-429,persist-spreading-432,persist-spreading-435,persist-spreading-438,persist-spreading-441,persist-spreading-444,persist-spreading-447,TurnoverRec-456,TurnoverRec-459,TurnoverRec-462,TurnoverRec-465,TurnoverRec-468,TurnoverRec-471,TurnoverRec-474,TurnoverRec-477,TurnoverRec-480,TurnoverRec-483,TurnoverRec-486,TurnoverRec-489,TurnoverRec-492,TurnoverRec-495,TurnoverRec-498,TurnoverRec-501,TurnoverRec-504,TurnoverRec-507,TurnoverRec-510,TurnoverRec-513,TurnoverRec-516,TurnoverRec-520,TurnoverRec-523,TurnoverRec-526,TurnoverRec-529,TurnoverRec-532,TurnoverRec-535,TurnoverRec-538,TurnoverRec-541,TurnoverRec-564,TurnoverRec-567,TurnoverRec-570,TurnoverRec-573,TurnoverRec-576,TurnoverRec-579,TurnoverRec-582,TurnoverRec-585,TurnoverRec-588,TurnoverRec-591,TurnoverRec-594,TurnoverRec-597,TurnoverRec-600,TurnoverRec-603,TurnoverRec-606,TurnoverRec-609,TurnoverRec-612,TurnoverRec-615,TurnoverRec-618,TurnoverRec-621,TurnoverRec-624,TurnoverRec-627,TurnoverRec-630,TurnoverRec-633,TurnoverRec-636,TurnoverRec-639,TurnoverRec-642,TurnoverRec-645,TurnoverRec-648,TurnoverRec-651,TurnoverRec-654,TurnoverRec-657,TurnoverRec-660,TurnoverRec-663,TurnoverRec-666,TurnoverRec-669,TurnoverRec-672,TurnoverRec-675,TurnoverRec-678,TurnoverRec-681,TurnoverRec-684,TurnoverRec-687,TurnoverRec-690,TurnoverRec-693,TurnoverRec-696,TurnoverRec-699,TurnoverRec-702,TurnoverRec-705,TurnoverRec-708,TurnoverRec-711,TurnoverRec-714,TurnoverRec-717,TurnoverRec-720,TurnoverRec-723,TurnoverRec-726,TurnoverRec-729,TurnoverRec-732,TurnoverRec-735,TurnoverRec-738,TurnoverRec-741,TurnoverRec-744,TurnoverRec-747,TurnoverRec-750,TurnoverRec-753,TurnoverRec-756,TurnoverRec-759,TurnoverRec-762,TurnoverRec-765,TurnoverRec-768,TurnoverRec-771,TurnoverRec-774,TurnoverRec-777,TurnoverRec-780,TurnoverRec-783,TurnoverRec-786,TurnoverRec-789,TurnoverRec-792,TurnoverRec-795
1,0,100,0,0,0,0,0,0,0,0,0,0,0,0,0,0,100,0,0,100,100,0,0,100,100,100,0,0,100,0,0,0,0,0,0,0,0,0,0,100,0,100,0,0,0,0,0,100,0,100,0,0,0,0,0,0,100,0,0,0,100,100,100,0,0,100,100,0,100,100,0,0,100,0,0,0,0,0,0,0,100,0,0,100,0,100,100,0,0,100,0,0,0,0,0,0,0,0,0,0,100,0,0,0,0,0,0,100,0,0,0,0,0,0,0,0,0,0,0,0,0,100,0,0,0,0,0,0,0,0,100,0,0,0,0,0,0,0,0,0,0,0,0,0,0,100,0,0,100,0,0,0,100,0,100,0,0,0,0,0,0,0,100,100,0,0,0,0,0,100,0,100,0,0,0,0,0,0,100,100,0,0,0,0,0,0,0,0,0,0,0,100,0,100,0,0,0,0,0,0,100,0,0,0,0,0,0,0,0,0,0,0,0,100,0,0,0,0,100,100,0,0,0,0,0,0,0,0,0,0,100,0,0,0,0,0,0,0,0,0,0,0,0,100
2,8.69565217391304,13.0434782608696,8.69565217391304,8.69565217391304,8.69565217391304,0,0,0,0,0,0,0,0,0,8.69565217391304,8.69565217391304,8.69565217391304,8.69565217391304,8.69565217391304,8.69565217391304,8.69565217391304,13.0434782608696,8.69565217391304,8.69565217391304,8.69565217391304,8.69565217391304,8.69565217391304,8.69565217391304,8.69565217391304,8.69565217391304,8.69565217391304,8.69565217391304,13.0434782608696,8.69565217391304,8.69565217391304,8.69565217391304,8.69565217391304,8.69565217391304,13.0434782608696,8.69565217391304,8.69565217391304,8.69565217391304,8.69565217391304,13.0434782608696,8.69565217391304,8.69565217391304,8.69565217391304,8.69565217391304,8.69565217391304,8.69565217391304,8.69565217391304,8.69565217391304,8.69565217391304,8.69565217391304,8.69565217391304,8.69565217391304,8.69565217391304,8.69565217391304,8.69565217391304,8.69565217391304,8.69565217391304,8.69565217391304,8.69565217391304,13.0434782608696,8.69565217391304,8.69565217391304,8.69565217391304,8.69565217391304,8.69565217391304,8.69565217391304,8.69565217391304,8.69565217391304,8.69565217391304,8.69565217391304,8.69565217391304,8.69565217391304,8.69565217391304,8.69565217391304,8.69565217391304,8.69565217391304,8.69565217391304,8.69565217391304,13.0434782608696,8.69565217391304,8.69565217391304,8.69565217391304,8.69565217391304,8.69565217391304,8.69565217391304,8.69565217391304,8.69565217391304,8.69565217391304,8.69565217391304,8.69565217391304,8.69565217391304,8.69565217391304,8.69565217391304,8.69565217391304,8.69565217391304,8.69565217391304,8.69565217391304,8.69565217391304,8.69565217391304,8.69565217391304,8.69565217391304,8.69565217391304,8.69565217391304,8.69565217391304,8.69565217391304,8.69565217391304,8.69565217391304,8.69565217391304,8.69565217391304,8.69565217391304,8.69565217391304,8.69565217391304,8.69565217391304,8.69565217391304,8.69565217391304,8.69565217391304,8.69565217391304,8.69565217391304,8.69565217391304,8.69565217391304,8.69565217391304,8.69565217391304,8.69565217391304,8.69565217391304,8.69565217391304,8.69565217391304,8.69565217391304,8.69565217391304,8.69565217391304,8.69565217391304,8.69565217391304,8.69565217391304,8.69565217391304,8.69565217391304,8.69565217391304,8.69565217391304,8.69565217391304,8.69565217391304,8.69565217391304,8.69565217391304,8.69565217391304,8.69565217391304,8.69565217391304,8.69565217391304,8.69565217391304,8.69565217391304,8.69565217391304,8.69565217391304,8.69565217391304,8.69565217391304,8.69565217391304,8.69565217391304,8.69565217391304,8.69565217391304,8.69565217391304,8.69565217391304,8.69565217391304,13.0434782608696,8.69565217391304,8.69565217391304,8.69565217391304,8.69565217391304,8.69565217391304,8.69565217391304,8.69565217391304,8.69565217391304,8.69565217391304,8.69565217391304,8.69565217391304,8.69565217391304,8.69565217391304,8.69565217391304,8.69565217391304,13.0434782608696,8.69565217391304,8.69565217391304,13.0434782608696,8.69565217391304,8.69565217391304,8.69565217391304,13.0434782608696,8.69565217391304,8.69565217391304,8.69565217391304,8.69565217391304,8.69565217391304,8.69565217391304,8.69565217391304,13.0434782608696,8.69565217391304,8.69565217391304,8.69565217391304,8.69565217391304,13.0434782608696,8.69565217391304,8.69565217391304,8.69565217391304,13.0434782608696,8.69565217391304,8.69565217391304,8.69565217391304,13.0434782608696,8.69565217391304,8.69565217391304,8.69565217391304,8.69565217391304,8.69565217391304,13.0434782608696,8.69565217391304,8.69565217391304,13.0434782608696,8.69565217391304,8.69565217391304,13.0434782608696,8.69565217391304,8.69565217391304,8.69565217391304,13.0434782608696,8.69565217391304,8.69565217391304,8.69565217391304,8.69565217391304,8.69565217391304,8.69565217391304,8.69565217391304,8.69565217391304,8.69565217391304,8.69565217391304,13.0434782608696,8.69565217391304,8.69565217391304,8.69565217391304,8.69565217391304,8.69565217391304,8.69565217391304,13.0434782608696,8.69565217391304,8.69565217391304,8.69565217391304,13.0434782608696
3,-30.9090909090909,-38.1818181818182,-30.9090909090909,-30.9090909090909,-34.5454545454545,0,0,0,0,0,0,0,0,0,-40,-38.1818181818182,-41.8181818181818,-32.7272727272727,-41.8181818181818,-40,-40,-38.1818181818182,-40,-41.8181818181818,-29.0909090909091,-38.1818181818182,-27.2727272727273,-32.7272727272727,-36.3636363636364,-29.0909090909091,-40,-32.7272727272727,-32.7272727272727,-27.2727272727273,-40,-38.1818181818182,-36.3636363636364,-34.5454545454545,-32.7272727272727,-40,-38.1818181818182,-30.9090909090909,-45.4545454545455,-32.7272727272727,-43.6363636363636,-40,-36.3636363636364,-36.3636363636364,-38.1818181818182,-40,-38.1818181818182,-32.7272727272727,-32.7272727272727,-38.1818181818182,-41.8181818181818,-41.8181818181818,-45.4545454545455,-41.8181818181818,-36.3636363636364,-32.7272727272727,-45.4545454545455,-27.2727272727273,-43.6363636363636,-36.3636363636364,-40,-36.3636363636364,-40,-34.5454545454545,-34.5454545454545,-38.1818181818182,-29.0909090909091,-29.0909090909091,-40,-34.5454545454545,-41.8181818181818,-36.3636363636364,-36.3636363636364,-36.3636363636364,-34.5454545454545,-38.1818181818182,-36.3636363636364,-43.6363636363636,-38.1818181818182,-36.3636363636364,-38.1818181818182,-41.8181818181818,-34.5454545454545,-38.1818181818182,-30.9090909090909,-38.1818181818182,-36.3636363636364,-40,-32.7272727272727,-38.1818181818182,-36.3636363636364,-40,-30.9090909090909,-36.3636363636364,-40,-38.1818181818182,-38.1818181818182,-36.3636363636364,-36.3636363636364,-38.1818181818182,-41.8181818181818,-41.8181818181818,-40,-36.3636363636364,-36.3636363636364,-45.4545454545455,-40,-30.9090909090909,-36.3636363636364,-40,-36.3636363636364,-41.8181818181818,-40,-32.7272727272727,-32.7272727272727,-36.3636363636364,-36.3636363636364,-36.3636363636364,-34.5454545454545,-34.5454545454545,-45.4545454545455,-34.5454545454545,-40,-30.9090909090909,-38.1818181818182,-36.3636363636364,-34.5454545454545,-40,-36.3636363636364,-40,-41.8181818181818,-36.3636363636364,-36.3636363636364,-32.7272727272727,-34.5454545454545,-40,-41.8181818181818,-32.7272727272727,-32.7272727272727,-41.8181818181818,-38.1818181818182,-38.1818181818182,-34.5454545454545,-29.0909090909091,-32.7272727272727,-38.1818181818182,-40,-40,-32.7272727272727,-30.9090909090909,-40,-30.9090909090909,-45.4545454545455,-45.4545454545455,-40,-34.5454545454545,-34.5454545454545,-36.3636363636364,-36.3636363636364,-34.5454545454545,-36.3636363636364,-41.8181818181818,-36.3636363636364,-32.7272727272727,-36.3636363636364,-36.3636363636364,-36.3636363636364,-34.5454545454545,-30.9090909090909,-29.0909090909091,-36.3636363636364,-41.8181818181818,-30.9090909090909,-36.3636363636364,-34.5454545454545,-40,-40,-36.3636363636364,-36.3636363636364,-36.3636363636364,-41.8181818181818,-34.5454545454545,-30.9090909090909,-43.6363636363636,-36.3636363636364,-36.3636363636364,-30.9090909090909,-45.4545454545455,-40,-30.9090909090909,-34.5454545454545,-34.5454545454545,-38.1818181818182,-36.3636363636364,-32.7272727272727,-43.6363636363636,-36.3636363636364,-41.8181818181818,-36.3636363636364,-41.8181818181818,-41.8181818181818,-41.8181818181818,-30.9090909090909,-41.8181818181818,-40,-36.3636363636364,-38.1818181818182,-38.1818181818182,-34.5454545454545,-38.1818181818182,-38.1818181818182,-40,-32.7272727272727,-29.0909090909091,-38.1818181818182,-41.8181818181818,-41.8181818181818,-40,-36.3636363636364,-43.6363636363636,-43.6363636363636,-43.6363636363636,-45.4545454545455,-38.1818181818182,-34.5454545454545,-36.3636363636364,-34.5454545454545,-40,-32.7272727272727,-38.1818181818182,-34.5454545454545,-43.6363636363636,-38.1818181818182,-41.8181818181818,-41.8181818181818,-34.5454545454545,-32.7272727272727,-29.0909090909091,-41.8181818181818,-38.1818181818182
4,-64.7058823529412,-58.8235294117647,-63.2352941176471,-50,-55.8823529411765,0,0,0,0,0,0,0,0,0,-51.4705882352941,-54.4117647058824,-57.3529411764706,-51.4705882352941,-64.7058823529412,-51.4705882352941,-55.8823529411765,-55.8823529411765,-55.8823529411765,-54.4117647058824,-64.7058823529412,-66.1764705882353,-57.3529411764706,-64.7058823529412,-58.8235294117647,-63.2352941176471,-57.3529411764706,-55.8823529411765,-60.2941176470588,-66.1764705882353,-50,-64.7058823529412,-63.2352941176471,-50,-58.8235294117647,-58.8235294117647,-50,-66.1764705882353,-55.8823529411765,-50,-63.2352941176471,-66.1764705882353,-60.2941176470588,-51.4705882352941,-64.7058823529412,-58.8235294117647,-57.3529411764706,-57.3529411764706,-50,-66.1764705882353,-50,-66.1764705882353,-51.4705882352941,-54.4117647058824,-55.8823529411765,-64.7058823529412,-60.2941176470588,-55.8823529411765,-58.8235294117647,-60.2941176470588,-50,-60.2941176470588,-54.4117647058824,-66.1764705882353,-50,-58.8235294117647,-64.7058823529412,-63.2352941176471,-58.8235294117647,-58.8235294117647,-48.5294117647059,-55.8823529411765,-48.5294117647059,-50,-60.2941176470588,-50,-64.7058823529412,-50,-50,-64.7058823529412,-57.3529411764706,-64.7058823529412,-60.2941176470588,-57.3529411764706,-51.4705882352941,-58.8235294117647,-60.2941176470588,-57.3529411764706,-50,-63.2352941176471,-66.1764705882353,-64.7058823529412,-57.3529411764706,-55.8823529411765,-66.1764705882353,-55.8823529411765,-58.8235294117647,-50,-64.7058823529412,-48.5294117647059,-51.4705882352941,-64.7058823529412,-55.8823529411765,-66.1764705882353,-58.8235294117647,-57.3529411764706,-55.8823529411765,-60.2941176470588,-58.8235294117647,-55.8823529411765,-48.5294117647059,-50,-50,-64.7058823529412,-51.4705882352941,-50,-50,-57.3529411764706,-54.4117647058824,-50,-63.2352941176471,-64.7058823529412,-55.8823529411765,-50,-55.8823529411765,-50,-60.2941176470588,-51.4705882352941,-54.4117647058824,-55.8823529411765,-57.3529411764706,-50,-57.3529411764706,-55.8823529411765,-57.3529411764706,-55.8823529411765,-58.8235294117647,-57.3529411764706,-51.4705882352941,-57.3529411764706,-55.8823529411765,-58.8235294117647,-55.8823529411765,-51.4705882352941,-60.2941176470588,-50,-50,-50,-50,-55.8823529411765,-58.8235294117647,-57.3529411764706,-60.2941176470588,-57.3529411764706,-60.2941176470588,-55.8823529411765,-58.8235294117647,-55.8823529411765,-55.8823529411765,-55.8823529411765,-66.1764705882353,-51.4705882352941,-50,-58.8235294117647,-51.4705882352941,-50,-66.1764705882353,-58.8235294117647,-60.2941176470588,-51.4705882352941,-60.2941176470588,-51.4705882352941,-64.7058823529412,-60.2941176470588,-57.3529411764706,-64.7058823529412,-50,-50,-58.8235294117647,-54.4117647058824,-51.4705882352941,-50,-63.2352941176471,-60.2941176470588,-57.3529411764706,-51.4705882352941,-50,-55.8823529411765,-55.8823529411765,-64.7058823529412,-63.2352941176471,-50,-58.8235294117647,-55.8823529411765,-50,-60.2941176470588,-57.3529411764706,-51.4705882352941,-51.4705882352941,-51.4705882352941,-57.3529411764706,-55.8823529411765,-58.8235294117647,-64.7058823529412,-50,-50,-54.4117647058824,-58.8235294117647,-64.7058823529412,-66.1764705882353,-50,-51.4705882352941,-66.1764705882353,-51.4705882352941,-55.8823529411765,-58.8235294117647,-55.8823529411765,-55.8823529411765,-66.1764705882353,-55.8823529411765,-57.3529411764706,-63.2352941176471,-51.4705882352941,-55.8823529411765,-55.8823529411765,-64.7058823529412,-51.4705882352941,-60.2941176470588,-50,-58.8235294117647,-55.8823529411765,-55.8823529411765,-58.8235294117647,-58.8235294117647,-55.8823529411765,-51.4705882352941,-50,-64.7058823529412,-50,-58.8235294117647
5,-39.5348837209302,-41.2790697674419,-38.953488372093,-38.953488372093,-41.8604651162791,0,0,0,0,0,0,0,0,0,-38.953488372093,-39.2441860465116,-43.6046511627907,-39.5348837209302,-41.2790697674419,-38.0813953488372,-40.6976744186046,-40.4069767441861,-42.4418604651163,-39.8255813953488,-40.6976744186046,-43.6046511627907,-42.4418604651163,-41.8604651162791,-42.1511627906977,-42.4418604651163,-38.6627906976744,-41.5697674418605,-38.3720930232558,-39.5348837209302,-38.0813953488372,-42.7325581395349,-40.6976744186046,-41.2790697674419,-40.9883720930233,-38.953488372093,-38.953488372093,-42.4418604651163,-38.3720930232558,-39.2441860465116,-40.9883720930233,-42.7325581395349,-40.9883720930233,-38.0813953488372,-37.7906976744186,-41.2790697674419,-38.953488372093,-38.953488372093,-42.4418604651163,-39.5348837209302,-40.9883720930233,-42.7325581395349,-40.4069767441861,-42.1511627906977,-40.1162790697674,-42.7325581395349,-38.0813953488372,-42.1511627906977,-41.2790697674419,-41.2790697674419,-41.5697674418605,-38.953488372093,-39.5348837209302,-40.6976744186046,-41.2790697674419,-38.3720930232558,-42.1511627906977,-44.1860465116279,-40.1162790697674,-37.5,-38.3720930232558,-40.6976744186046,-40.6976744186046,-42.4418604651163,-41.2790697674419,-38.3720930232558,-40.9883720930233,-40.1162790697674,-40.9883720930233,-43.0232558139535,-42.1511627906977,-42.4418604651163,-42.1511627906977,-43.0232558139535,-42.1511627906977,-39.5348837209302,-38.953488372093,-40.1162790697674,-41.2790697674419,-38.953488372093,-40.4069767441861,-42.4418604651163,-41.8604651162791,-40.9883720930233,-42.4418604651163,-42.7325581395349,-39.2441860465116,-38.0813953488372,-40.4069767441861,-38.6627906976744,-38.953488372093,-41.5697674418605,-43.6046511627907,-41.8604651162791,-38.6627906976744,-41.2790697674419,-42.1511627906977,-42.1511627906977,-37.5,-39.8255813953488,-39.2441860465116,-41.2790697674419,-38.953488372093,-40.1162790697674,-38.953488372093,-38.6627906976744,-40.9883720930233,-38.0813953488372,-40.9883720930233,-40.1162790697674,-37.5,-39.2441860465116,-38.6627906976744,-39.8255813953488,-38.953488372093,-40.9883720930233,-38.953488372093,-37.7906976744186,-41.8604651162791,-41.8604651162791,-38.953488372093,-40.6976744186046,-40.6976744186046,-42.1511627906977,-39.8255813953488,-42.7325581395349,-39.8255813953488,-43.6046511627907,-38.3720930232558,-39.8255813953488,-42.7325581395349,-40.9883720930233,-40.6976744186046,-39.5348837209302,-39.2441860465116,-37.2093023255814,-42.4418604651163,-40.4069767441861,-38.3720930232558,-41.2790697674419,-39.2441860465116,-40.9883720930233,-40.6976744186046,-40.4069767441861,-40.4069767441861,-42.7325581395349,-41.5697674418605,-41.8604651162791,-39.2441860465116,-44.1860465116279,-40.4069767441861,-40.9883720930233,-40.1162790697674,-43.3139534883721,-39.8255813953488,-39.2441860465116,-40.9883720930233,-38.6627906976744,-37.7906976744186,-39.8255813953488,-39.5348837209302,-41.2790697674419,-39.8255813953488,-39.5348837209302,-43.3139534883721,-42.4418604651163,-38.953488372093,-38.6627906976744,-40.6976744186046,-42.1511627906977,-39.8255813953488,-42.1511627906977,-40.1162790697674,-42.1511627906977,-40.1162790697674,-41.5697674418605,-38.953488372093,-42.1511627906977,-40.4069767441861,-43.3139534883721,-41.2790697674419,-41.5697674418605,-42.1511627906977,-43.3139534883721,-40.9883720930233,-38.953488372093,-39.8255813953488,-41.8604651162791,-38.3720930232558,-37.5,-40.4069767441861,-42.1511627906977,-40.6976744186046,-40.1162790697674,-41.8604651162791,-39.2441860465116,-41.8604651162791,-38.6627906976744,-38.3720930232558,-39.8255813953488,-40.9883720930233,-38.6627906976744,-42.7325581395349,-39.2441860465116,-41.5697674418605,-41.8604651162791,-42.1511627906977,-40.1162790697674,-42.1511627906977,-41.2790697674419,-42.7325581395349,-42.4418604651163,-40.4069767441861,-37.7906976744186,-42.7325581395349,-40.6976744186046,-41.5697674418605,-38.0813953488372,-40.9883720930233,-40.4069767441861,-40.1162790697674,-42.7325581395349,-41.2790697674419,-40.9883720930233,-40.6976744186046,-40.9883720930233,-41.8604651162791,-42.1511627906977,-41.2790697674419,-41.5697674418605
6,-19.5219123505976,-20.7171314741036,-18.3266932270916,-19.9203187250996,-20.7171314741036,0,0,0,0,0,0,0,0,0,-20.7171314741036,-20.7171314741036,-22.3107569721116,-19.9203187250996,-21.9123505976096,-19.5219123505976,-19.9203187250996,-21.1155378486056,-21.5139442231076,-20.3187250996016,-21.1155378486056,-21.5139442231076,-22.3107569721116,-19.9203187250996,-20.7171314741036,-22.3107569721116,-19.5219123505976,-20.3187250996016,-19.5219123505976,-19.5219123505976,-19.1235059760956,-20.7171314741036,-19.9203187250996,-20.7171314741036,-19.9203187250996,-19.1235059760956,-20.3187250996016,-21.1155378486056,-19.5219123505976,-18.3266932270916,-20.7171314741036,-21.5139442231076,-20.3187250996016,-19.5219123505976,-18.3266932270916,-20.3187250996016,-19.1235059760956,-18.3266932270916,-21.5139442231076,-20.3187250996016,-20.7171314741036,-21.5139442231076,-21.5139442231076,-22.3107569721116,-19.9203187250996,-20.7171314741036,-19.1235059760956,-21.9123505976096,-20.3187250996016,-20.7171314741036,-21.9123505976096,-20.3187250996016,-20.3187250996016,-19.9203187250996,-20.7171314741036,-19.5219123505976,-21.1155378486056,-21.5139442231076,-20.3187250996016,-19.1235059760956,-18.7250996015936,-21.1155378486056,-20.3187250996016,-20.3187250996016,-19.9203187250996,-17.9282868525896,-21.9123505976096,-19.9203187250996,-20.7171314741036,-22.3107569721116,-21.9123505976096,-21.9123505976096,-21.1155378486056,-21.1155378486056,-20.3187250996016,-19.9203187250996,-19.1235059760956,-19.9203187250996,-20.7171314741036,-19.1235059760956,-20.7171314741036,-21.1155378486056,-21.5139442231076,-20.7171314741036,-22.3107569721116,-21.9123505976096,-19.9203187250996,-19.5219123505976,-19.9203187250996,-18.7250996015936,-20.3187250996016,-21.5139442231076,-22.7091633466135,-21.1155378486056,-18.7250996015936,-20.7171314741036,-21.9123505976096,-21.9123505976096,-18.7250996015936,-20.3187250996016,-19.1235059760956,-21.1155378486056,-20.3187250996016,-21.1155378486056,-19.5219123505976,-19.5219123505976,-20.7171314741036,-19.1235059760956,-20.7171314741036,-19.5219123505976,-18.3266932270916,-20.3187250996016,-19.5219123505976,-19.1235059760956,-19.5219123505976,-20.7171314741036,-19.1235059760956,-17.9282868525896,-20.7171314741036,-21.9123505976096,-19.9203187250996,-20.3187250996016,-19.9203187250996,-21.9123505976096,-20.3187250996016,-21.5139442231076,-20.3187250996016,-22.7091633466135,-18.7250996015936,-20.7171314741036,-22.3107569721116,-20.7171314741036,-20.7171314741036,-19.5219123505976,-18.7250996015936,-18.7250996015936,-21.5139442231076,-19.9203187250996,-19.1235059760956,-21.1155378486056,-19.5219123505976,-20.7171314741036,-20.3187250996016,-21.1155378486056,-20.3187250996016,-22.3107569721116,-20.7171314741036,-21.1155378486056,-19.9203187250996,-22.7091633466135,-20.3187250996016,-21.1155378486056,-19.9203187250996,-22.3107569721116,-19.5219123505976,-19.9203187250996,-20.3187250996016,-19.1235059760956,-18.7250996015936,-19.5219123505976,-20.7171314741036,-19.9203187250996,-19.5219123505976,-19.5219123505976,-21.9123505976096,-21.5139442231076,-19.1235059760956,-20.3187250996016,-20.3187250996016,-21.9123505976096,-20.3187250996016,-20.7171314741036,-19.5219123505976,-20.7171314741036,-20.3187250996016,-21.5139442231076,-19.5219123505976,-22.7091633466135,-20.3187250996016,-21.9123505976096,-20.7171314741036,-21.5139442231076,-20.7171314741036,-21.9123505976096,-21.1155378486056,-20.7171314741036,-19.9203187250996,-20.7171314741036,-19.1235059760956,-19.1235059760956,-20.3187250996016,-21.9123505976096,-19.9203187250996,-20.3187250996016,-21.1155378486056,-19.5219123505976,-22.3107569721116,-19.9203187250996,-19.9203187250996,-19.5219123505976,-19.1235059760956,-19.9203187250996,-22.3107569721116,-19.5219123505976,-21.5139442231076,-21.1155378486056,-21.1155378486056,-21.1155378486056,-21.9123505976096,-20.7171314741036,-21.1155378486056,-21.1155378486056,-20.7171314741036,-17.5298804780876,-21.9123505976096,-20.7171314741036,-21.5139442231076,-19.5219123505976,-20.7171314741036,-20.7171314741036,-21.1155378486056,-22.3107569721116,-21.1155378486056,-21.1155378486056,-20.3187250996016,-20.7171314741036,-21.5139442231076,-21.5139442231076,-20.7171314741036,-21.5139442231076
7,-27.6119402985075,-28.3582089552239,-30.9701492537313,-26.865671641791,-27.6119402985075,0,0,0,0,0,0,0,0,0,-31.7164179104478,-32.089552238806,-29.4776119402985,-27.2388059701493,-33.5820895522388,-31.3432835820896,-31.7164179104478,-27.6119402985075,-32.8358208955224,-27.9850746268657,-32.8358208955224,-28.7313432835821,-32.8358208955224,-27.6119402985075,-32.4626865671642,-29.1044776119403,-26.4925373134328,-27.2388059701493,-30.9701492537313,-30.9701492537313,-26.865671641791,-28.3582089552239,-27.6119402985075,-32.8358208955224,-31.7164179104478,-26.865671641791,-31.7164179104478,-28.3582089552239,-31.3432835820896,-26.1194029850746,-32.4626865671642,-32.8358208955224,-31.7164179104478,-30.5970149253731,-30.9701492537313,-27.6119402985075,-30.9701492537313,-30.9701492537313,-32.8358208955224,-32.089552238806,-32.4626865671642,-28.7313432835821,-27.9850746268657,-33.955223880597,-32.089552238806,-27.9850746268657,-26.1194029850746,-29.1044776119403,-27.9850746268657,-32.4626865671642,-28.3582089552239,-27.6119402985075,-27.6119402985075,-31.3432835820896,-32.4626865671642,-26.865671641791,-32.8358208955224,-28.7313432835821,-31.7164179104478,-30.9701492537313,-26.865671641791,-32.089552238806,-27.9850746268657,-32.089552238806,-27.2388059701493,-25.7462686567164,-33.2089552238806,-32.089552238806,-27.9850746268657,-33.5820895522388,-32.8358208955224,-29.1044776119403,-32.4626865671642,-32.4626865671642,-27.9850746268657,-26.865671641791,-30.9701492537313,-27.2388059701493,-28.3582089552239,-26.865671641791,-27.6119402985075,-28.7313432835821,-28.7313432835821,-32.8358208955224,-33.955223880597,-33.5820895522388,-31.7164179104478,-26.865671641791,-27.2388059701493,-30.5970149253731,-31.3432835820896,-33.2089552238806,-33.955223880597,-28.3582089552239,-26.4925373134328,-32.4626865671642,-33.955223880597,-32.4626865671642,-30.5970149253731,-27.6119402985075,-30.9701492537313,-28.3582089552239,-31.7164179104478,-32.4626865671642,-30.5970149253731,-26.865671641791,-28.3582089552239,-27.2388059701493,-32.4626865671642,-26.865671641791,-26.4925373134328,-27.6119402985075,-27.2388059701493,-30.9701492537313,-27.6119402985075,-32.089552238806,-26.865671641791,-26.4925373134328,-32.4626865671642,-32.8358208955224,-26.865671641791,-27.9850746268657,-32.089552238806,-32.4626865671642,-31.7164179104478,-33.2089552238806,-31.7164179104478,-33.5820895522388,-30.2238805970149,-32.089552238806,-33.2089552238806,-27.6119402985075,-27.2388059701493,-27.2388059701493,-26.4925373134328,-26.1194029850746,-27.9850746268657,-27.2388059701493,-26.1194029850746,-27.9850746268657,-26.865671641791,-31.7164179104478,-28.3582089552239,-28.3582089552239,-27.6119402985075,-33.2089552238806,-32.089552238806,-28.3582089552239,-31.7164179104478,-33.955223880597,-32.4626865671642,-32.4626865671642,-27.2388059701493,-33.5820895522388,-26.4925373134328,-31.7164179104478,-27.9850746268657,-31.3432835820896,-26.4925373134328,-26.1194029850746,-31.3432835820896,-27.2388059701493,-31.3432835820896,-30.9701492537313,-29.1044776119403,-28.7313432835821,-26.865671641791,-27.2388059701493,-27.6119402985075,-29.4776119402985,-27.6119402985075,-27.9850746268657,-31.7164179104478,-32.8358208955224,-31.7164179104478,-32.8358208955224,-30.9701492537313,-29.1044776119403,-31.7164179104478,-33.2089552238806,-28.3582089552239,-32.4626865671642,-27.6119402985075,-28.3582089552239,-28.3582089552239,-32.089552238806,-27.6119402985075,-28.3582089552239,-30.5970149253731,-26.1194029850746,-31.7164179104478,-33.5820895522388,-26.865671641791,-31.3432835820896,-28.7313432835821,-26.865671641791,-28.7313432835821,-27.2388059701493,-31.7164179104478,-27.6119402985075,-27.2388059701493,-26.865671641791,-33.2089552238806,-27.2388059701493,-32.8358208955224,-27.9850746268657,-27.9850746268657,-27.9850746268657,-32.8358208955224,-27.9850746268657,-32.8358208955224,-28.7313432835821,-32.089552238806,-30.2238805970149,-33.5820895522388,-32.089552238806,-32.8358208955224,-30.9701492537313,-32.4626865671642,-32.8358208955224,-31.7164179104478,-33.2089552238806,-32.4626865671642,-33.2089552238806,-31.3432835820896,-32.089552238806,-32.8358208955224,-32.8358208955224,-32.089552238806,-32.8358208955224
8,-60.4651162790698,-60.4651162790698,-53.4883720930233,-58.1395348837209,-62.7906976744186,0,0,0,0,0,0,0,0,0,-62.7906976744186,-58.1395348837209,-62.7906976744186,-60.4651162790698,-60.4651162790698,-60.4651162790698,-58.1395348837209,-62.7906976744186,-62.7906976744186,-60.4651162790698,-62.7906976744186,-62.7906976744186,-62.7906976744186,-60.4651162790698,-58.1395348837209,-60.4651162790698,-58.1395348837209,-60.4651162790698,-60.4651162790698,-55.8139534883721,-60.4651162790698,-62.7906976744186,-60.4651162790698,-58.1395348837209,-58.1395348837209,-62.7906976744186,-60.4651162790698,-60.4651162790698,-60.4651162790698,-58.1395348837209,-62.7906976744186,-62.7906976744186,-58.1395348837209,-55.8139534883721,-53.4883720930233,-60.4651162790698,-55.8139534883721,-53.4883720930233,-62.7906976744186,-60.4651162790698,-58.1395348837209,-60.4651162790698,-60.4651162790698,-62.7906976744186,-58.1395348837209,-62.7906976744186,-60.4651162790698,-58.1395348837209,-62.7906976744186,-58.1395348837209,-62.7906976744186,-58.1395348837209,-60.4651162790698,-55.8139534883721,-62.7906976744186,-60.4651162790698,-60.4651162790698,-62.7906976744186,-58.1395348837209,-60.4651162790698,-55.8139534883721,-58.1395348837209,-55.8139534883721,-60.4651162790698,-62.7906976744186,-55.8139534883721,-62.7906976744186,-60.4651162790698,-62.7906976744186,-58.1395348837209,-55.8139534883721,-58.1395348837209,-60.4651162790698,-58.1395348837209,-58.1395348837209,-62.7906976744186,-60.4651162790698,-60.4651162790698,-60.4651162790698,-53.4883720930233,-60.4651162790698,-58.1395348837209,-60.4651162790698,-58.1395348837209,-60.4651162790698,-62.7906976744186,-60.4651162790698,-60.4651162790698,-58.1395348837209,-58.1395348837209,-60.4651162790698,-60.4651162790698,-62.7906976744186,-62.7906976744186,-60.4651162790698,-55.8139534883721,-60.4651162790698,-62.7906976744186,-58.1395348837209,-60.4651162790698,-55.8139534883721,-62.7906976744186,-62.7906976744186,-58.1395348837209,-60.4651162790698,-60.4651162790698,-60.4651162790698,-60.4651162790698,-62.7906976744186,-60.4651162790698,-55.8139534883721,-58.1395348837209,-62.7906976744186,-55.8139534883721,-58.1395348837209,-58.1395348837209,-60.4651162790698,-58.1395348837209,-58.1395348837209,-58.1395348837209,-62.7906976744186,-53.4883720930233,-58.1395348837209,-55.8139534883721,-60.4651162790698,-60.4651162790698,-60.4651162790698,-62.7906976744186,-53.4883720930233,-60.4651162790698,-62.7906976744186,-60.4651162790698,-60.4651162790698,-60.4651162790698,-60.4651162790698,-55.8139534883721,-60.4651162790698,-53.4883720930233,-58.1395348837209,-60.4651162790698,-62.7906976744186,-58.1395348837209,-62.7906976744186,-62.7906976744186,-58.1395348837209,-58.1395348837209,-60.4651162790698,-60.4651162790698,-60.4651162790698,-60.4651162790698,-62.7906976744186,-60.4651162790698,-62.7906976744186,-60.4651162790698,-60.4651162790698,-58.1395348837209,-62.7906976744186,-58.1395348837209,-60.4651162790698,-60.4651162790698,-62.7906976744186,-60.4651162790698,-55.8139534883721,-55.8139534883721,-60.4651162790698,-60.4651162790698,-60.4651162790698,-58.1395348837209,-58.1395348837209,-60.4651162790698,-62.7906976744186,-62.7906976744186,-60.4651162790698,-62.7906976744186,-62.7906976744186,-60.4651162790698,-60.4651162790698,-60.4651162790698,-55.8139534883721,-58.1395348837209,-62.7906976744186,-62.7906976744186,-60.4651162790698,-60.4651162790698,-58.1395348837209,-62.7906976744186,-62.7906976744186,-60.4651162790698,-58.1395348837209,-55.8139534883721,-58.1395348837209,-60.4651162790698,-60.4651162790698,-60.4651162790698,-60.4651162790698,-60.4651162790698,-58.1395348837209,-60.4651162790698,-60.4651162790698,-62.7906976744186,-58.1395348837209,-60.4651162790698,-60.4651162790698,-62.7906976744186,-60.4651162790698,-62.7906976744186,-62.7906976744186,-60.4651162790698,-58.1395348837209,-62.7906976744186,-60.4651162790698,-60.4651162790698,-62.7906976744186,-55.8139534883721,-60.4651162790698,-62.7906976744186,-60.4651162790698,-62.7906976744186,-60.4651162790698,-58.1395348837209,-58.1395348837209,-60.4651162790698,-58.1395348837209,-60.4651162790698,-55.8139534883721,-62.7906976744186,-62.7906976744186,-58.1395348837209,-62.7906976744186,-60.4651162790698
9,-30.952380952381,-29.3650793650794,-26.984126984127,-30.1587301587302,-35.7142857142857,0,0,0,0,0,0,0,0,0,-35.7142857142857,-32.5396825396825,-34.1269841269841,-33.3333333333333,-34.9206349206349,-29.3650793650794,-30.1587301587302,-30.1587301587302,-31.7460317460317,-29.3650793650794,-31.7460317460317,-30.1587301587302,-30.1587301587302,-33.3333333333333,-34.1269841269841,-29.3650793650794,-32.5396825396825,-30.952380952381,-33.3333333333333,-31.7460317460317,-29.3650793650794,-35.7142857142857,-29.3650793650794,-30.1587301587302,-34.1269841269841,-35.7142857142857,-34.9206349206349,-29.3650793650794,-34.9206349206349,-34.1269841269841,-35.7142857142857,-31.7460317460317,-28.5714285714286,-27.7777777777778,-30.952380952381,-34.9206349206349,-31.7460317460317,-28.5714285714286,-31.7460317460317,-29.3650793650794,-30.1587301587302,-29.3650793650794,-34.9206349206349,-30.1587301587302,-28.5714285714286,-30.1587301587302,-30.952380952381,-32.5396825396825,-30.1587301587302,-28.5714285714286,-35.7142857142857,-28.5714285714286,-30.952380952381,-31.7460317460317,-35.7142857142857,-29.3650793650794,-29.3650793650794,-30.1587301587302,-34.1269841269841,-33.3333333333333,-31.7460317460317,-28.5714285714286,-29.3650793650794,-29.3650793650794,-30.1587301587302,-27.7777777777778,-35.7142857142857,-30.952380952381,-31.7460317460317,-30.1587301587302,-29.3650793650794,-32.5396825396825,-34.9206349206349,-28.5714285714286,-28.5714285714286,-35.7142857142857,-33.3333333333333,-34.9206349206349,-30.952380952381,-30.952380952381,-34.9206349206349,-30.1587301587302,-34.9206349206349,-30.1587301587302,-33.3333333333333,-35.7142857142857,-33.3333333333333,-30.952380952381,-30.1587301587302,-34.1269841269841,-33.3333333333333,-33.3333333333333,-35.7142857142857,-31.7460317460317,-29.3650793650794,-27.7777777777778,-30.952380952381,-34.1269841269841,-34.1269841269841,-34.9206349206349,-33.3333333333333,-31.7460317460317,-30.1587301587302,-32.5396825396825,-29.3650793650794,-29.3650793650794,-33.3333333333333,-29.3650793650794,-31.7460317460317,-34.9206349206349,-27.7777777777778,-32.5396825396825,-35.7142857142857,-33.3333333333333,-30.1587301587302,-30.1587301587302,-34.9206349206349,-30.1587301587302,-32.5396825396825,-32.5396825396825,-30.1587301587302,-32.5396825396825,-30.1587301587302,-29.3650793650794,-29.3650793650794,-34.9206349206349,-29.3650793650794,-31.7460317460317,-30.952380952381,-34.9206349206349,-30.1587301587302,-34.9206349206349,-31.7460317460317,-29.3650793650794,-29.3650793650794,-33.3333333333333,-33.3333333333333,-30.952380952381,-30.1587301587302,-34.9206349206349,-35.7142857142857,-30.1587301587302,-35.7142857142857,-34.1269841269841,-30.1587301587302,-34.1269841269841,-34.9206349206349,-30.952380952381,-33.3333333333333,-30.952380952381,-30.1587301587302,-29.3650793650794,-30.1587301587302,-30.952380952381,-33.3333333333333,-32.5396825396825,-30.1587301587302,-28.5714285714286,-29.3650793650794,-29.3650793650794,-31.7460317460317,-34.9206349206349,-31.7460317460317,-33.3333333333333,-29.3650793650794,-30.952380952381,-29.3650793650794,-28.5714285714286,-32.5396825396825,-29.3650793650794,-34.1269841269841,-34.1269841269841,-33.3333333333333,-35.7142857142857,-35.7142857142857,-29.3650793650794,-30.952380952381,-34.9206349206349,-29.3650793650794,-30.1587301587302,-34.1269841269841,-31.7460317460317,-29.3650793650794,-33.3333333333333,-34.1269841269841,-31.7460317460317,-30.1587301587302,-34.9206349206349,-28.5714285714286,-29.3650793650794,-32.5396825396825,-29.3650793650794,-34.9206349206349,-34.9206349206349,-29.3650793650794,-30.952380952381,-32.5396825396825,-33.3333333333333,-30.952380952381,-35.7142857142857,-32.5396825396825,-33.3333333333333,-29.3650793650794,-35.7142857142857,-30.952380952381,-30.1587301587302,-34.1269841269841,-29.3650793650794,-29.3650793650794,-35.7142857142857,-29.3650793650794,-29.3650793650794,-35.7142857142857,-33.3333333333333,-34.9206349206349,-31.7460317460317,-34.9206349206349,-30.1587301587302,-29.3650793650794,-34.1269841269841,-34.1269841269841,-30.952380952381,-33.3333333333333,-33.3333333333333,-31.7460317460317,-30.1587301587302,-30.1587301587302,-30.1587301587302,-34.1269841269841,-29.3650793650794
10,-18.0904522613065,-19.0954773869347,-17.0854271356784,-18.0904522613065,-19.5979899497487,0,0,0,0,0,0,0,0,0,-21.105527638191,-20.1005025125628,-22.1105527638191,-24.1206030150754,-22.1105527638191,-19.5979899497487,-17.5879396984925,-19.5979899497487,-18.0904522613065,-20.1005025125628,-19.0954773869347,-18.5929648241206,-21.105527638191,-23.6180904522613,-21.105527638191,-18.0904522613065,-23.6180904522613,-19.5979899497487,-20.6030150753769,-21.105527638191,-21.105527638191,-23.1155778894472,-19.0954773869347,-17.0854271356784,-23.1155778894472,-21.105527638191,-20.6030150753769,-18.5929648241206,-22.1105527638191,-22.6130653266332,-23.6180904522613,-21.608040201005,-16.5829145728643,-18.0904522613065,-20.1005025125628,-19.5979899497487,-19.0954773869347,-19.5979899497487,-19.5979899497487,-20.1005025125628,-18.0904522613065,-17.5879396984925,-22.6130653266332,-19.0954773869347,-17.5879396984925,-19.5979899497487,-17.5879396984925,-20.1005025125628,-20.1005025125628,-18.5929648241206,-21.608040201005,-18.5929648241206,-18.0904522613065,-19.0954773869347,-21.105527638191,-18.5929648241206,-19.5979899497487,-20.1005025125628,-22.1105527638191,-23.1155778894472,-19.5979899497487,-18.5929648241206,-20.1005025125628,-17.5879396984925,-21.608040201005,-19.0954773869347,-21.105527638191,-21.105527638191,-19.5979899497487,-18.0904522613065,-20.1005025125628,-19.5979899497487,-21.608040201005,-18.5929648241206,-19.5979899497487,-21.105527638191,-22.6130653266332,-20.6030150753769,-20.6030150753769,-19.0954773869347,-21.105527638191,-18.5929648241206,-19.5979899497487,-20.6030150753769,-21.608040201005,-21.608040201005,-22.6130653266332,-20.1005025125628,-18.0904522613065,-19.0954773869347,-19.0954773869347,-23.1155778894472,-22.6130653266332,-19.0954773869347,-17.5879396984925,-19.5979899497487,-20.6030150753769,-22.6130653266332,-22.6130653266332,-20.6030150753769,-21.105527638191,-18.5929648241206,-19.5979899497487,-22.6130653266332,-19.5979899497487,-20.1005025125628,-20.6030150753769,-20.1005025125628,-20.6030150753769,-23.1155778894472,-17.5879396984925,-22.1105527638191,-20.6030150753769,-19.0954773869347,-20.6030150753769,-19.0954773869347,-19.5979899497487,-16.5829145728643,-20.6030150753769,-21.105527638191,-20.1005025125628,-20.6030150753769,-19.0954773869347,-19.5979899497487,-17.5879396984925,-21.105527638191,-20.6030150753769,-19.0954773869347,-20.1005025125628,-21.608040201005,-21.105527638191,-23.1155778894472,-19.0954773869347,-17.0854271356784,-18.0904522613065,-17.0854271356784,-20.6030150753769,-20.6030150753769,-21.105527638191,-20.1005025125628,-21.608040201005,-21.105527638191,-23.1155778894472,-23.1155778894472,-19.0954773869347,-23.6180904522613,-20.1005025125628,-19.0954773869347,-22.1105527638191,-20.1005025125628,-19.5979899497487,-19.0954773869347,-21.105527638191,-18.0904522613065,-23.1155778894472,-22.6130653266332,-20.1005025125628,-20.6030150753769,-20.6030150753769,-21.608040201005,-20.6030150753769,-22.6130653266332,-23.6180904522613,-21.608040201005,-19.5979899497487,-17.5879396984925,-19.5979899497487,-19.5979899497487,-20.6030150753769,-21.105527638191,-23.1155778894472,-23.6180904522613,-20.6030150753769,-19.5979899497487,-23.1155778894472,-18.5929648241206,-20.1005025125628,-22.6130653266332,-17.0854271356784,-17.0854271356784,-22.6130653266332,-21.105527638191,-18.0904522613065,-24.1206030150754,-23.6180904522613,-19.0954773869347,-21.608040201005,-21.608040201005,-18.5929648241206,-19.0954773869347,-20.1005025125628,-19.5979899497487,-20.1005025125628,-20.1005025125628,-19.5979899497487,-19.5979899497487,-21.608040201005,-21.608040201005,-19.0954773869347,-23.1155778894472,-21.105527638191,-22.1105527638191,-17.5879396984925,-22.6130653266332,-16.5829145728643,-19.5979899497487,-23.1155778894472,-18.5929648241206,-19.0954773869347,-24.1206030150754,-20.1005025125628,-17.0854271356784,-22.6130653266332,-20.1005025125628,-23.1155778894472,-19.0954773869347,-23.1155778894472,-20.1005025125628,-18.0904522613065,-19.5979899497487,-21.608040201005,-18.5929648241206,-20.6030150753769,-20.6030150753769,-19.0954773869347,-20.6030150753769,-21.105527638191,-21.105527638191,-21.608040201005,-21.105527638191
11,-34.3511450381679,-32.0610687022901,-30.9160305343511,-31.2977099236641,-33.587786259542,0,0,0,0,0,0,0,0,0,-33.587786259542,-31.2977099236641,-33.206106870229,-35.1145038167939,-35.1145038167939,-34.3511450381679,-30.9160305343511,-35.4961832061069,-31.6793893129771,-33.969465648855,-33.587786259542,-32.824427480916,-31.6793893129771,-32.824427480916,-33.969465648855,-31.2977099236641,-32.4427480916031,-34.7328244274809,-30.5343511450382,-32.824427480916,-33.587786259542,-34.3511450381679,-30.9160305343511,-33.206106870229,-32.824427480916,-31.6793893129771,-33.587786259542,-33.206106870229,-34.7328244274809,-35.1145038167939,-33.587786259542,-35.4961832061069,-32.4427480916031,-29.3893129770992,-30.9160305343511,-33.587786259542,-32.4427480916031,-34.3511450381679,-34.3511450381679,-32.4427480916031,-33.206106870229,-31.2977099236641,-32.4427480916031,-30.9160305343511,-33.206106870229,-33.587786259542,-30.9160305343511,-31.2977099236641,-31.6793893129771,-30.1526717557252,-33.969465648855,-30.9160305343511,-33.206106870229,-32.0610687022901,-34.3511450381679,-30.9160305343511,-32.824427480916,-32.0610687022901,-32.824427480916,-35.1145038167939,-30.5343511450382,-32.824427480916,-34.3511450381679,-31.2977099236641,-32.4427480916031,-33.969465648855,-33.587786259542,-33.587786259542,-32.0610687022901,-31.2977099236641,-32.0610687022901,-33.969465648855,-31.6793893129771,-30.5343511450382,-30.9160305343511,-34.7328244274809,-32.4427480916031,-33.969465648855,-32.0610687022901,-30.5343511450382,-31.6793893129771,-31.2977099236641,-33.587786259542,-32.4427480916031,-34.7328244274809,-35.8778625954198,-33.587786259542,-32.0610687022901,-31.6793893129771,-32.0610687022901,-33.587786259542,-32.4427480916031,-33.206106870229,-33.206106870229,-32.824427480916,-34.7328244274809,-35.1145038167939,-34.7328244274809,-34.7328244274809,-32.4427480916031,-31.2977099236641,-30.9160305343511,-33.587786259542,-32.824427480916,-32.4427480916031,-34.7328244274809,-32.824427480916,-35.1145038167939,-33.206106870229,-33.206106870229,-31.6793893129771,-33.969465648855,-31.2977099236641,-30.1526717557252,-34.3511450381679,-32.4427480916031,-30.9160305343511,-30.1526717557252,-30.5343511450382,-33.206106870229,-34.3511450381679,-29.7709923664122,-31.2977099236641,-34.7328244274809,-30.5343511450382,-33.969465648855,-34.3511450381679,-33.587786259542,-32.4427480916031,-35.1145038167939,-34.7328244274809,-35.1145038167939,-32.824427480916,-32.4427480916031,-33.587786259542,-32.4427480916031,-32.0610687022901,-33.969465648855,-32.4427480916031,-30.9160305343511,-34.3511450381679,-34.3511450381679,-33.206106870229,-34.7328244274809,-33.969465648855,-35.8778625954198,-33.206106870229,-31.2977099236641,-32.4427480916031,-35.1145038167939,-34.7328244274809,-32.0610687022901,-34.3511450381679,-31.6793893129771,-34.3511450381679,-34.7328244274809,-31.6793893129771,-34.7328244274809,-33.969465648855,-34.3511450381679,-35.4961832061069,-34.3511450381679,-34.3511450381679,-32.4427480916031,-31.6793893129771,-32.4427480916031,-34.7328244274809,-33.969465648855,-32.4427480916031,-33.969465648855,-34.3511450381679,-35.4961832061069,-33.206106870229,-34.3511450381679,-33.587786259542,-33.587786259542,-32.4427480916031,-34.7328244274809,-30.5343511450382,-32.824427480916,-32.824427480916,-32.824427480916,-33.206106870229,-32.824427480916,-33.969465648855,-31.6793893129771,-34.7328244274809,-31.2977099236641,-30.5343511450382,-32.4427480916031,-31.6793893129771,-34.3511450381679,-33.587786259542,-31.2977099236641,-30.9160305343511,-33.206106870229,-33.206106870229,-33.587786259542,-33.206106870229,-32.824427480916,-30.5343511450382,-34.7328244274809,-32.4427480916031,-35.4961832061069,-30.9160305343511,-32.824427480916,-35.8778625954198,-32.4427480916031,-33.969465648855,-32.824427480916,-30.5343511450382,-32.824427480916,-32.824427480916,-31.2977099236641,-35.1145038167939,-33.206106870229,-33.206106870229,-33.969465648855,-30.5343511450382,-30.5343511450382,-33.587786259542,-33.587786259542,-31.2977099236641,-31.2977099236641,-33.206106870229,-31.6793893129771,-34.3511450381679,-32.824427480916,-32.4427480916031,-33.206106870229
12,-34.1726618705036,-33.8129496402878,-28.4172661870504,-29.136690647482,-27.3381294964029,0,0,0,0,0,0,0,0,0,-28.4172661870504,-25.5395683453237,-30.9352517985611,-29.8561151079137,-28.0575539568345,-33.4532374100719,-28.0575539568345,-32.7338129496403,-28.4172661870504,-30.2158273381295,-32.7338129496403,-27.6978417266187,-33.8129496402878,-34.1726618705036,-32.3741007194245,-28.0575539568345,-30.2158273381295,-32.7338129496403,-27.3381294964029,-25.8992805755396,-32.0143884892086,-30.9352517985611,-26.978417266187,-26.2589928057554,-34.5323741007194,-27.3381294964029,-29.4964028776978,-29.4964028776978,-32.7338129496403,-33.4532374100719,-33.8129496402878,-33.0935251798561,-26.978417266187,-30.5755395683453,-29.4964028776978,-29.8561151079137,-31.294964028777,-34.1726618705036,-34.1726618705036,-29.136690647482,-27.6978417266187,-32.0143884892086,-28.0575539568345,-30.5755395683453,-32.7338129496403,-28.7769784172662,-28.4172661870504,-30.9352517985611,-32.3741007194245,-27.6978417266187,-31.6546762589928,-32.7338129496403,-34.8920863309353,-29.4964028776978,-29.4964028776978,-28.4172661870504,-34.1726618705036,-32.0143884892086,-33.8129496402878,-29.136690647482,-27.6978417266187,-26.6187050359712,-30.5755395683453,-31.294964028777,-27.3381294964029,-31.6546762589928,-28.0575539568345,-30.2158273381295,-33.4532374100719,-28.4172661870504,-33.4532374100719,-28.4172661870504,-32.7338129496403,-25.5395683453237,-32.0143884892086,-33.0935251798561,-34.1726618705036,-33.4532374100719,-33.4532374100719,-27.6978417266187,-32.3741007194245,-28.0575539568345,-31.6546762589928,-34.5323741007194,-33.4532374100719,-34.8920863309353,-31.6546762589928,-34.1726618705036,-33.0935251798561,-32.7338129496403,-28.4172661870504,-29.4964028776978,-28.7769784172662,-29.4964028776978,-31.294964028777,-32.7338129496403,-34.1726618705036,-34.5323741007194,-33.4532374100719,-29.4964028776978,-27.6978417266187,-28.4172661870504,-31.294964028777,-29.8561151079137,-28.4172661870504,-29.4964028776978,-28.4172661870504,-32.7338129496403,-34.1726618705036,-34.5323741007194,-26.978417266187,-33.8129496402878,-29.4964028776978,-32.3741007194245,-29.4964028776978,-29.4964028776978,-31.6546762589928,-31.294964028777,-28.4172661870504,-28.7769784172662,-30.5755395683453,-32.7338129496403,-31.6546762589928,-32.3741007194245,-31.294964028777,-32.3741007194245,-29.136690647482,-32.3741007194245,-29.8561151079137,-35.2517985611511,-33.8129496402878,-31.294964028777,-28.7769784172662,-25.5395683453237,-33.0935251798561,-31.294964028777,-32.7338129496403,-33.4532374100719,-28.0575539568345,-28.7769784172662,-30.2158273381295,-29.136690647482,-34.8920863309353,-29.136690647482,-27.3381294964029,-30.2158273381295,-28.0575539568345,-30.9352517985611,-33.4532374100719,-33.8129496402878,-29.136690647482,-29.4964028776978,-28.7769784172662,-33.4532374100719,-32.3741007194245,-32.3741007194245,-25.5395683453237,-29.8561151079137,-32.3741007194245,-33.0935251798561,-31.294964028777,-30.2158273381295,-32.7338129496403,-29.8561151079137,-26.978417266187,-29.136690647482,-32.3741007194245,-32.3741007194245,-28.0575539568345,-33.0935251798561,-32.7338129496403,-30.5755395683453,-26.2589928057554,-29.136690647482,-33.8129496402878,-32.3741007194245,-29.136690647482,-33.0935251798561,-31.6546762589928,-26.978417266187,-29.4964028776978,-32.3741007194245,-32.3741007194245,-34.5323741007194,-33.0935251798561,-29.136690647482,-30.2158273381295,-27.6978417266187,-26.978417266187,-29.136690647482,-32.3741007194245,-32.3741007194245,-33.0935251798561,-32.7338129496403,-32.0143884892086,-33.4532374100719,-27.6978417266187,-31.294964028777,-32.7338129496403,-32.7338129496403,-30.2158273381295,-29.4964028776978,-30.2158273381295,-35.2517985611511,-28.0575539568345,-32.7338129496403,-30.2158273381295,-28.7769784172662,-28.7769784172662,-29.8561151079137,-31.6546762589928,-26.6187050359712,-34.8920863309353,-28.7769784172662,-27.6978417266187,-33.4532374100719,-29.136690647482,-31.294964028777,-30.9352517985611,-28.4172661870504,-28.4172661870504,-28.7769784172662,-27.3381294964029,-26.978417266187,-32.3741007194245,-29.136690647482,-34.1726618705036,-30.5755395683453,-27.3381294964029,-28.7769784172662
13,-38.1395348837209,-38.6046511627907,-33.4883720930233,-30.6976744186046,-29.3023255813954,0,0,0,0,0,0,0,0,0,-31.1627906976744,-29.3023255813954,-35.8139534883721,-32.5581395348837,-30.6976744186046,-37.2093023255814,-31.1627906976744,-37.6744186046512,-27.4418604651163,-33.0232558139535,-36.7441860465116,-31.1627906976744,-39.0697674418605,-38.1395348837209,-35.8139534883721,-32.093023255814,-32.5581395348837,-37.2093023255814,-27.4418604651163,-29.7674418604651,-36.2790697674419,-35.3488372093023,-31.6279069767442,-31.1627906976744,-36.2790697674419,-28.3720930232558,-34.4186046511628,-34.8837209302326,-35.8139534883721,-38.6046511627907,-35.8139534883721,-39.0697674418605,-30.2325581395349,-33.0232558139535,-34.8837209302326,-35.3488372093023,-33.953488372093,-38.1395348837209,-38.6046511627907,-32.5581395348837,-28.8372093023256,-35.8139534883721,-29.7674418604651,-33.953488372093,-36.7441860465116,-32.093023255814,-29.3023255813954,-32.5581395348837,-36.7441860465116,-28.8372093023256,-35.3488372093023,-36.2790697674419,-37.6744186046512,-33.4883720930233,-31.6279069767442,-32.5581395348837,-38.6046511627907,-35.3488372093023,-36.2790697674419,-33.0232558139535,-29.7674418604651,-31.6279069767442,-36.7441860465116,-35.3488372093023,-29.7674418604651,-36.7441860465116,-31.6279069767442,-35.8139534883721,-34.4186046511628,-31.1627906976744,-36.7441860465116,-33.4883720930233,-37.6744186046512,-28.3720930232558,-36.2790697674419,-36.7441860465116,-38.6046511627907,-38.1395348837209,-35.8139534883721,-31.6279069767442,-36.7441860465116,-33.4883720930233,-38.1395348837209,-38.6046511627907,-39.5348837209302,-40.9302325581395,-37.6744186046512,-36.2790697674419,-36.7441860465116,-35.3488372093023,-33.4883720930233,-31.6279069767442,-33.0232558139535,-32.5581395348837,-37.6744186046512,-37.6744186046512,-37.2093023255814,-40,-35.8139534883721,-31.6279069767442,-29.3023255813954,-30.6976744186046,-36.7441860465116,-35.3488372093023,-30.6976744186046,-33.953488372093,-33.4883720930233,-39.5348837209302,-34.8837209302326,-38.1395348837209,-33.0232558139535,-39.0697674418605,-30.6976744186046,-35.3488372093023,-34.4186046511628,-32.5581395348837,-34.4186046511628,-31.1627906976744,-30.6976744186046,-33.4883720930233,-33.953488372093,-36.7441860465116,-38.1395348837209,-38.6046511627907,-37.2093023255814,-34.4186046511628,-33.4883720930233,-36.7441860465116,-32.5581395348837,-40.4651162790698,-40.9302325581395,-35.8139534883721,-32.5581395348837,-31.1627906976744,-39.5348837209302,-33.953488372093,-35.8139534883721,-37.6744186046512,-33.0232558139535,-31.6279069767442,-31.6279069767442,-34.8837209302326,-37.2093023255814,-33.0232558139535,-31.6279069767442,-35.3488372093023,-33.0232558139535,-34.4186046511628,-36.7441860465116,-40.4651162790698,-33.0232558139535,-34.8837209302326,-35.3488372093023,-34.8837209302326,-37.6744186046512,-38.1395348837209,-29.3023255813954,-34.4186046511628,-38.1395348837209,-40,-34.4186046511628,-32.093023255814,-38.1395348837209,-30.6976744186046,-27.9069767441861,-30.6976744186046,-38.6046511627907,-39.5348837209302,-30.6976744186046,-39.5348837209302,-40.4651162790698,-35.8139534883721,-30.2325581395349,-29.3023255813954,-35.8139534883721,-40.4651162790698,-27.9069767441861,-38.6046511627907,-35.3488372093023,-29.3023255813954,-32.5581395348837,-36.7441860465116,-38.1395348837209,-38.6046511627907,-37.6744186046512,-30.2325581395349,-35.3488372093023,-29.7674418604651,-26.9767441860465,-32.093023255814,-34.4186046511628,-39.0697674418605,-34.8837209302326,-33.4883720930233,-37.6744186046512,-38.6046511627907,-31.6279069767442,-37.2093023255814,-37.6744186046512,-35.8139534883721,-34.8837209302326,-33.4883720930233,-35.3488372093023,-40,-30.6976744186046,-35.3488372093023,-32.5581395348837,-33.0232558139535,-32.5581395348837,-30.2325581395349,-35.8139534883721,-30.6976744186046,-38.6046511627907,-28.8372093023256,-33.0232558139535,-36.7441860465116,-30.6976744186046,-35.8139534883721,-32.093023255814,-30.2325581395349,-34.4186046511628,-32.093023255814,-26.9767441860465,-29.7674418604651,-38.1395348837209,-31.6279069767442,-37.2093023255814,-32.5581395348837,-33.4883720930233,-31.1627906976744
14,-30.8724832214765,-30.5369127516778,-27.1812080536913,-26.510067114094,-21.8120805369127,0,0,0,0,0,0,0,0,0,-25.8389261744966,-23.489932885906,-29.1946308724832,-24.8322147651007,-25.1677852348993,-28.1879194630873,-27.1812080536913,-27.8523489932886,-25.1677852348993,-25.503355704698,-28.8590604026846,-25.1677852348993,-31.2080536912752,-31.2080536912752,-29.1946308724832,-25.1677852348993,-26.8456375838926,-29.1946308724832,-22.4832214765101,-22.4832214765101,-29.1946308724832,-27.1812080536913,-25.503355704698,-25.1677852348993,-28.1879194630873,-24.1610738255034,-25.503355704698,-27.1812080536913,-28.5234899328859,-29.8657718120805,-29.5302013422819,-29.8657718120805,-23.1543624161074,-28.1879194630873,-27.1812080536913,-26.8456375838926,-27.1812080536913,-29.5302013422819,-29.8657718120805,-26.510067114094,-22.4832214765101,-28.1879194630873,-25.8389261744966,-29.1946308724832,-28.1879194630873,-25.8389261744966,-25.8389261744966,-28.8590604026846,-30.2013422818792,-24.8322147651007,-27.5167785234899,-27.5167785234899,-28.8590604026846,-27.8523489932886,-25.503355704698,-25.1677852348993,-29.5302013422819,-27.1812080536913,-30.2013422818792,-26.1744966442953,-25.1677852348993,-25.8389261744966,-27.8523489932886,-29.5302013422819,-24.8322147651007,-29.8657718120805,-24.8322147651007,-28.5234899328859,-29.8657718120805,-26.510067114094,-30.2013422818792,-25.503355704698,-31.2080536912752,-25.8389261744966,-29.8657718120805,-30.2013422818792,-29.8657718120805,-29.8657718120805,-29.1946308724832,-25.1677852348993,-29.1946308724832,-25.8389261744966,-28.5234899328859,-31.5436241610738,-30.8724832214765,-31.2080536912752,-29.5302013422819,-30.2013422818792,-30.2013422818792,-29.1946308724832,-26.1744966442953,-27.8523489932886,-25.8389261744966,-24.496644295302,-28.5234899328859,-29.5302013422819,-28.8590604026846,-30.5369127516778,-28.5234899328859,-25.8389261744966,-24.8322147651007,-25.8389261744966,-27.5167785234899,-28.5234899328859,-26.1744966442953,-26.1744966442953,-26.510067114094,-29.1946308724832,-29.1946308724832,-31.8791946308725,-25.8389261744966,-31.5436241610738,-26.510067114094,-29.1946308724832,-26.1744966442953,-27.5167785234899,-28.1879194630873,-27.8523489932886,-26.510067114094,-26.510067114094,-25.503355704698,-30.2013422818792,-29.8657718120805,-30.2013422818792,-28.5234899328859,-26.510067114094,-25.8389261744966,-26.8456375838926,-26.1744966442953,-32.8859060402685,-31.2080536912752,-28.8590604026846,-25.1677852348993,-23.8255033557047,-30.5369127516778,-27.5167785234899,-29.8657718120805,-28.5234899328859,-27.5167785234899,-28.5234899328859,-25.8389261744966,-25.8389261744966,-29.1946308724832,-24.496644295302,-25.1677852348993,-27.5167785234899,-25.503355704698,-29.5302013422819,-29.8657718120805,-30.5369127516778,-26.1744966442953,-27.1812080536913,-25.503355704698,-28.8590604026846,-29.1946308724832,-29.1946308724832,-24.496644295302,-27.5167785234899,-27.8523489932886,-30.2013422818792,-28.1879194630873,-25.8389261744966,-30.5369127516778,-25.503355704698,-23.8255033557047,-24.8322147651007,-28.5234899328859,-31.5436241610738,-25.503355704698,-28.8590604026846,-30.5369127516778,-26.1744966442953,-24.8322147651007,-25.1677852348993,-29.5302013422819,-30.2013422818792,-25.1677852348993,-28.8590604026846,-28.8590604026846,-22.1476510067114,-27.8523489932886,-30.8724832214765,-28.8590604026846,-32.8859060402685,-30.8724832214765,-25.503355704698,-27.1812080536913,-24.8322147651007,-24.8322147651007,-25.8389261744966,-29.5302013422819,-29.1946308724832,-28.1879194630873,-28.8590604026846,-31.5436241610738,-29.5302013422819,-24.1610738255034,-31.5436241610738,-29.8657718120805,-29.1946308724832,-28.5234899328859,-25.503355704698,-28.1879194630873,-30.2013422818792,-24.1610738255034,-29.8657718120805,-26.1744966442953,-27.1812080536913,-24.496644295302,-24.8322147651007,-30.2013422818792,-24.8322147651007,-29.5302013422819,-24.496644295302,-25.8389261744966,-27.5167785234899,-24.8322147651007,-27.8523489932886,-26.510067114094,-24.496644295302,-27.1812080536913,-25.8389261744966,-22.1476510067114,-24.496644295302,-30.8724832214765,-26.510067114094,-28.1879194630873,-27.5167785234899,-23.8255033557047,-26.1744966442953
15,-35.0931677018634,-36.0248447204969,-36.0248447204969,-32.6086956521739,-32.6086956521739,0,0,0,0,0,0,0,0,0,-33.5403726708075,-32.6086956521739,-32.2981366459627,-35.7142857142857,-36.0248447204969,-31.6770186335404,-36.9565217391304,-32.9192546583851,-35.4037267080745,-34.7826086956522,-34.7826086956522,-33.2298136645963,-36.6459627329193,-33.8509316770186,-34.7826086956522,-32.2981366459627,-33.8509316770186,-34.7826086956522,-28.2608695652174,-29.8136645962733,-34.1614906832298,-34.472049689441,-33.2298136645963,-32.2981366459627,-34.7826086956522,-32.6086956521739,-32.2981366459627,-31.6770186335404,-33.8509316770186,-35.4037267080745,-34.1614906832298,-32.6086956521739,-30.1242236024845,-34.7826086956522,-32.2981366459627,-36.0248447204969,-30.1242236024845,-31.6770186335404,-36.0248447204969,-31.9875776397516,-33.5403726708075,-33.5403726708075,-33.5403726708075,-33.5403726708075,-30.7453416149068,-33.2298136645963,-36.6459627329193,-32.6086956521739,-33.8509316770186,-31.9875776397516,-35.4037267080745,-31.055900621118,-33.2298136645963,-34.7826086956522,-34.1614906832298,-35.7142857142857,-32.9192546583851,-33.2298136645963,-32.6086956521739,-31.3664596273292,-31.9875776397516,-32.6086956521739,-35.0931677018634,-36.6459627329193,-35.0931677018634,-32.6086956521739,-31.055900621118,-38.8198757763975,-35.7142857142857,-35.4037267080745,-32.9192546583851,-34.7826086956522,-38.1987577639752,-35.4037267080745,-34.472049689441,-35.0931677018634,-34.7826086956522,-33.5403726708075,-32.6086956521739,-34.1614906832298,-32.6086956521739,-35.4037267080745,-31.9875776397516,-37.2670807453416,-37.5776397515528,-37.888198757764,-31.9875776397516,-32.2981366459627,-33.2298136645963,-34.1614906832298,-35.7142857142857,-36.6459627329193,-32.9192546583851,-33.2298136645963,-34.1614906832298,-33.2298136645963,-34.1614906832298,-35.4037267080745,-33.5403726708075,-35.0931677018634,-34.7826086956522,-32.9192546583851,-31.055900621118,-35.0931677018634,-32.9192546583851,-33.8509316770186,-34.7826086956522,-35.0931677018634,-32.9192546583851,-34.472049689441,-33.5403726708075,-37.888198757764,-33.8509316770186,-32.6086956521739,-32.2981366459627,-36.6459627329193,-35.7142857142857,-33.2298136645963,-32.6086956521739,-36.6459627329193,-35.7142857142857,-33.8509316770186,-33.8509316770186,-32.9192546583851,-34.7826086956522,-32.6086956521739,-34.472049689441,-33.5403726708075,-29.8136645962733,-36.0248447204969,-35.4037267080745,-36.9565217391304,-34.7826086956522,-30.4347826086957,-32.6086956521739,-32.6086956521739,-33.5403726708075,-34.472049689441,-32.9192546583851,-33.5403726708075,-35.0931677018634,-30.1242236024845,-35.4037267080745,-35.0931677018634,-32.9192546583851,-36.0248447204969,-31.9875776397516,-33.5403726708075,-31.9875776397516,-34.472049689441,-32.9192546583851,-33.5403726708075,-37.5776397515528,-35.4037267080745,-34.7826086956522,-35.7142857142857,-35.7142857142857,-33.8509316770186,-31.6770186335404,-35.7142857142857,-36.6459627329193,-36.9565217391304,-35.7142857142857,-32.9192546583851,-33.5403726708075,-34.1614906832298,-35.0931677018634,-38.5093167701863,-35.7142857142857,-31.9875776397516,-36.9565217391304,-33.8509316770186,-31.6770186335404,-32.6086956521739,-35.4037267080745,-32.9192546583851,-31.9875776397516,-32.9192546583851,-33.5403726708075,-31.6770186335404,-37.5776397515528,-33.8509316770186,-31.9875776397516,-34.1614906832298,-36.3354037267081,-36.6459627329193,-32.6086956521739,-31.6770186335404,-34.7826086956522,-33.5403726708075,-36.6459627329193,-32.9192546583851,-31.6770186335404,-35.0931677018634,-36.9565217391304,-36.9565217391304,-30.7453416149068,-36.9565217391304,-36.3354037267081,-34.7826086956522,-33.5403726708075,-35.0931677018634,-30.4347826086957,-36.9565217391304,-35.4037267080745,-36.9565217391304,-32.9192546583851,-36.0248447204969,-33.8509316770186,-31.9875776397516,-34.1614906832298,-34.1614906832298,-33.5403726708075,-32.9192546583851,-32.6086956521739,-29.5031055900621,-34.1614906832298,-33.5403726708075,-29.8136645962733,-33.5403726708075,-36.9565217391304,-33.8509316770186,-31.3664596273292,-33.8509316770186,-36.3354037267081,-31.6770186335404,-31.6770186335404,-33.8509316770186,-33.8509316770186,-35.4037267080745
16,-35.8108108108108,-36.4864864864865,-37.1621621621622,-35.8108108108108,-34.7972972972973,0,0,0,0,0,0,0,0,0,-33.1081081081081,-34.1216216216216,-34.1216216216216,-37.1621621621622,-35.1351351351351,-32.7702702702703,-36.4864864864865,-34.7972972972973,-36.1486486486487,-35.8108108108108,-34.7972972972973,-32.7702702702703,-37.5,-33.7837837837838,-35.8108108108108,-34.7972972972973,-35.8108108108108,-37.1621621621622,-32.4324324324324,-32.7702702702703,-38.1756756756757,-34.7972972972973,-33.1081081081081,-31.7567567567568,-34.7972972972973,-32.7702702702703,-33.4459459459459,-34.4594594594595,-35.8108108108108,-37.1621621621622,-34.4594594594595,-33.7837837837838,-30.7432432432432,-34.4594594594595,-32.7702702702703,-36.4864864864865,-31.0810810810811,-33.4459459459459,-37.5,-32.4324324324324,-33.7837837837838,-34.4594594594595,-34.1216216216216,-36.4864864864865,-30.4054054054054,-35.1351351351351,-35.1351351351351,-35.8108108108108,-35.472972972973,-31.4189189189189,-35.8108108108108,-33.1081081081081,-32.0945945945946,-37.1621621621622,-34.1216216216216,-36.4864864864865,-33.7837837837838,-35.8108108108108,-33.7837837837838,-32.7702702702703,-33.1081081081081,-34.4594594594595,-34.7972972972973,-36.4864864864865,-35.472972972973,-35.8108108108108,-33.4459459459459,-37.8378378378378,-36.4864864864865,-37.5,-35.1351351351351,-36.1486486486487,-37.1621621621622,-36.4864864864865,-36.4864864864865,-34.4594594594595,-37.5,-33.7837837837838,-32.7702702702703,-35.8108108108108,-33.7837837837838,-37.5,-33.4459459459459,-37.8378378378378,-38.8513513513513,-37.5,-35.8108108108108,-33.1081081081081,-34.1216216216216,-33.1081081081081,-35.472972972973,-36.8243243243243,-34.1216216216216,-34.7972972972973,-35.8108108108108,-34.7972972972973,-34.1216216216216,-35.1351351351351,-34.4594594594595,-34.7972972972973,-34.7972972972973,-32.7702702702703,-33.4459459459459,-38.1756756756757,-33.4459459459459,-34.7972972972973,-34.1216216216216,-36.4864864864865,-33.7837837837838,-33.7837837837838,-33.1081081081081,-38.8513513513513,-34.1216216216216,-33.7837837837838,-33.7837837837838,-35.8108108108108,-35.472972972973,-36.1486486486487,-34.7972972972973,-36.1486486486487,-36.4864864864865,-33.1081081081081,-34.4594594594595,-35.1351351351351,-34.7972972972973,-33.7837837837838,-36.4864864864865,-34.4594594594595,-32.7702702702703,-36.4864864864865,-37.5,-37.5,-35.1351351351351,-34.1216216216216,-32.7702702702703,-35.8108108108108,-33.4459459459459,-36.4864864864865,-35.472972972973,-34.4594594594595,-34.4594594594595,-34.4594594594595,-36.8243243243243,-36.1486486486487,-32.7702702702703,-37.5,-31.7567567567568,-32.7702702702703,-32.7702702702703,-34.4594594594595,-33.4459459459459,-36.4864864864865,-37.5,-36.1486486486487,-35.8108108108108,-38.1756756756757,-36.1486486486487,-34.4594594594595,-34.1216216216216,-35.1351351351351,-37.5,-36.4864864864865,-36.1486486486487,-33.1081081081081,-34.7972972972973,-34.7972972972973,-36.8243243243243,-39.8648648648649,-35.472972972973,-33.7837837837838,-38.1756756756757,-35.1351351351351,-33.1081081081081,-32.7702702702703,-37.1621621621622,-34.7972972972973,-32.7702702702703,-34.7972972972973,-33.1081081081081,-34.1216216216216,-38.5135135135135,-34.4594594594595,-32.0945945945946,-35.1351351351351,-37.8378378378378,-37.5,-33.7837837837838,-31.7567567567568,-36.1486486486487,-35.472972972973,-37.1621621621622,-33.4459459459459,-32.4324324324324,-37.5,-37.8378378378378,-37.1621621621622,-33.4459459459459,-38.5135135135135,-37.8378378378378,-37.1621621621622,-34.7972972972973,-36.1486486486487,-32.4324324324324,-37.8378378378378,-34.4594594594595,-38.1756756756757,-33.7837837837838,-36.1486486486487,-35.1351351351351,-34.4594594594595,-34.4594594594595,-36.1486486486487,-34.7972972972973,-34.4594594594595,-35.1351351351351,-32.0945945945946,-37.5,-35.8108108108108,-32.4324324324324,-34.1216216216216,-38.1756756756757,-32.7702702702703,-34.1216216216216,-35.1351351351351,-36.4864864864865,-33.4459459459459,-32.4324324324324,-34.4594594594595,-37.1621621621622,-36.8243243243243
17,-51.7241379310345,-53.448275862069,-55.4187192118227,-50.7389162561576,-54.4334975369458,0,0,0,0,0,0,0,0,0,-52.2167487684729,-53.2019704433498,-51.7241379310345,-56.1576354679803,-52.9556650246305,-51.7241379310345,-55.4187192118227,-52.4630541871921,-55.4187192118227,-54.4334975369458,-54.4334975369458,-47.0443349753695,-52.2167487684729,-52.2167487684729,-51.9704433497537,-50.9852216748768,-55.1724137931034,-52.4630541871921,-48.0295566502463,-50,-54.1871921182266,-52.7093596059113,-52.2167487684729,-48.0295566502463,-51.4778325123153,-51.7241379310345,-54.1871921182266,-50,-51.7241379310345,-52.9556650246305,-52.9556650246305,-50.9852216748768,-49.5073891625616,-50.4926108374384,-49.2610837438424,-53.6945812807882,-50.9852216748768,-49.5073891625616,-55.4187192118227,-53.2019704433498,-51.2315270935961,-53.2019704433498,-51.4778325123153,-54.4334975369458,-48.7684729064039,-51.9704433497537,-55.4187192118227,-50.4926108374384,-52.7093596059113,-48.5221674876847,-52.9556650246305,-50.2463054187192,-49.2610837438424,-56.1576354679803,-50,-54.1871921182266,-51.9704433497537,-54.679802955665,-51.7241379310345,-49.2610837438424,-51.4778325123153,-53.6945812807882,-48.7684729064039,-50.7389162561576,-51.9704433497537,-53.2019704433498,-48.2758620689655,-56.1576354679803,-49.5073891625616,-55.9113300492611,-53.2019704433498,-50,-52.2167487684729,-52.7093596059113,-54.9261083743842,-50.4926108374384,-53.9408866995074,-48.5221674876847,-53.2019704433498,-52.2167487684729,-53.9408866995074,-52.7093596059113,-51.2315270935961,-51.9704433497537,-52.9556650246305,-52.4630541871921,-55.4187192118227,-54.679802955665,-51.4778325123153,-50,-48.2758620689655,-54.1871921182266,-52.9556650246305,-53.6945812807882,-51.9704433497537,-51.2315270935961,-53.6945812807882,-53.6945812807882,-49.5073891625616,-52.7093596059113,-50.9852216748768,-49.0147783251232,-49.5073891625616,-52.4630541871921,-52.9556650246305,-55.9113300492611,-53.2019704433498,-56.4039408866995,-49.5073891625616,-52.2167487684729,-50.4926108374384,-56.8965517241379,-51.9704433497537,-52.9556650246305,-55.1724137931034,-53.2019704433498,-50.7389162561576,-54.679802955665,-52.7093596059113,-50.7389162561576,-52.9556650246305,-52.2167487684729,-50,-53.6945812807882,-52.2167487684729,-51.4778325123153,-52.7093596059113,-53.2019704433498,-49.2610837438424,-51.7241379310345,-55.1724137931034,-55.4187192118227,-53.2019704433498,-51.4778325123153,-51.9704433497537,-55.1724137931034,-52.2167487684729,-53.6945812807882,-53.9408866995074,-53.2019704433498,-54.4334975369458,-51.2315270935961,-52.9556650246305,-52.2167487684729,-50.9852216748768,-52.2167487684729,-50,-50.4926108374384,-50.7389162561576,-49.2610837438424,-49.5073891625616,-51.2315270935961,-56.4039408866995,-54.9261083743842,-54.1871921182266,-54.679802955665,-51.9704433497537,-54.1871921182266,-51.2315270935961,-51.2315270935961,-56.1576354679803,-51.4778325123153,-56.4039408866995,-51.9704433497537,-52.9556650246305,-49.2610837438424,-55.1724137931034,-57.8817733990148,-53.6945812807882,-51.9704433497537,-51.4778325123153,-53.9408866995074,-51.7241379310345,-52.7093596059113,-55.4187192118227,-53.2019704433498,-53.6945812807882,-53.6945812807882,-49.5073891625616,-54.1871921182266,-52.2167487684729,-50.2463054187192,-48.5221674876847,-51.7241379310345,-54.9261083743842,-54.1871921182266,-52.7093596059113,-50,-54.9261083743842,-53.2019704433498,-49.7536945812808,-53.2019704433498,-52.7093596059113,-54.4334975369458,-54.679802955665,-55.1724137931034,-47.7832512315271,-52.2167487684729,-51.7241379310345,-52.2167487684729,-54.9261083743842,-52.2167487684729,-51.2315270935961,-53.448275862069,-53.9408866995074,-55.1724137931034,-48.7684729064039,-51.2315270935961,-52.4630541871921,-51.7241379310345,-50.4926108374384,-50.9852216748768,-50.7389162561576,-55.6650246305419,-52.9556650246305,-51.2315270935961,-57.1428571428571,-55.1724137931034,-49.2610837438424,-51.4778325123153,-56.1576354679803,-50.2463054187192,-54.9261083743842,-52.7093596059113,-55.4187192118227,-50.7389162561576,-55.1724137931034,-50.7389162561576,-54.679802955665,-52.9556650246305
18,-43.75,-50,-51.8518518518519,-50.6944444444444,-50.9259259259259,0,0,0,0,0,0,0,0,0,-52.0833333333333,-47.9166666666667,-50.9259259259259,-52.3148148148148,-50.6944444444444,-49.537037037037,-52.0833333333333,-50.6944444444444,-53.2407407407407,-52.7777777777778,-50.462962962963,-47.2222222222222,-50.6944444444444,-49.0740740740741,-46.0648148148148,-44.4444444444444,-51.1574074074074,-46.2962962962963,-49.3055555555556,-49.0740740740741,-51.3888888888889,-50.6944444444444,-50,-48.1481481481482,-49.537037037037,-51.1574074074074,-48.8425925925926,-43.9814814814815,-48.8425925925926,-50.9259259259259,-51.3888888888889,-48.8425925925926,-49.7685185185185,-46.0648148148148,-43.287037037037,-48.3796296296296,-46.9907407407407,-42.5925925925926,-49.3055555555556,-49.3055555555556,-50.2314814814815,-53.7037037037037,-53.7037037037037,-48.1481481481482,-51.3888888888889,-52.0833333333333,-50.462962962963,-47.9166666666667,-46.7592592592593,-47.9166666666667,-47.2222222222222,-51.8518518518519,-47.2222222222222,-49.7685185185185,-44.9074074074074,-53.0092592592593,-48.1481481481482,-54.8611111111111,-47.4537037037037,-46.5277777777778,-51.1574074074074,-49.0740740740741,-48.8425925925926,-50.9259259259259,-48.3796296296296,-54.1666666666667,-46.2962962962963,-51.6203703703704,-46.5277777777778,-48.3796296296296,-48.8425925925926,-43.287037037037,-51.1574074074074,-46.7592592592593,-49.7685185185185,-50.2314814814815,-49.537037037037,-46.9907407407407,-50.9259259259259,-47.6851851851852,-48.8425925925926,-49.7685185185185,-49.0740740740741,-45.8333333333333,-49.537037037037,-50.9259259259259,-53.2407407407407,-51.1574074074074,-49.3055555555556,-46.7592592592593,-44.212962962963,-48.8425925925926,-49.537037037037,-51.6203703703704,-49.7685185185185,-47.2222222222222,-51.8518518518519,-47.6851851851852,-44.9074074074074,-46.7592592592593,-43.75,-50,-48.8425925925926,-46.5277777777778,-48.3796296296296,-48.6111111111111,-53.2407407407407,-47.6851851851852,-47.4537037037037,-49.7685185185185,-47.2222222222222,-47.6851851851852,-47.2222222222222,-50.9259259259259,-54.8611111111111,-47.6851851851852,-43.5185185185185,-52.3148148148148,-50.6944444444444,-46.9907407407407,-44.6759259259259,-45.8333333333333,-47.6851851851852,-48.6111111111111,-51.1574074074074,-50.6944444444444,-47.6851851851852,-48.6111111111111,-46.5277777777778,-48.6111111111111,-53.7037037037037,-56.0185185185185,-46.2962962962963,-51.6203703703704,-52.5462962962963,-52.0833333333333,-47.6851851851852,-49.0740740740741,-50.2314814814815,-47.9166666666667,-50.462962962963,-50,-47.4537037037037,-49.0740740740741,-46.9907407407407,-44.4444444444444,-49.537037037037,-51.3888888888889,-47.6851851851852,-42.5925925925926,-51.1574074074074,-46.9907407407407,-53.0092592592593,-51.3888888888889,-52.3148148148148,-53.0092592592593,-48.8425925925926,-51.8518518518519,-47.9166666666667,-50.2314814814815,-53.0092592592593,-47.9166666666667,-55.5555555555556,-52.7777777777778,-52.3148148148148,-46.7592592592593,-50.462962962963,-49.537037037037,-51.6203703703704,-50.9259259259259,-46.7592592592593,-51.6203703703704,-47.4537037037037,-50.9259259259259,-46.5277777777778,-49.0740740740741,-49.537037037037,-54.6296296296296,-42.8240740740741,-47.4537037037037,-49.537037037037,-50.9259259259259,-47.4537037037037,-48.6111111111111,-51.1574074074074,-53.9351851851852,-53.0092592592593,-45.3703703703704,-52.0833333333333,-47.2222222222222,-43.75,-50,-53.0092592592593,-47.6851851851852,-51.6203703703704,-51.6203703703704,-44.6759259259259,-46.2962962962963,-45.6018518518518,-50.462962962963,-46.7592592592593,-44.4444444444444,-47.9166666666667,-47.4537037037037,-53.7037037037037,-51.3888888888889,-50.9259259259259,-49.7685185185185,-45.1388888888889,-50.462962962963,-48.6111111111111,-50.2314814814815,-50.2314814814815,-49.0740740740741,-51.3888888888889,-46.9907407407407,-50.9259259259259,-50.2314814814815,-46.5277777777778,-46.9907407407407,-49.0740740740741,-48.6111111111111,-50.2314814814815,-52.7777777777778,-51.8518518518519,-45.8333333333333,-49.3055555555556,-47.2222222222222,-53.0092592592593,-52.5462962962963
19,-30.241935483871,-31.0483870967742,-29.6370967741936,-26.8145161290323,-32.4596774193548,0,0,0,0,0,0,0,0,0,-32.0564516129032,-31.4516129032258,-31.0483870967742,-33.0645161290323,-35.4838709677419,-33.8709677419355,-32.0564516129032,-32.0564516129032,-28.4274193548387,-33.0645161290323,-34.4758064516129,-27.2177419354839,-29.6370967741936,-28.8306451612903,-26.008064516129,-32.0564516129032,-35.6854838709677,-28.4274193548387,-32.6612903225806,-35.0806451612903,-31.6532258064516,-28.4274193548387,-35.4838709677419,-34.0725806451613,-30.6451612903226,-36.0887096774194,-36.0887096774194,-27.4193548387097,-26.2096774193548,-26.6129032258064,-33.0645161290323,-31.8548387096774,-27.6209677419355,-29.2338709677419,-29.2338709677419,-29.8387096774194,-33.4677419354839,-28.4274193548387,-36.0887096774194,-34.4758064516129,-30.6451612903226,-30.6451612903226,-31.4516129032258,-31.0483870967742,-27.2177419354839,-34.4758064516129,-29.6370967741936,-30.6451612903226,-33.0645161290323,-32.6612903225806,-32.4596774193548,-28.6290322580645,-27.4193548387097,-29.6370967741936,-27.0161290322581,-32.258064516129,-34.0725806451613,-35.2822580645161,-28.6290322580645,-35.2822580645161,-29.6370967741936,-32.258064516129,-30.6451612903226,-28.2258064516129,-33.0645161290323,-30.6451612903226,-32.4596774193548,-37.5,-32.258064516129,-30.4435483870968,-30.0403225806452,-25.8064516129032,-27.6209677419355,-31.0483870967742,-33.2661290322581,-28.4274193548387,-30.6451612903226,-27.6209677419355,-33.8709677419355,-31.0483870967742,-35.4838709677419,-28.4274193548387,-26.8145161290323,-31.6532258064516,-30.8467741935484,-31.8548387096774,-29.0322580645161,-31.6532258064516,-31.4516129032258,-30.241935483871,-23.991935483871,-32.0564516129032,-30.0403225806452,-28.6290322580645,-29.2338709677419,-27.6209677419355,-33.2661290322581,-32.8629032258064,-33.8709677419355,-30.241935483871,-31.0483870967742,-31.0483870967742,-30.241935483871,-30.6451612903226,-34.2741935483871,-37.5,-32.0564516129032,-36.2903225806452,-26.4112903225806,-29.8387096774194,-32.4596774193548,-28.8306451612903,-30.0403225806452,-34.6774193548387,-34.6774193548387,-27.0161290322581,-27.6209677419355,-31.4516129032258,-32.258064516129,-32.0564516129032,-28.2258064516129,-32.8629032258064,-31.6532258064516,-32.4596774193548,-32.0564516129032,-29.2338709677419,-33.4677419354839,-32.0564516129032,-26.4112903225806,-27.4193548387097,-33.2661290322581,-33.0645161290323,-27.4193548387097,-30.0403225806452,-31.0483870967742,-36.491935483871,-31.0483870967742,-30.4435483870968,-32.4596774193548,-32.8629032258064,-31.6532258064516,-28.2258064516129,-29.4354838709677,-34.8790322580645,-27.6209677419355,-31.6532258064516,-29.0322580645161,-32.8629032258064,-33.8709677419355,-34.2741935483871,-26.4112903225806,-28.4274193548387,-38.3064516129032,-36.6935483870968,-32.0564516129032,-35.0806451612903,-29.6370967741936,-33.2661290322581,-34.0725806451613,-26.008064516129,-31.25,-32.0564516129032,-35.8870967741936,-34.6774193548387,-32.8629032258064,-29.2338709677419,-28.2258064516129,-33.6693548387097,-36.0887096774194,-34.8790322580645,-30.6451612903226,-31.25,-25,-31.0483870967742,-35.0806451612903,-34.6774193548387,-31.0483870967742,-31.0483870967742,-29.4354838709677,-30.241935483871,-31.6532258064516,-30.4435483870968,-29.8387096774194,-33.0645161290323,-34.4758064516129,-34.6774193548387,-35.0806451612903,-29.2338709677419,-34.0725806451613,-31.8548387096774,-27.4193548387097,-30.0403225806452,-33.0645161290323,-30.0403225806452,-30.241935483871,-35.2822580645161,-29.8387096774194,-31.8548387096774,-27.4193548387097,-35.6854838709677,-26.8145161290323,-31.8548387096774,-27.8225806451613,-28.2258064516129,-31.0483870967742,-31.0483870967742,-29.2338709677419,-32.4596774193548,-29.2338709677419,-31.8548387096774,-26.4112903225806,-29.4354838709677,-28.2258064516129,-29.6370967741936,-33.2661290322581,-29.0322580645161,-32.258064516129,-33.6693548387097,-28.8306451612903,-28.2258064516129,-30.8467741935484,-24.3951612903226,-29.4354838709677,-37.0967741935484,-30.241935483871,-29.6370967741936,-32.4596774193548,-29.0322580645161,-34.4758064516129,-30.8467741935484
20,-16.4502164502164,-29.2517006802721,-23.8713667285096,-21.5213358070501,-25.3555967841682,0,0,0,0,0,0,0,0,0,-28.1385281385281,-25.2937538651824,-24.860853432282,-19.5423623995053,-28.5714285714286,-29.0661719233148,-27.9529993815708,-23.4384662956091,-20.9647495361781,-19.3568336425479,-28.9424860853432,-19.2949907235622,-16.2646876932591,-28.1385281385281,-24.2424242424242,-23.6239950525665,-30.674087816945,-23.6858379715523,-20.717377860235,-27.5819418676562,-22.387136672851,-26.0358688930117,-24.7371675943104,-26.6542980828695,-27.0253555967842,-23.6239950525665,-19.8515769944341,-30.4885590599876,-19.6660482374768,-17.0686456400742,-31.1069882498454,-22.7581941867656,-32.6530612244898,-29.4372294372294,-29.8082869511441,-28.7569573283859,-19.1094619666048,-23.0674087816945,-22.2016079158936,-27.6437847866419,-31.5398886827458,-22.0779220779221,-24.4897959183674,-29.560915275201,-28.8806431663575,-25.2937538651824,-25.8503401360544,-21.3976499690785,-17.3778602350031,-21.3358070500928,-23.747680890538,-35.6833642547928,-17.687074829932,-23.8095238095238,-19.4805194805195,-31.5398886827458,-26.2832405689549,-28.8188002473717,-26.3450834879406,-24.6753246753247,-33.0241187384045,-25.1082251082251,-25.417439703154,-26.1595547309833,-22.9437229437229,-26.0358688930117,-19.1094619666048,-19.6660482374768,-19.7278911564626,-20.0371057513915,-26.6542980828695,-21.273964131107,-26.7779839208411,-32.3438466295609,-29.8701298701299,-18.8620902906617,-24.6134817563389,-26.0977118119975,-26.2213976499691,-18.9239332096475,-25.9121830550402,-21.273964131107,-28.6332714904143,-23.0055658627087,-17.8726035868893,-33.704390847248,-15.7081014223871,-21.5831787260359,-26.9016697588126,-21.5213358070501,-20.9029066171923,-28.1385281385281,-28.447742733457,-17.3160173160173,-23.9950525664811,-25.4792826221398,-28.447742733457,-29.560915275201,-21.7068645640074,-23.6858379715523,-28.8188002473717,-23.2529375386518,-26.4687693259122,-25.5411255411255,-24.6134817563389,-25.8503401360544,-27.4582560296846,-19.9134199134199,-24.30426716141,-30.5504019789734,-22.1397649969079,-25.0463821892393,-28.2003710575139,-25.7884972170687,-33.5807050092764,-25.0463821892393,-23.747680890538,-23.0674087816945,-22.6345083487941,-24.6134817563389,-20.6555349412492,-26.0977118119975,-29.1280148423006,-32.7149041434756,-30.9214594928881,-29.2517006802721,-32.6530612244898,-27.334570191713,-29.9938157081014,-25.6029684601113,-31.5398886827458,-21.1502782931354,-24.9226963512678,-19.6660482374768,-22.6345083487941,-28.3240568954855,-28.3240568954855,-25.9121830550402,-28.447742733457,-21.3358070500928,-22.1397649969079,-22.3252937538652,-20.0989486703772,-29.2517006802721,-23.2529375386518,-25.2937538651824,-24.4897959183674,-22.2634508348794,-23.6239950525665,-23.4384662956091,-24.6134817563389,-20.6555349412492,-28.9424860853432,-25.974025974026,-28.8806431663575,-19.1094619666048,-18.4910327767471,-21.8923933209648,-25.417439703154,-21.2121212121212,-25.1082251082251,-28.6951144094001,-27.1490414347557,-19.4186765615337,-35.6833642547928,-24.9845392702536,-23.8713667285096,-19.9134199134199,-30.2411873840445,-34.6320346320346,-21.4594928880643,-27.9529993815708,-24.9226963512678,-21.7687074829932,-29.004329004329,-20.9029066171923,-28.6951144094001,-23.747680890538,-24.0568954854669,-29.6227581941868,-25.6029684601113,-29.1898577612863,-24.7990105132962,-22.8200371057514,-20.3463203463203,-22.0160791589363,-22.2634508348794,-23.3147804576376,-25.0463821892393,-25.5411255411255,-23.6858379715523,-28.0766852195424,-24.9226963512678,-32.9004329004329,-21.8923933209648,-13.9146567717996,-28.0148423005566,-25.417439703154,-25.8503401360544,-28.1385281385281,-23.1910946196661,-30.3648732220161,-25.6029684601113,-20.0989486703772,-20.6555349412492,-21.2121212121212,-19.047619047619,-24.860853432282,-18.6765615337044,-28.6951144094001,-27.5200989486704,-20.8410636982066,-24.6134817563389,-23.747680890538,-33.5188620902907,-30.7359307359307,-25.4792826221398,-26.6542980828695,-23.3147804576376,-23.3766233766234,-20.5318491032777,-23.8095238095238,-19.9752628324057,-33.2714904143476,-26.530612244898,-25.6648113790971,-24.860853432282,-25.1700680272109,-18.4910327767471,-21.2121212121212
