PeriodId,persist-spreading-8,persist-spreading-10,persist-spreading-11,persist-spreading-12,persist-spreading-13,persist-spreading-14,persist-spreading-15,persist-spreading-16,persist-spreading-17,persist-spreading-19,persist-spreading-27,persist-spreading-32,persist-spreading-36,persist-spreading-49,persist-spreading-58,persist-spreading-67,persist-spreading-104,persist-spreading-107,persist-spreading-110,persist-spreading-113,persist-spreading-116,persist-spreading-119,persist-spreading-122,persist-spreading-125,persist-spreading-128,persist-spreading-131,persist-spreading-134,persist-spreading-137,persist-spreading-140,persist-spreading-143,persist-spreading-146,persist-spreading-149,persist-spreading-152,persist-spreading-155,persist-spreading-158,persist-spreading-161,persist-spreading-164,persist-spreading-167,persist-spreading-170,persist-spreading-173,persist-spreading-176,persist-spreading-179,persist-spreading-182,persist-spreading-185,persist-spreading-188,persist-spreading-191,persist-spreading-194,persist-spreading-197,persist-spreading-200,persist-spreading-203,persist-spreading-206,persist-spreading-209,persist-spreading-212,persist-spreading-215,persist-spreading-218,persist-spreading-221,persist-spreading-224,persist-spreading-227,persist-spreading-230,persist-spreading-233,persist-spreading-236,persist-spreading-239,persist-spreading-242,persist-spreading-245,persist-spreading-248,persist-spreading-251,persist-spreading-254,persist-spreading-257,persist-spreading-260,persist-spreading-263,persist-spreading-266,persist-spreading-269,persist-spreading-272,persist-spreading-275,persist-spreading-278,persist-spreading-281,persist-spreading-284,persist-spreading-287,persist-spreading-290,persist-spreading-293,persist-spreading-296,persist-spreading-299,persist-spreading-302,persist-spreading-305,persist-spreading-308,persist-spreading-311,persist-spreading-314,persist-spreading-317,persist-spreading-320,persist-spreading-323,persist-spreading-326,persist-spreading-329,persist-spreading-332,persist-spreading-335,persist-spreading-338,persist-spreading-341,persist-spreading-344,persist-spreading-347,persist-spreading-350,persist-spreading-353,persist-spreading-356,persist-spreading-359,persist-spreading-362,persist-spreading-365,persist-spreading-368,persist-spreading-371,persist-spreading-374,persist-spreading-377,persist-spreading-380,persist-spreading-383,persist-spreading-386,persist-spreading-389,persist-spreading-392,persist-spreading-395,persist-spreading-398,persist-spreading-401,persist-spreading-404,persist-spreading-407,persist-spreading-410,persist-spreading-413,persist-spreading-416,persist-spreading-419,persist-spreading-422,persist-spreading-425,persist-spreading-428,persist-spreading-431,persist-spreading-434,persist-spreading-437,persist-spreading-440,persist-spreading-443,persist-spreading-446,persist-spreading-449,persist-spreading-452,persist-spreading-455,persist-spreading-458,persist-spreading-461,persist-spreading-464,persist-spreading-467,persist-spreading-470,persist-spreading-473,persist-spreading-476,TurnoverRec-559,TurnoverRec-564,TurnoverRec-567,TurnoverRec-570,TurnoverRec-573,TurnoverRec-576,TurnoverRec-579,TurnoverRec-582,TurnoverRec-585,TurnoverRec-588,TurnoverRec-591,TurnoverRec-594,TurnoverRec-597,TurnoverRec-600,TurnoverRec-603,TurnoverRec-606,TurnoverRec-609,TurnoverRec-612,TurnoverRec-615,TurnoverRec-618,TurnoverRec-621,TurnoverRec-624,TurnoverRec-627,TurnoverRec-630,TurnoverRec-633,TurnoverRec-636,TurnoverRec-639,TurnoverRec-642,TurnoverRec-645,TurnoverRec-648,TurnoverRec-651,TurnoverRec-654,TurnoverRec-657,TurnoverRec-732,TurnoverRec-752,TurnoverRec-755,TurnoverRec-758,TurnoverRec-761,TurnoverRec-764,TurnoverRec-767,TurnoverRec-770,TurnoverRec-773,TurnoverRec-776,TurnoverRec-779,TurnoverRec-782,TurnoverRec-785,TurnoverRec-788,TurnoverRec-791,TurnoverRec-794,TurnoverRec-797,TurnoverRec-800,TurnoverRec-803,TurnoverRec-806,TurnoverRec-809,TurnoverRec-812,TurnoverRec-815,TurnoverRec-818,TurnoverRec-821,TurnoverRec-824,TurnoverRec-827,TurnoverRec-830,TurnoverRec-833,TurnoverRec-836,TurnoverRec-839,TurnoverRec-842,TurnoverRec-845,TurnoverRec-848,TurnoverRec-851,TurnoverRec-854,TurnoverRec-857,TurnoverRec-860,TurnoverRec-863,TurnoverRec-866,TurnoverRec-869,TurnoverRec-872,TurnoverRec-875,TurnoverRec-878,TurnoverRec-881,TurnoverRec-886,TurnoverRec-889,TurnoverRec-892,TurnoverRec-895,TurnoverRec-898,TurnoverRec-901,TurnoverRec-904,TurnoverRec-907,TurnoverRec-910,TurnoverRec-913,TurnoverRec-916,TurnoverRec-919,TurnoverRec-922,TurnoverRec-925,TurnoverRec-928,TurnoverRec-931,TurnoverRec-934,TurnoverRec-937,TurnoverRec-940,TurnoverRec-943,TurnoverRec-946,TurnoverRec-949,TurnoverRec-952,TurnoverRec-955,TurnoverRec-958,TurnoverRec-961,TurnoverRec-964,TurnoverRec-967,TurnoverRec-970,TurnoverRec-973,TurnoverRec-976,TurnoverRec-979,TurnoverRec-982,TurnoverRec-985,TurnoverRec-988,TurnoverRec-991
1,-24,-28,24,20,-24,36,36,-24,116,24,-24,-24,-40,44,44,80,68,44,28,84,40,68,40,68,72,44,80,40,44,72,32,40,40,32,40,72,80,28,44,84,84,44,72,80,80,28,28,72,44,40,44,80,68,80,84,68,40,84,72,68,80,28,44,28,84,32,40,72,72,32,32,80,80,80,44,80,32,68,68,28,40,44,44,68,68,80,80,84,28,28,44,28,32,32,40,40,40,28,68,32,84,40,32,40,80,84,32,68,40,84,68,32,80,68,84,28,40,28,28,72,80,68,44,32,32,28,28,84,40,40,44,84,80,40,68,32,32,32,84,40,28,80,32,32,44,40,80,28,68,40,44,72,44,32,68,40,84,68,72,44,44,80,68,68,68,40,68,44,72,72,72,80,28,80,44,80,40,72,32,72,28,40,40,32,80,72,40,44,44,84,40,84,80,72,28,44,68,32,80,32,32,32,80,40,68,84,28,80,44,68,28,80,44,32,28,80,68,80,28,44,44,80,72,44,68,44,72,32,80,84,68,72,84,72,44,68,32,84,40,44,68,32,44,40,80,44,32,84,44,40,32,68,28,40,80
2,-35.15625,-36.71875,-32.03125,-32.8125,-35.9375,-30.46875,-30.46875,-36.71875,-4.6875,-32.03125,-35.9375,-35.9375,-40.625,-35.9375,-34.375,-28.90625,-32.03125,-35.15625,-37.5,-30.46875,-35.15625,-31.25,-35.15625,-31.25,-30.46875,-34.375,-29.6875,-35.9375,-35.15625,-30.46875,-36.71875,-35.15625,-35.15625,-36.71875,-30.46875,-31.25,-30.46875,-37.5,-34.375,-29.6875,-29.6875,-28.90625,-30.46875,-30.46875,-28.90625,-37.5,-32.03125,-31.25,-35.15625,-35.15625,-34.375,-29.6875,-30.46875,-29.6875,-29.6875,-31.25,-35.15625,-28.90625,-31.25,-32.03125,-29.6875,-37.5,-35.15625,-37.5,-30.46875,-36.71875,-35.15625,-32.03125,-32.03125,-36.71875,-35.9375,-30.46875,-29.6875,-29.6875,-34.375,-30.46875,-35.9375,-31.25,-31.25,-37.5,-35.15625,-35.15625,-35.15625,-32.03125,-30.46875,-29.6875,-29.6875,-28.90625,-36.71875,-36.71875,-35.15625,-36.71875,-36.71875,-36.71875,-29.6875,-35.15625,-35.15625,-37.5,-31.25,-36.71875,-28.90625,-30.46875,-35.9375,-35.9375,-29.6875,-28.90625,-36.71875,-32.03125,-35.15625,-29.6875,-31.25,-35.9375,-28.90625,-31.25,-30.46875,-37.5,-35.9375,-36.71875,-37.5,-30.46875,-29.6875,-32.03125,-35.15625,-35.9375,-36.71875,-36.71875,-36.71875,-29.6875,-35.15625,-35.9375,-34.375,-29.6875,-29.6875,-35.15625,-31.25,-36.71875,-36.71875,-36.71875,-28.90625,-35.15625,-36.71875,-28.90625,-35.9375,-35.9375,-35.15625,-35.15625,-30.46875,-36.71875,-31.25,-35.15625,-35.15625,-31.25,-35.15625,-36.71875,-30.46875,-35.15625,-29.6875,-32.03125,-30.46875,-34.375,-35.15625,-29.6875,-31.25,-31.25,-30.46875,-35.9375,-31.25,-34.375,-30.46875,-32.03125,-31.25,-29.6875,-36.71875,-29.6875,-34.375,-29.6875,-35.15625,-32.03125,-36.71875,-30.46875,-37.5,-30.46875,-35.9375,-36.71875,-28.90625,-31.25,-35.9375,-35.15625,-28.90625,-29.6875,-35.15625,-29.6875,-28.90625,-32.03125,-37.5,-35.15625,-32.03125,-36.71875,-29.6875,-30.46875,-36.71875,-35.9375,-29.6875,-35.15625,-30.46875,-29.6875,-37.5,-29.6875,-35.15625,-32.03125,-37.5,-29.6875,-34.375,-36.71875,-36.71875,-30.46875,-31.25,-30.46875,-37.5,-35.15625,-35.15625,-29.6875,-32.03125,-34.375,-31.25,-35.15625,-31.25,-35.9375,-30.46875,-29.6875,-31.25,-30.46875,-30.46875,-31.25,-35.15625,-32.03125,-35.9375,-30.46875,-35.15625,-35.15625,-31.25,-36.71875,-35.15625,-35.9375,-29.6875,-34.375,-36.71875,-29.6875,-28.90625,-35.15625,-36.71875,-31.25,-36.71875,-35.15625,-29.6875
3,-22.5225225225225,-18.9189189189189,-12.6126126126126,-13.5135135135135,-16.2162162162162,-11.7117117117117,-11.7117117117117,-17.1171171171171,9.90990990990992,-12.6126126126126,-25.2252252252252,-34.2342342342342,-37.8378378378378,-17.1171171171171,-15.3153153153153,-7.20720720720721,-7.20720720720721,-16.2162162162162,-18.018018018018,-8.1081081081081,-18.018018018018,-9.00900900900901,-16.2162162162162,-1.80180180180181,-6.30630630630631,-17.1171171171171,-6.30630630630631,-19.8198198198198,-10.8108108108108,-8.1081081081081,-18.9189189189189,-16.2162162162162,-16.2162162162162,-18.9189189189189,-18.9189189189189,-7.20720720720721,-6.30630630630631,-18.018018018018,-17.1171171171171,-6.30630630630631,-8.1081081081081,-17.1171171171171,-7.20720720720721,-6.30630630630631,-5.40540540540541,-18.9189189189189,-19.8198198198198,-7.20720720720721,-18.018018018018,-18.018018018018,-15.3153153153153,-5.40540540540541,-6.30630630630631,-6.30630630630631,-7.20720720720721,-6.30630630630631,-18.018018018018,-7.20720720720721,-7.20720720720721,-9.90990990990991,-6.30630630630631,-19.8198198198198,-16.2162162162162,-19.8198198198198,-8.1081081081081,-17.1171171171171,-16.2162162162162,-7.20720720720721,-9.00900900900901,-17.1171171171171,-18.018018018018,-6.30630630630631,-7.20720720720721,-5.40540540540541,-15.3153153153153,-6.30630630630631,-18.018018018018,-7.20720720720721,-6.30630630630631,-19.8198198198198,-18.018018018018,-16.2162162162162,-16.2162162162162,-9.00900900900901,-6.30630630630631,-5.40540540540541,-9.00900900900901,-5.40540540540541,-17.1171171171171,-17.1171171171171,-18.018018018018,-18.9189189189189,-18.9189189189189,-17.1171171171171,-16.2162162162162,-16.2162162162162,-18.018018018018,-19.8198198198198,-9.90990990990991,-11.7117117117117,-7.20720720720721,-18.9189189189189,-18.018018018018,-17.1171171171171,-8.1081081081081,-5.40540540540541,-18.9189189189189,-7.20720720720721,-18.018018018018,-6.30630630630631,-9.00900900900901,-18.018018018018,-7.20720720720721,-7.20720720720721,-8.1081081081081,-18.018018018018,-18.9189189189189,-17.1171171171171,-18.018018018018,-9.00900900900901,-8.1081081081081,-9.00900900900901,-16.2162162162162,-16.2162162162162,-18.9189189189189,-18.9189189189189,-18.9189189189189,-8.1081081081081,-16.2162162162162,-18.9189189189189,-17.1171171171171,-8.1081081081081,-7.20720720720721,-18.018018018018,-8.1081081081081,-17.1171171171171,-17.1171171171171,-18.9189189189189,-5.40540540540541,-18.018018018018,-18.9189189189189,-6.30630630630631,-18.018018018018,-16.2162162162162,-18.018018018018,-18.018018018018,-6.30630630630631,-17.1171171171171,-7.20720720720721,-18.9189189189189,-18.018018018018,-6.30630630630631,-18.018018018018,-17.1171171171171,-6.30630630630631,-18.018018018018,-5.40540540540541,-9.00900900900901,-8.1081081081081,-17.1171171171171,-18.018018018018,-7.20720720720721,-8.1081081081081,-9.00900900900901,-8.1081081081081,-17.1171171171171,-7.20720720720721,-15.3153153153153,-8.1081081081081,-7.20720720720721,-8.1081081081081,-7.20720720720721,-17.1171171171171,-6.30630630630631,-17.1171171171171,-7.20720720720721,-18.018018018018,-7.20720720720721,-18.9189189189189,-8.1081081081081,-18.018018018018,-18.9189189189189,-17.1171171171171,-17.1171171171171,1.80180180180181,-7.20720720720721,-18.9189189189189,-16.2162162162162,-15.3153153153153,-7.20720720720721,-16.2162162162162,-5.40540540540541,-7.20720720720721,-9.00900900900901,-18.018018018018,-18.018018018018,0,-17.1171171171171,-5.40540540540541,-16.2162162162162,-18.9189189189189,-18.018018018018,-8.1081081081081,-18.018018018018,-8.1081081081081,-6.30630630630631,-18.018018018018,-5.40540540540541,-18.018018018018,-7.20720720720721,-20.7207207207207,-5.40540540540541,-17.1171171171171,-17.1171171171171,-17.1171171171171,-9.00900900900901,-6.30630630630631,-6.30630630630631,-18.9189189189189,-16.2162162162162,-16.2162162162162,-6.30630630630631,-7.20720720720721,-17.1171171171171,-8.1081081081081,-16.2162162162162,-6.30630630630631,-17.1171171171171,-6.30630630630631,-6.30630630630631,-8.1081081081081,-8.1081081081081,-0.900900900900903,-7.20720720720721,-18.018018018018,-9.00900900900901,-18.018018018018,-7.20720720720721,-18.018018018018,-18.018018018018,-9.00900900900901,-17.1171171171171,-18.018018018018,-17.1171171171171,-8.1081081081081,-15.3153153153153,-17.1171171171171,-6.30630630630631,-15.3153153153153,-16.2162162162162,-17.1171171171171,-7.20720720720721,-17.1171171171171,-16.2162162162162,-7.20720720720721
4,-43.4782608695652,-48.3695652173913,-39.6739130434783,-40.7608695652174,-44.0217391304348,-36.9565217391304,-44.5652173913043,-41.8478260869565,29.8913043478261,-45.1086956521739,-48.3695652173913,-72.8260869565217,-75.5434782608696,-40.2173913043478,-33.695652173913,-16.3043478260869,-20.6521739130435,-32.6086956521739,-21.7391304347826,-21.1956521739131,-25.5434782608696,-7.60869565217391,-28.8043478260869,-29.8913043478261,-23.3695652173913,-29.3478260869565,-4.34782608695652,-21.1956521739131,-29.8913043478261,-21.7391304347826,-17.9347826086957,-31.5217391304348,-28.8043478260869,-30.4347826086957,-33.695652173913,-28.8043478260869,-27.7173913043478,-36.4130434782609,-20.1086956521739,-21.1956521739131,-21.7391304347826,-36.4130434782609,-9.78260869565217,-14.6739130434783,-15.7608695652174,-35.3260869565217,-39.1304347826087,-25.5434782608696,-28.8043478260869,-35.8695652173913,-19.5652173913043,-26.6304347826087,-23.9130434782609,-14.6739130434783,-19.5652173913043,-15.2173913043478,-11.9565217391304,-27.7173913043478,-19.0217391304348,-26.6304347826087,-20.1086956521739,-36.9565217391304,-35.8695652173913,-29.8913043478261,-23.3695652173913,-16.8478260869565,-34.2391304347826,-24.4565217391304,-27.7173913043478,-28.2608695652174,-34.7826086956522,-20.1086956521739,6.52173913043479,-18.4782608695652,-19.5652173913043,-25,-33.695652173913,-18.4782608695652,-19.5652173913043,-31.5217391304348,-32.6086956521739,-28.2608695652174,-31.5217391304348,-25.5434782608696,-14.1304347826087,-27.7173913043478,-19.5652173913043,-29.3478260869565,-22.2826086956522,-25,-10.3260869565217,-28.8043478260869,-26.6304347826087,-34.2391304347826,-28.2608695652174,-35.3260869565217,-34.7826086956522,-27.1739130434783,-9.78260869565217,-16.8478260869565,-23.9130434782609,-35.3260869565217,-28.8043478260869,-29.8913043478261,-27.1739130434783,-17.9347826086957,-36.4130434782609,-22.2826086956522,-32.0652173913043,8.69565217391304,-20.1086956521739,-25.5434782608696,-26.0869565217391,-28.2608695652174,-22.2826086956522,-28.2608695652174,-26.6304347826087,-28.8043478260869,-31.5217391304348,-25,-23.3695652173913,-23.3695652173913,-5.43478260869565,-35.3260869565217,-29.8913043478261,-27.7173913043478,-31.5217391304348,-23.9130434782609,-14.1304347826087,-29.8913043478261,-36.4130434782609,-26.0869565217391,10.8695652173913,-32.0652173913043,-14.6739130434783,-8.15217391304348,-21.7391304347826,3.26086956521738,-21.1956521739131,-27.1739130434783,-30.4347826086957,-18.4782608695652,-20.6521739130435,-32.0652173913043,-24.4565217391304,-36.4130434782609,-14.6739130434783,-35.8695652173913,-16.8478260869565,-19.0217391304348,-25,-19.0217391304348,-27.7173913043478,-28.8043478260869,-26.0869565217391,-32.6086956521739,-20.6521739130435,-18.4782608695652,-18.4782608695652,-24.4565217391304,-32.0652173913043,-9.78260869565217,-2.71739130434783,-26.6304347826087,-24.4565217391304,-33.695652173913,-15.7608695652174,-27.7173913043478,15.2173913043478,-21.7391304347826,-23.9130434782609,-13.5869565217391,-35.3260869565217,-25.5434782608696,-11.9565217391304,-23.9130434782609,-32.6086956521739,-6.52173913043478,-9.23913043478261,-9.78260869565217,-23.3695652173913,-7.60869565217391,-39.6739130434783,-34.7826086956522,-14.1304347826087,-21.1956521739131,-25,-24.4565217391304,-22.8260869565217,-19.0217391304348,-29.3478260869565,-19.5652173913043,-21.7391304347826,-25,-30.4347826086957,-32.0652173913043,-27.7173913043478,-32.6086956521739,-27.7173913043478,-28.2608695652174,-27.1739130434783,-25.5434782608696,-13.0434782608696,-26.0869565217391,-9.23913043478261,6.52173913043479,-30.9782608695652,-24.4565217391304,-34.2391304347826,0.543478260869557,-35.3260869565217,-11.9565217391304,-27.1739130434783,-20.1086956521739,-31.5217391304348,-28.2608695652174,-25,-23.3695652173913,-24.4565217391304,-30.4347826086957,-22.8260869565217,2.71739130434783,-24.4565217391304,-29.3478260869565,-14.1304347826087,-20.6521739130435,-22.8260869565217,-26.6304347826087,-20.6521739130435,-10.8695652173913,-17.9347826086957,-14.1304347826087,-21.7391304347826,-21.1956521739131,-20.1086956521739,-23.3695652173913,-32.0652173913043,-21.7391304347826,-34.2391304347826,-27.7173913043478,-23.3695652173913,-30.9782608695652,-37.5,-32.0652173913043,-19.5652173913043,-29.3478260869565,-14.6739130434783,-27.1739130434783,-23.3695652173913,-28.2608695652174,-30.9782608695652,-28.2608695652174,-32.6086956521739,-32.6086956521739,-14.1304347826087
5,105.228758169935,163.398692810458,141.830065359477,154.901960784314,154.248366013072,162.091503267974,120.261437908497,147.058823529412,99.3464052287582,137.254901960784,52.2875816993464,-54.2483660130719,-52.9411764705882,83.6601307189542,75.1633986928105,77.7777777777778,77.1241830065359,72.5490196078431,86.2745098039216,82.3529411764706,88.8888888888889,69.281045751634,62.7450980392157,80.3921568627451,71.8954248366013,77.7777777777778,65.359477124183,82.3529411764706,69.281045751634,71.8954248366013,91.5032679738562,66.0130718954248,91.5032679738562,81.6993464052288,78.4313725490196,103.921568627451,70.5882352941176,72.5490196078431,91.5032679738562,57.516339869281,75.8169934640523,64.7058823529412,85.6209150326797,84.3137254901961,69.281045751634,78.4313725490196,70.5882352941176,71.2418300653595,94.1176470588235,63.3986928104575,55.5555555555556,100,61.437908496732,100.653594771242,84.3137254901961,118.300653594771,118.300653594771,73.202614379085,97.3856209150327,93.4640522875817,101.960784313725,64.7058823529412,101.960784313725,103.267973856209,114.37908496732,58.1699346405229,84.9673202614379,62.0915032679739,81.0457516339869,65.359477124183,75.1633986928105,82.3529411764706,88.2352941176471,127.450980392157,81.0457516339869,95.4248366013072,78.4313725490196,84.9673202614379,113.071895424837,94.7712418300653,71.2418300653595,86.2745098039216,60.7843137254902,97.3856209150327,112.418300653595,61.437908496732,90.1960784313725,93.4640522875817,87.5816993464052,86.2745098039216,71.8954248366013,72.5490196078431,110.457516339869,67.9738562091503,90.1960784313725,88.8888888888889,105.882352941176,71.8954248366013,116.993464052288,71.2418300653595,94.1176470588235,73.8562091503268,88.8888888888889,54.2483660130719,77.7777777777778,93.4640522875817,63.3986928104575,99.3464052287582,77.1241830065359,71.8954248366013,77.1241830065359,64.7058823529412,66.0130718954248,95.4248366013072,63.3986928104575,90.1960784313725,69.281045751634,77.7777777777778,63.3986928104575,120.915032679739,84.9673202614379,111.111111111111,62.0915032679739,81.6993464052288,83.0065359477124,115.686274509804,65.359477124183,83.6601307189542,54.2483660130719,78.4313725490196,58.1699346405229,70.5882352941176,88.2352941176471,81.0457516339869,61.437908496732,53.5947712418301,54.2483660130719,49.6732026143791,62.7450980392157,71.8954248366013,53.5947712418301,66.0130718954248,80.3921568627451,49.0196078431373,83.6601307189542,71.8954248366013,112.418300653595,88.2352941176471,92.156862745098,64.0522875816993,60.7843137254902,113.725490196078,77.1241830065359,69.9346405228758,79.0849673202614,83.0065359477124,81.6993464052288,73.8562091503268,84.9673202614379,70.5882352941176,72.5490196078431,57.516339869281,60.7843137254902,61.437908496732,78.4313725490196,75.8169934640523,124.83660130719,72.5490196078431,126.797385620915,86.2745098039216,85.6209150326797,58.8235294117647,69.281045751634,125.490196078431,97.3856209150327,63.3986928104575,60.1307189542484,107.18954248366,76.4705882352941,118.300653594771,77.1241830065359,78.4313725490196,78.4313725490196,91.5032679738562,60.1307189542484,86.9281045751634,80.3921568627451,58.8235294117647,75.8169934640523,64.0522875816993,76.4705882352941,75.1633986928105,92.156862745098,108.496732026144,76.4705882352941,111.111111111111,62.7450980392157,92.156862745098,83.0065359477124,118.300653594771,58.8235294117647,71.2418300653595,77.1241830065359,88.8888888888889,84.3137254901961,64.7058823529412,83.6601307189542,90.1960784313725,83.6601307189542,80.3921568627451,59.4771241830065,100.653594771242,84.3137254901961,83.6601307189542,84.3137254901961,69.281045751634,73.202614379085,81.0457516339869,58.1699346405229,67.3202614379085,70.5882352941176,57.516339869281,62.0915032679739,84.9673202614379,116.993464052288,80.3921568627451,86.9281045751634,68.6274509803922,60.1307189542484,87.5816993464052,107.843137254902,86.9281045751634,82.3529411764706,115.686274509804,87.5816993464052,99.3464052287582,66.0130718954248,79.0849673202614,101.960784313725,98.6928104575163,74.5098039215686,81.6993464052288,69.9346405228758,105.882352941176,75.1633986928105,67.3202614379085,64.7058823529412,86.2745098039216,80.3921568627451,78.4313725490196,82.3529411764706,95.4248366013072,79.7385620915033,87.5816993464052,124.83660130719
6,-24.1860465116279,-48.3720930232558,-37.2093023255814,-26.046511627907,-40.4651162790698,-27.4418604651163,-21.8604651162791,-23.7209302325581,6.04651162790697,-27.9069767441861,-30.6976744186046,-45.5813953488372,-47.906976744186,-20.4651162790698,-33.4883720930233,-35.8139534883721,-15.3488372093023,-23.7209302325581,-25.5813953488372,-13.0232558139535,-19.0697674418605,-29.7674418604651,-22.3255813953488,-31.1627906976744,-16.7441860465116,-40,-13.4883720930233,-26.5116279069767,-40.4651162790698,-31.1627906976744,-18.1395348837209,-15.8139534883721,-35.3488372093023,-34.8837209302326,-23.7209302325581,-29.3023255813954,-36.7441860465116,-40.9302325581395,-21.3953488372093,-34.8837209302326,-28.3720930232558,-21.8604651162791,-30.2325581395349,-15.8139534883721,-17.6744186046512,-35.8139534883721,-19.0697674418605,-30.6976744186046,-19.5348837209302,-26.046511627907,-40,-29.7674418604651,-35.3488372093023,-29.3023255813954,-33.953488372093,-15.3488372093023,-36.2790697674419,-9.30232558139535,-10.2325581395349,-36.2790697674419,-29.7674418604651,-17.6744186046512,-21.3953488372093,-17.6744186046512,-10.6976744186047,-45.1162790697674,-33.953488372093,-15.8139534883721,-18.6046511627907,-33.953488372093,-17.6744186046512,-36.2790697674419,-34.4186046511628,-10.6976744186047,-41.8604651162791,-28.8372093023256,-35.3488372093023,-18.1395348837209,-9.76744186046512,-36.7441860465116,-24.1860465116279,-16.2790697674419,-24.6511627906977,-29.3023255813954,-27.4418604651163,-18.1395348837209,-37.2093023255814,-11.1627906976744,-40,-18.6046511627907,-16.2790697674419,-16.7441860465116,-41.3953488372093,-21.3953488372093,-15.8139534883721,-22.3255813953488,-21.3953488372093,-24.1860465116279,-27.4418604651163,-14.8837209302326,-36.7441860465116,-21.8604651162791,-22.3255813953488,-21.8604651162791,-37.2093023255814,-17.2093023255814,-24.6511627906977,-10.6976744186047,-23.7209302325581,-19.0697674418605,-13.953488372093,-18.1395348837209,-28.3720930232558,-15.8139534883721,-15.8139534883721,-39.5348837209302,-23.2558139534884,-40,-20.9302325581395,-13.0232558139535,-16.2790697674419,-29.3023255813954,-23.2558139534884,-40,-33.0232558139535,-23.2558139534884,-16.7441860465116,-29.7674418604651,-16.2790697674419,-35.8139534883721,-40,-17.2093023255814,-13.0232558139535,-23.2558139534884,-12.093023255814,-18.6046511627907,-16.2790697674419,-24.1860465116279,-16.7441860465116,-20.9302325581395,-18.6046511627907,-33.953488372093,-20.9302325581395,-34.8837209302326,-40.9302325581395,-25.1162790697674,-27.9069767441861,-28.8372093023256,-18.1395348837209,-19.5348837209302,-16.7441860465116,-27.4418604651163,-18.6046511627907,-33.953488372093,-19.0697674418605,-35.3488372093023,-12.093023255814,-34.8837209302326,-13.0232558139535,-40,-38.6046511627907,-17.2093023255814,-28.8372093023256,-31.1627906976744,-35.8139534883721,-25.1162790697674,-17.6744186046512,-25.1162790697674,-13.4883720930233,-28.8372093023256,-14.4186046511628,-30.6976744186046,-41.3953488372093,-12.5581395348837,-21.8604651162791,-36.7441860465116,-16.7441860465116,-28.3720930232558,-36.2790697674419,-9.76744186046512,-23.7209302325581,-18.1395348837209,-42.7906976744186,-40,-18.6046511627907,-13.0232558139535,-36.2790697674419,-24.1860465116279,-41.3953488372093,-10.6976744186047,-23.2558139534884,-15.3488372093023,-18.6046511627907,-33.953488372093,-42.7906976744186,-40,-30.2325581395349,-22.3255813953488,-18.6046511627907,-23.2558139534884,-40.4651162790698,-39.5348837209302,-10.2325581395349,-24.1860465116279,-27.9069767441861,-17.2093023255814,-34.8837209302326,-18.6046511627907,-33.4883720930233,-33.0232558139535,-35.3488372093023,-9.30232558139535,-21.3953488372093,-33.953488372093,-40.9302325581395,-13.4883720930233,-27.4418604651163,-34.8837209302326,-25.1162790697674,-17.6744186046512,-25.1162790697674,-31.1627906976744,-19.5348837209302,-21.8604651162791,-18.1395348837209,-18.1395348837209,-6.97674418604651,-23.2558139534884,-29.7674418604651,-16.2790697674419,-12.5581395348837,-18.1395348837209,-17.6744186046512,-33.953488372093,-41.8604651162791,-13.4883720930233,-16.2790697674419,-31.6279069767442,-35.3488372093023,-19.5348837209302,-31.1627906976744,-33.4883720930233,-25.5813953488372,-33.953488372093,-26.046511627907,-15.8139534883721,-33.953488372093,-28.8372093023256,-18.6046511627907,-34.8837209302326,-15.8139534883721,-17.2093023255814,-16.2790697674419,-39.5348837209302,-12.5581395348837
7,-40.1294498381877,-62.1359223300971,-47.5728155339806,-42.7184466019417,-57.6051779935275,-47.2491909385113,-38.1877022653722,-45.3074433656958,-14.5631067961165,-48.8673139158576,-50.8090614886731,-60.1941747572816,-59.8705501618123,-37.5404530744337,-50.8090614886731,-52.1035598705502,-41.747572815534,-45.3074433656958,-47.2491909385113,-32.6860841423948,-35.9223300970874,-47.8964401294498,-43.3656957928803,-44.6601941747573,-36.2459546925566,-51.4563106796116,-38.5113268608414,-42.0711974110032,-51.4563106796116,-50.1618122977346,-35.5987055016181,-33.6569579288026,-46.6019417475728,-53.3980582524272,-40.1294498381877,-50.8090614886731,-48.8673139158576,-51.1326860841424,-44.6601941747573,-48.2200647249191,-48.8673139158576,-37.2168284789644,-50.1618122977346,-34.9514563106796,-42.3948220064725,-46.6019417475728,-42.7184466019417,-44.6601941747573,-37.2168284789644,-47.2491909385113,-52.1035598705502,-50.8090614886731,-47.8964401294498,-49.1909385113269,-47.2491909385113,-33.6569579288026,-47.8964401294498,-31.0679611650485,-36.2459546925566,-47.5728155339806,-43.3656957928803,-35.9223300970874,-43.3656957928803,-42.0711974110032,-37.5404530744337,-60.8414239482201,-47.5728155339806,-36.2459546925566,-41.747572815534,-51.7799352750809,-34.9514563106796,-48.2200647249191,-52.7508090614887,-36.8932038834951,-58.5760517799353,-49.1909385113269,-51.4563106796116,-40.1294498381877,-30.7443365695793,-52.7508090614887,-41.1003236245955,-40.7766990291262,-40.1294498381877,-42.7184466019417,-49.5145631067961,-43.3656957928803,-55.3398058252427,-32.6860841423948,-50.8090614886731,-42.3948220064725,-34.9514563106796,-36.5695792880259,-58.252427184466,-45.9546925566343,-42.0711974110032,-40.1294498381877,-43.042071197411,-39.4822006472492,-49.1909385113269,-34.3042071197411,-47.2491909385113,-44.6601941747573,-45.3074433656958,-37.5404530744337,-46.9255663430421,-42.0711974110032,-45.3074433656958,-36.5695792880259,-40.7766990291262,-42.3948220064725,-33.0097087378641,-33.9805825242718,-44.0129449838188,-34.3042071197411,-34.9514563106796,-50.1618122977346,-45.6310679611651,-50.1618122977346,-44.6601941747573,-33.3333333333333,-40.1294498381877,-49.5145631067961,-46.2783171521036,-51.4563106796116,-47.5728155339806,-38.1877022653722,-40.7766990291262,-48.2200647249191,-38.8349514563107,-47.8964401294498,-55.663430420712,-41.1003236245955,-33.0097087378641,-40.7766990291262,-36.8932038834951,-41.4239482200647,-33.9805825242718,-44.336569579288,-40.453074433657,-37.5404530744337,-42.0711974110032,-47.8964401294498,-39.1585760517799,-51.7799352750809,-56.957928802589,-40.7766990291262,-43.6893203883495,-48.2200647249191,-37.2168284789644,-43.042071197411,-33.6569579288026,-43.042071197411,-41.747572815534,-53.3980582524272,-36.5695792880259,-53.3980582524272,-37.2168284789644,-53.3980582524272,-33.0097087378641,-49.8381877022654,-56.6343042071197,-36.2459546925566,-49.8381877022654,-50.1618122977346,-46.9255663430421,-40.1294498381877,-36.8932038834951,-45.3074433656958,-31.7152103559871,-44.9838187702265,-38.5113268608414,-48.5436893203884,-57.2815533980583,-31.0679611650485,-39.8058252427184,-48.2200647249191,-36.2459546925566,-50.8090614886731,-48.5436893203884,-30.42071197411,-45.6310679611651,-39.8058252427184,-57.9288025889968,-49.8381877022654,-34.9514563106796,-38.8349514563107,-53.7216828478964,-39.4822006472492,-50.8090614886731,-31.3915857605178,-44.9838187702265,-40.453074433657,-40.453074433657,-53.3980582524272,-58.252427184466,-56.6343042071197,-44.336569579288,-38.5113268608414,-42.7184466019417,-45.6310679611651,-58.5760517799353,-50.4854368932039,-37.8640776699029,-39.4822006472492,-42.7184466019417,-36.8932038834951,-53.0744336569579,-42.7184466019417,-51.7799352750809,-47.5728155339806,-47.8964401294498,-31.3915857605178,-45.3074433656958,-52.1035598705502,-52.4271844660194,-33.0097087378641,-48.8673139158576,-47.2491909385113,-41.1003236245955,-40.7766990291262,-39.8058252427184,-44.336569579288,-36.5695792880259,-44.6601941747573,-42.3948220064725,-37.5404530744337,-36.8932038834951,-38.8349514563107,-49.1909385113269,-34.6278317152104,-31.3915857605178,-42.7184466019417,-35.9223300970874,-47.2491909385113,-56.957928802589,-32.6860841423948,-41.747572815534,-51.7799352750809,-53.7216828478964,-35.5987055016181,-43.6893203883495,-46.6019417475728,-48.2200647249191,-52.1035598705502,-42.0711974110032,-34.9514563106796,-47.2491909385113,-48.5436893203884,-35.5987055016181,-52.4271844660194,-40.453074433657,-40.1294498381877,-33.9805825242718,-50.8090614886731,-37.2168284789644
8,-21.3114754098361,-37.1584699453552,-29.7814207650273,-10.3825136612022,-30.0546448087432,-14.4808743169399,-24.0437158469945,-23.224043715847,-7.10382513661202,-27.8688524590164,-23.7704918032787,-59.5628415300546,-60.1092896174863,-18.5792349726776,-23.7704918032787,-27.0491803278689,-17.7595628415301,-19.9453551912568,-27.3224043715847,-20.7650273224044,-21.8579234972678,-25.1366120218579,-25.4098360655738,-25.1366120218579,-19.3989071038251,-29.5081967213115,-21.0382513661202,-28.4153005464481,-28.4153005464481,-31.6939890710383,-15.5737704918033,-16.120218579235,-31.1475409836066,-26.2295081967213,-19.672131147541,-25.6830601092896,-35.2459016393443,-35.2459016393443,-18.8524590163934,-36.0655737704918,-30.8743169398907,-18.0327868852459,-25.1366120218579,-16.6666666666667,-23.7704918032787,-30.8743169398907,-17.7595628415301,-25.6830601092896,-22.9508196721311,-27.0491803278689,-36.6120218579235,-32.5136612021858,-35.5191256830601,-24.8633879781421,-28.1420765027322,-16.9398907103825,-25.1366120218579,-15.0273224043716,-19.1256830601093,-33.879781420765,-30.8743169398907,-15.5737704918033,-23.224043715847,-16.120218579235,-22.1311475409836,-32.7868852459016,-26.775956284153,-25.4098360655738,-18.0327868852459,-24.5901639344262,-22.6775956284153,-33.3333333333333,-34.9726775956284,-14.4808743169399,-37.1584699453552,-30.0546448087432,-32.5136612021858,-18.5792349726776,-14.7540983606557,-24.3169398907104,-20.2185792349727,-22.1311475409836,-19.1256830601093,-30.0546448087432,-30.8743169398907,-18.5792349726776,-30.327868852459,-21.3114754098361,-31.4207650273224,-22.6775956284153,-20.7650273224044,-22.4043715846995,-29.5081967213115,-27.0491803278689,-16.120218579235,-27.0491803278689,-23.224043715847,-26.2295081967213,-26.2295081967213,-15.0273224043716,-27.3224043715847,-20.4918032786885,-21.3114754098361,-17.2131147540984,-27.0491803278689,-17.4863387978142,-18.3060109289617,-14.4808743169399,-19.1256830601093,-24.8633879781421,-21.3114754098361,-16.3934426229508,-25.9562841530055,-22.6775956284153,-23.7704918032787,-34.9726775956284,-20.2185792349727,-27.3224043715847,-24.8633879781421,-22.6775956284153,-18.3060109289617,-31.4207650273224,-27.0491803278689,-35.792349726776,-27.8688524590164,-24.5901639344262,-21.5846994535519,-24.0437158469945,-13.9344262295082,-32.7868852459016,-34.9726775956284,-17.4863387978142,-15.5737704918033,-27.0491803278689,-14.4808743169399,-21.8579234972678,-15.8469945355191,-24.8633879781421,-23.7704918032787,-18.0327868852459,-22.9508196721311,-35.2459016393443,-26.775956284153,-31.6939890710383,-29.2349726775956,-19.672131147541,-24.3169398907104,-22.6775956284153,-24.0437158469945,-16.3934426229508,-15.5737704918033,-31.4207650273224,-17.2131147540984,-31.6939890710383,-18.3060109289617,-31.9672131147541,-21.8579234972678,-28.9617486338798,-15.0273224043716,-34.1530054644809,-34.6994535519126,-19.9453551912568,-25.6830601092896,-31.1475409836066,-26.5027322404372,-26.2295081967213,-25.1366120218579,-20.2185792349727,-19.3989071038251,-24.5901639344262,-15.0273224043716,-30.0546448087432,-28.1420765027322,-15.0273224043716,-20.2185792349727,-30.327868852459,-17.7595628415301,-26.775956284153,-27.3224043715847,-13.6612021857924,-25.6830601092896,-14.7540983606557,-36.8852459016393,-28.6885245901639,-18.8524590163934,-16.120218579235,-27.3224043715847,-25.9562841530055,-35.792349726776,-13.9344262295082,-20.4918032786885,-23.4972677595628,-16.3934426229508,-28.4153005464481,-30.8743169398907,-35.792349726776,-27.0491803278689,-24.8633879781421,-25.1366120218579,-25.4098360655738,-29.5081967213115,-34.6994535519126,-16.6666666666667,-25.9562841530055,-30.6010928961749,-18.5792349726776,-33.0601092896175,-25.1366120218579,-25.1366120218579,-33.879781420765,-32.5136612021858,-20.2185792349727,-18.5792349726776,-31.1475409836066,-35.792349726776,-16.120218579235,-30.8743169398907,-33.6065573770492,-25.1366120218579,-22.4043715846995,-25.6830601092896,-30.8743169398907,-25.4098360655738,-19.9453551912568,-19.9453551912568,-17.4863387978142,-15.3005464480874,-25.6830601092896,-29.7814207650273,-24.0437158469945,-19.672131147541,-24.8633879781421,-24.3169398907104,-34.1530054644809,-35.2459016393443,-16.3934426229508,-17.7595628415301,-33.0601092896175,-31.9672131147541,-16.9398907103825,-30.327868852459,-25.6830601092896,-27.5956284153005,-24.3169398907104,-30.8743169398907,-15.0273224043716,-31.1475409836066,-24.5901639344262,-16.9398907103825,-24.3169398907104,-16.6666666666667,-18.5792349726776,-20.7650273224044,-34.9726775956284,-14.207650273224
9,-36.1413043478261,-49.1847826086957,-38.3152173913043,-26.0869565217391,-43.2065217391304,-34.7826086956522,-34.5108695652174,-38.8586956521739,-7.60869565217391,-40.7608695652174,-44.0217391304348,-56.7934782608696,-60.8695652173913,-35.8695652173913,-43.2065217391304,-44.8369565217391,-39.6739130434783,-39.4021739130435,-41.8478260869565,-32.3369565217391,-32.6086956521739,-43.75,-39.4021739130435,-39.945652173913,-35.3260869565217,-43.2065217391304,-36.6847826086957,-38.0434782608696,-41.304347826087,-44.5652173913043,-32.6086956521739,-32.6086956521739,-38.8586956521739,-44.8369565217391,-34.7826086956522,-44.5652173913043,-42.9347826086957,-42.6630434782609,-40.4891304347826,-43.2065217391304,-43.75,-34.7826086956522,-44.5652173913043,-33.4239130434783,-38.3152173913043,-39.1304347826087,-39.1304347826087,-39.4021739130435,-32.8804347826087,-41.8478260869565,-42.6630434782609,-44.8369565217391,-43.4782608695652,-43.2065217391304,-41.304347826087,-32.8804347826087,-39.4021739130435,-33.4239130434783,-36.1413043478261,-41.0326086956522,-38.3152173913043,-32.8804347826087,-39.945652173913,-37.2282608695652,-37.2282608695652,-50,-39.6739130434783,-36.1413043478261,-38.8586956521739,-43.4782608695652,-34.2391304347826,-40.4891304347826,-46.195652173913,-36.6847826086957,-48.0978260869565,-43.75,-43.4782608695652,-39.6739130434783,-32.8804347826087,-43.75,-35.5978260869565,-37.7717391304348,-35.054347826087,-38.8586956521739,-43.4782608695652,-39.1304347826087,-47.8260869565217,-32.6086956521739,-44.0217391304348,-38.3152173913043,-32.0652173913043,-33.695652173913,-46.4673913043478,-41.0326086956522,-38.3152173913043,-36.1413043478261,-38.3152173913043,-36.6847826086957,-44.8369565217391,-32.0652173913043,-40.4891304347826,-41.304347826087,-41.5760869565217,-33.9673913043478,-41.304347826087,-38.5869565217391,-39.1304347826087,-36.6847826086957,-35.8695652173913,-40.7608695652174,-33.1521739130435,-32.6086956521739,-39.945652173913,-33.695652173913,-34.5108695652174,-42.1195652173913,-41.0326086956522,-39.945652173913,-39.945652173913,-32.3369565217391,-39.1304347826087,-44.0217391304348,-42.1195652173913,-43.4782608695652,-40.4891304347826,-34.7826086956522,-37.5,-42.6630434782609,-36.1413043478261,-40.2173913043478,-46.4673913043478,-38.8586956521739,-32.8804347826087,-36.9565217391304,-36.6847826086957,-36.9565217391304,-32.3369565217391,-39.4021739130435,-39.1304347826087,-33.9673913043478,-38.3152173913043,-42.6630434782609,-36.4130434782609,-44.0217391304348,-47.2826086956522,-35.3260869565217,-38.5869565217391,-43.4782608695652,-35.054347826087,-37.7717391304348,-33.4239130434783,-39.1304347826087,-38.0434782608696,-44.2934782608696,-34.2391304347826,-44.5652173913043,-38.3152173913043,-47.2826086956522,-32.3369565217391,-41.5760869565217,-46.4673913043478,-36.4130434782609,-45.1086956521739,-44.2934782608696,-40.4891304347826,-37.5,-35.5978260869565,-40.7608695652174,-30.7065217391304,-38.5869565217391,-37.2282608695652,-42.6630434782609,-45.6521739130435,-31.7934782608696,-36.6847826086957,-42.3913043478261,-34.5108695652174,-45.3804347826087,-41.0326086956522,-31.7934782608696,-40.7608695652174,-37.5,-48.0978260869565,-41.304347826087,-35.054347826087,-37.5,-45.6521739130435,-35.8695652173913,-42.6630434782609,-30.4347826086957,-41.304347826087,-39.1304347826087,-37.2282608695652,-46.4673913043478,-47.554347826087,-46.7391304347826,-41.0326086956522,-35.5978260869565,-40.2173913043478,-40.2173913043478,-47.554347826087,-42.1195652173913,-36.9565217391304,-36.1413043478261,-39.1304347826087,-35.054347826087,-44.2934782608696,-40.4891304347826,-44.0217391304348,-42.1195652173913,-40.4891304347826,-31.7934782608696,-39.6739130434783,-43.75,-43.4782608695652,-33.4239130434783,-44.5652173913043,-40.7608695652174,-35.8695652173913,-37.7717391304348,-35.054347826087,-38.5869565217391,-36.1413043478261,-39.945652173913,-39.6739130434783,-34.2391304347826,-37.2282608695652,-36.1413043478261,-43.2065217391304,-35.5978260869565,-32.0652173913043,-39.6739130434783,-33.9673913043478,-42.6630434782609,-46.7391304347826,-33.695652173913,-38.8586956521739,-45.9239130434783,-44.8369565217391,-33.695652173913,-39.4021739130435,-39.4021739130435,-41.8478260869565,-43.2065217391304,-38.8586956521739,-32.6086956521739,-39.1304347826087,-43.2065217391304,-34.2391304347826,-42.6630434782609,-38.5869565217391,-40.2173913043478,-32.6086956521739,-41.5760869565217,-35.8695652173913
10,-19.1435768261965,-30.2267002518892,-20.6549118387909,-18.8916876574307,-24.6851385390428,-18.8916876574307,-18.1360201511335,-21.9143576826196,4.53400503778338,-23.1738035264484,-26.1964735516373,-54.6599496221663,-56.9269521410579,-20.1511335012594,-25.9445843828715,-27.7078085642317,-23.1738035264484,-22.9219143576826,-25.1889168765743,-16.624685138539,-16.3727959697733,-25.9445843828715,-22.9219143576826,-23.1738035264484,-18.8916876574307,-26.448362720403,-19.8992443324937,-21.6624685138539,-24.6851385390428,-27.9596977329975,-16.624685138539,-16.624685138539,-22.6700251889169,-27.7078085642317,-19.3954659949622,-26.9521410579345,-26.1964735516373,-25.1889168765743,-23.6775818639798,-25.44080604534,-26.1964735516373,-19.1435768261965,-27.455919395466,-17.8841309823678,-22.6700251889169,-22.6700251889169,-22.4181360201511,-22.6700251889169,-17.3803526448363,-24.9370277078086,-25.9445843828715,-27.455919395466,-25.9445843828715,-26.448362720403,-24.1813602015113,-17.1284634760705,-22.6700251889169,-17.3803526448363,-19.8992443324937,-24.1813602015113,-21.6624685138539,-16.8765743073048,-23.1738035264484,-20.6549118387909,-21.4105793450882,-32.4937027707808,-23.6775818639798,-20.1511335012594,-22.4181360201511,-26.7002518891688,-18.639798488665,-23.9294710327456,-29.4710327455919,-20.4030226700252,-31.2342569269521,-26.1964735516373,-26.448362720403,-22.9219143576826,-17.632241813602,-26.1964735516373,-20.1511335012594,-20.9068010075567,-19.3954659949622,-22.6700251889169,-26.7002518891688,-23.1738035264484,-30.4785894206549,-16.8765743073048,-26.1964735516373,-21.6624685138539,-16.8765743073048,-17.632241813602,-29.4710327455919,-24.6851385390428,-22.1662468513854,-20.4030226700252,-22.6700251889169,-20.1511335012594,-27.7078085642317,-17.632241813602,-23.6775818639798,-25.1889168765743,-25.1889168765743,-18.8916876574307,-23.9294710327456,-21.6624685138539,-21.9143576826196,-20.6549118387909,-19.8992443324937,-23.4256926952141,-16.8765743073048,-16.1209068010076,-23.1738035264484,-18.1360201511335,-17.8841309823678,-25.6926952141058,-24.4332493702771,-23.6775818639798,-23.6775818639798,-16.8765743073048,-23.1738035264484,-26.9521410579345,-25.1889168765743,-25.9445843828715,-24.1813602015113,-18.8916876574307,-20.9068010075567,-25.44080604534,-19.8992443324937,-23.4256926952141,-28.7153652392947,-22.9219143576826,-17.3803526448363,-21.1586901763224,-20.1511335012594,-20.9068010075567,-16.8765743073048,-22.4181360201511,-22.1662468513854,-18.1360201511335,-21.4105793450882,-24.9370277078086,-20.4030226700252,-26.9521410579345,-29.9748110831234,-19.3954659949622,-22.1662468513854,-25.9445843828715,-18.3879093198992,-21.9143576826196,-17.1284634760705,-23.1738035264484,-21.4105793450882,-27.2040302267002,-18.639798488665,-27.7078085642317,-21.6624685138539,-29.4710327455919,-16.8765743073048,-24.9370277078086,-29.9748110831234,-20.1511335012594,-27.2040302267002,-26.9521410579345,-24.1813602015113,-21.1586901763224,-19.3954659949622,-23.6775818639798,-14.8614609571788,-23.4256926952141,-19.8992443324937,-25.9445843828715,-29.2191435768262,-15.8690176322418,-20.4030226700252,-25.6926952141058,-18.1360201511335,-26.9521410579345,-23.9294710327456,-16.8765743073048,-24.4332493702771,-20.6549118387909,-30.7304785894207,-24.9370277078086,-18.639798488665,-21.9143576826196,-27.7078085642317,-19.647355163728,-25.9445843828715,-16.1209068010076,-23.9294710327456,-21.9143576826196,-21.1586901763224,-29.2191435768262,-30.7304785894207,-29.7229219143577,-24.1813602015113,-19.1435768261965,-22.9219143576826,-23.1738035264484,-29.7229219143577,-25.44080604534,-20.1511335012594,-20.9068010075567,-21.6624685138539,-19.647355163728,-27.455919395466,-23.4256926952141,-26.7002518891688,-25.44080604534,-23.1738035264484,-16.3727959697733,-23.4256926952141,-25.9445843828715,-26.448362720403,-16.8765743073048,-26.7002518891688,-24.9370277078086,-19.3954659949622,-20.1511335012594,-18.639798488665,-22.1662468513854,-19.647355163728,-23.4256926952141,-24.1813602015113,-18.3879093198992,-20.6549118387909,-19.8992443324937,-25.9445843828715,-19.647355163728,-15.8690176322418,-23.4256926952141,-18.639798488665,-25.1889168765743,-29.2191435768262,-18.1360201511335,-22.4181360201511,-28.2115869017632,-27.2040302267002,-17.3803526448363,-22.9219143576826,-23.6775818639798,-25.44080604534,-26.1964735516373,-22.6700251889169,-16.624685138539,-22.4181360201511,-26.1964735516373,-18.1360201511335,-26.9521410579345,-21.6624685138539,-23.1738035264484,-16.1209068010076,-25.6926952141058,-19.647355163728
11,-39.612676056338,-53.3450704225352,-41.5492957746479,-46.3028169014084,-44.1901408450704,-44.3661971830986,-38.556338028169,-48.0633802816901,-25.3521126760563,-41.9014084507042,-51.4084507042254,-55.8098591549296,-61.9718309859155,-44.5422535211268,-47.7112676056338,-48.4154929577465,-44.5422535211268,-52.8169014084507,-51.2323943661972,-46.3028169014084,-41.3732394366197,-49.1197183098592,-43.4859154929578,-48.7676056338028,-44.5422535211268,-52.6408450704225,-47.887323943662,-48.2394366197183,-50.3521126760563,-54.4014084507042,-38.0281690140845,-44.8943661971831,-45.9507042253521,-45.9507042253521,-41.0211267605634,-52.4647887323944,-49.4718309859155,-55.2816901408451,-46.1267605633803,-50.5281690140845,-47.3591549295775,-48.2394366197183,-48.4154929577465,-48.0633802816901,-47.0070422535211,-49.8239436619718,-46.3028169014084,-47.1830985915493,-49.4718309859155,-54.225352112676,-44.8943661971831,-47.5352112676056,-46.4788732394366,-53.5211267605634,-51.056338028169,-47.3591549295775,-45.2464788732394,-41.5492957746479,-46.4788732394366,-45.9507042253521,-44.1901408450704,-47.0070422535211,-48.2394366197183,-48.2394366197183,-44.0140845070422,-57.2183098591549,-52.6408450704225,-44.0140845070422,-48.0633802816901,-53.5211267605634,-47.7112676056338,-48.943661971831,-53.6971830985916,-44.7183098591549,-53.169014084507,-50.8802816901408,-42.7816901408451,-47.7112676056338,-41.3732394366197,-53.6971830985916,-42.9577464788732,-44.8943661971831,-50,-51.056338028169,-53.5211267605634,-48.943661971831,-49.2957746478873,-39.4366197183099,-48.7676056338028,-45.0704225352113,-47.1830985915493,-45.4225352112676,-55.2816901408451,-46.4788732394366,-46.3028169014084,-44.7183098591549,-45.4225352112676,-48.7676056338028,-50.7042253521127,-44.8943661971831,-46.4788732394366,-46.4788732394366,-54.5774647887324,-45.9507042253521,-47.5352112676056,-52.4647887323944,-51.2323943661972,-42.0774647887324,-43.1338028169014,-45.2464788732394,-47.5352112676056,-48.5915492957746,-44.0140845070422,-43.1338028169014,-47.3591549295775,-49.6478873239437,-51.056338028169,-52.2887323943662,-46.1267605633803,-47.0070422535211,-49.8239436619718,-47.1830985915493,-44.5422535211268,-48.4154929577465,-50,-46.3028169014084,-51.5845070422535,-46.830985915493,-41.9014084507042,-44.8943661971831,-54.7535211267606,-51.056338028169,-46.3028169014084,-43.3098591549296,-48.943661971831,-43.6619718309859,-41.1971830985916,-51.9366197183098,-50,-44.7183098591549,-46.4788732394366,-45.7746478873239,-45.5985915492958,-54.7535211267606,-53.6971830985916,-50.1760563380282,-50.1760563380282,-45.0704225352113,-45.4225352112676,-45.4225352112676,-47.3591549295775,-46.4788732394366,-41.9014084507042,-55.8098591549296,-43.6619718309859,-48.4154929577465,-49.2957746478873,-54.5774647887324,-45.9507042253521,-47.7112676056338,-51.2323943661972,-50.5281690140845,-48.2394366197183,-51.056338028169,-53.6971830985916,-50,-47.0070422535211,-49.2957746478873,-46.3028169014084,-43.8380281690141,-46.3028169014084,-47.5352112676056,-49.6478873239437,-44.1901408450704,-46.1267605633803,-46.830985915493,-47.3591549295775,-52.8169014084507,-48.0633802816901,-39.2605633802817,-46.4788732394366,-47.3591549295775,-49.1197183098592,-48.0633802816901,-47.887323943662,-44.1901408450704,-54.7535211267606,-48.2394366197183,-51.7605633802817,-43.6619718309859,-44.8943661971831,-48.2394366197183,-46.4788732394366,-48.5915492957746,-52.6408450704225,-55.2816901408451,-52.8169014084507,-48.943661971831,-49.1197183098592,-47.7112676056338,-54.0492957746479,-45.0704225352113,-50.1760563380282,-46.830985915493,-50.1760563380282,-48.2394366197183,-47.3591549295775,-48.943661971831,-48.7676056338028,-51.4084507042254,-52.112676056338,-47.1830985915493,-49.1197183098592,-48.7676056338028,-54.0492957746479,-41.3732394366197,-49.2957746478873,-53.5211267605634,-50.7042253521127,-44.1901408450704,-43.6619718309859,-43.1338028169014,-44.0140845070422,-46.830985915493,-44.0140845070422,-44.0140845070422,-45.7746478873239,-39.2605633802817,-46.3028169014084,-44.1901408450704,-39.4366197183099,-40.4929577464789,-42.6056338028169,-46.1267605633803,-53.6971830985916,-41.7253521126761,-50.7042253521127,-53.8732394366197,-46.830985915493,-41.5492957746479,-46.1267605633803,-51.9366197183098,-44.1901408450704,-50.1760563380282,-46.1267605633803,-42.2535211267606,-46.3028169014084,-54.5774647887324,-43.1338028169014,-53.8732394366197,-49.2957746478873,-47.5352112676056,-49.1197183098592,-47.887323943662,-46.3028169014084
12,-46.2068965517241,-56.6896551724138,-44,-47.1724137931035,-48.2758620689655,-47.0344827586207,-41.9310344827586,-51.0344827586207,-25.2413793103448,-45.6551724137931,-53.6551724137931,-60.6896551724138,-61.3793103448276,-43.0344827586207,-44.4137931034483,-51.448275862069,-46.3448275862069,-52.1379310344828,-49.7931034482759,-48.1379310344828,-44.2758620689655,-50.6206896551724,-47.1724137931035,-49.1034482758621,-42.2068965517241,-53.7931034482759,-42.8965517241379,-50.8965517241379,-50.8965517241379,-54.0689655172414,-36,-48.9655172413793,-47.5862068965517,-45.6551724137931,-42.6206896551724,-49.7931034482759,-50.6206896551724,-53.6551724137931,-48.2758620689655,-49.7931034482759,-43.8620689655172,-44.9655172413793,-45.6551724137931,-48.4137931034483,-49.2413793103448,-48.8275862068966,-47.448275862069,-47.448275862069,-47.8620689655172,-53.2413793103448,-47.7241379310345,-47.7241379310345,-47.1724137931035,-51.5862068965517,-52,-49.1034482758621,-47.5862068965517,-43.5862068965517,-48.2758620689655,-50.8965517241379,-46.0689655172414,-49.6551724137931,-47.7241379310345,-48.8275862068966,-40.9655172413793,-57.6551724137931,-54.8965517241379,-43.0344827586207,-47.0344827586207,-54.0689655172414,-49.6551724137931,-49.6551724137931,-53.5172413793103,-44.551724137931,-52.8275862068966,-53.2413793103448,-42.7586206896552,-46.8965517241379,-43.8620689655172,-48.6896551724138,-44.4137931034483,-44.9655172413793,-47.7241379310345,-52.2758620689655,-53.3793103448276,-44.6896551724138,-46.8965517241379,-43.1724137931034,-49.3793103448276,-43.448275862069,-48.9655172413793,-45.3793103448276,-53.6551724137931,-47.7241379310345,-48.4137931034483,-46.4827586206897,-48.8275862068966,-49.5172413793103,-47.8620689655172,-46.3448275862069,-48.2758620689655,-43.7241379310345,-49.5172413793103,-49.1034482758621,-46.7586206896552,-49.2413793103448,-48.4137931034483,-43.3103448275862,-43.1724137931034,-45.7931034482759,-46.2068965517241,-50.6206896551724,-45.5172413793103,-44.2758620689655,-49.6551724137931,-49.3793103448276,-49.7931034482759,-52.6896551724138,-46.8965517241379,-48.551724137931,-53.7931034482759,-47.3103448275862,-44.6896551724138,-50.0689655172414,-52,-47.7241379310345,-51.3103448275862,-45.2413793103448,-40.2758620689655,-45.7931034482759,-56.1379310344828,-49.9310344827586,-49.5172413793103,-47.3103448275862,-49.6551724137931,-43.3103448275862,-39.3103448275862,-48.551724137931,-48,-43.448275862069,-47.3103448275862,-45.7931034482759,-45.2413793103448,-51.0344827586207,-52.551724137931,-49.1034482758621,-50.0689655172414,-45.3793103448276,-45.1034482758621,-49.2413793103448,-50.7586206896552,-48.2758620689655,-36,-52.9655172413793,-48.6896551724138,-47.7241379310345,-48.2758620689655,-55.1724137931034,-44.6896551724138,-45.6551724137931,-51.7241379310345,-47.7241379310345,-48.4137931034483,-49.9310344827586,-50.6206896551724,-48.6896551724138,-48.4137931034483,-49.9310344827586,-49.1034482758621,-45.7931034482759,-46.8965517241379,-46.7586206896552,-44.9655172413793,-42.6206896551724,-47.1724137931035,-49.2413793103448,-50.0689655172414,-51.3103448275862,-48,-42.4827586206897,-45.1034482758621,-49.6551724137931,-48.551724137931,-46.6206896551724,-48.9655172413793,-47.1724137931035,-50.2068965517241,-48.4137931034483,-51.5862068965517,-47.3103448275862,-42.7586206896552,-45.9310344827586,-44.6896551724138,-48.9655172413793,-51.7241379310345,-56.6896551724138,-51.448275862069,-49.7931034482759,-51.7241379310345,-48.6896551724138,-51.1724137931034,-42.2068965517241,-49.6551724137931,-44.4137931034483,-48.6896551724138,-47.448275862069,-47.7241379310345,-47.1724137931035,-48,-51.3103448275862,-51.8620689655172,-44.8275862068966,-47.448275862069,-51.0344827586207,-51.0344827586207,-41.6551724137931,-50.4827586206897,-49.7931034482759,-46.7586206896552,-47.7241379310345,-46.3448275862069,-45.1034482758621,-46.0689655172414,-44.8275862068966,-48.6896551724138,-43.448275862069,-48,-37.1034482758621,-45.2413793103448,-48.2758620689655,-43.8620689655172,-37.2413793103448,-44.2758620689655,-44.4137931034483,-51.448275862069,-41.9310344827586,-49.1034482758621,-54.4827586206897,-45.3793103448276,-43.1724137931034,-49.2413793103448,-50.2068965517241,-44.2758620689655,-50.2068965517241,-49.3793103448276,-47.1724137931035,-49.3793103448276,-52.9655172413793,-47.7241379310345,-50.3448275862069,-47.7241379310345,-49.3793103448276,-48,-49.2413793103448,-42.0689655172414
13,-22.1739130434783,-21.9130434782609,-20.695652173913,-24.8695652173913,-23.7391304347826,-21.5652173913043,-19.2173913043478,-27.4782608695652,-4.08695652173913,-19.9130434782609,-28.3478260869565,-72.3478260869565,-73.4782608695652,-22.2608695652174,-22.9565217391304,-26.6086956521739,-23.7391304347826,-28.7826086956522,-24.0869565217391,-26.7826086956522,-24.7826086956522,-23.1304347826087,-24.7826086956522,-26,-21.6521739130435,-27.4782608695652,-27.7391304347826,-28.5217391304348,-25.8260869565217,-25.6521739130435,-19.3913043478261,-25.8260869565217,-23.9130434782609,-22,-21.5652173913043,-26.8695652173913,-26.2608695652174,-28.3478260869565,-26,-27.9130434782609,-21.5652173913043,-21.6521739130435,-24.0869565217391,-26.3478260869565,-24.1739130434783,-27.9130434782609,-23.7391304347826,-26.2608695652174,-25.0434782608696,-26.1739130434783,-21.3913043478261,-24.9565217391304,-26.2608695652174,-28,-28.695652173913,-26.695652173913,-24.4347826086956,-20.695652173913,-21.1304347826087,-25.8260869565217,-23.4782608695652,-25.2173913043478,-22.4347826086956,-26.7826086956522,-21.6521739130435,-26.9565217391304,-31.9130434782609,-23.0434782608696,-22.4347826086956,-25.5652173913044,-25.0434782608696,-23.3913043478261,-28.4347826086957,-21.304347826087,-27.1304347826087,-23.3913043478261,-20.6086956521739,-23.7391304347826,-21.1304347826087,-23.7391304347826,-24.0869565217391,-23.2173913043478,-24.1739130434783,-29.0434782608696,-29.1304347826087,-23.3913043478261,-24.8695652173913,-20.4347826086957,-24.1739130434783,-20,-23.304347826087,-22.0869565217391,-23.3913043478261,-25.0434782608696,-26.6086956521739,-23.9130434782609,-26.2608695652174,-26.4347826086956,-24.5217391304348,-24.1739130434783,-24.695652173913,-21.304347826087,-24.5217391304348,-23.8260869565217,-24.2608695652174,-27.3913043478261,-25.0434782608696,-20.9565217391304,-22.7826086956522,-21.7391304347826,-25.9130434782609,-28.9565217391304,-21.9130434782609,-22.7826086956522,-24.7826086956522,-25.7391304347826,-26.4347826086956,-26,-25.304347826087,-26.9565217391304,-23.8260869565217,-24.2608695652174,-19.9130434782609,-25.2173913043478,-25.9130434782609,-21.9130434782609,-23.9130434782609,-24.4347826086956,-17.4782608695652,-24.7826086956522,-30.3478260869565,-26,-24.7826086956522,-24.9565217391304,-24.4347826086956,-20.8695652173913,-20.8695652173913,-26.8695652173913,-25.9130434782609,-21.6521739130435,-20.7826086956522,-23.1304347826087,-24.3478260869565,-25.4782608695652,-28,-26.3478260869565,-27.304347826087,-23.9130434782609,-24.2608695652174,-23.304347826087,-24.695652173913,-25.7391304347826,-19.304347826087,-27.4782608695652,-26.4347826086956,-24.8695652173913,-21.8260869565217,-28.4347826086957,-22.8695652173913,-20.5217391304348,-27.5652173913044,-24.695652173913,-25.4782608695652,-23.7391304347826,-27.6521739130435,-24.7826086956522,-24,-24.9565217391304,-25.0434782608696,-23.6521739130435,-24.9565217391304,-21.8260869565217,-24.6086956521739,-20.5217391304348,-23.3913043478261,-23.6521739130435,-27.3913043478261,-24.1739130434783,-23.6521739130435,-19.4782608695652,-21.6521739130435,-23.1304347826087,-23.6521739130435,-24.6086956521739,-25.1304347826087,-23.7391304347826,-25.4782608695652,-23.4782608695652,-26.1739130434783,-25.304347826087,-22.6086956521739,-21.8260869565217,-22.7826086956522,-23.4782608695652,-24.7826086956522,-31.1304347826087,-28.695652173913,-26.0869565217391,-25.8260869565217,-24.6086956521739,-29.3913043478261,-24.7826086956522,-24.5217391304348,-25.304347826087,-25.7391304347826,-24.5217391304348,-22.1739130434783,-23.0434782608696,-22.4347826086956,-25.7391304347826,-25.7391304347826,-23.0434782608696,-24.7826086956522,-23.6521739130435,-26.9565217391304,-19.7391304347826,-26.5217391304348,-23.7391304347826,-24.8695652173913,-23.3913043478261,-24.6086956521739,-22.695652173913,-20.3478260869565,-20.9565217391304,-23.4782608695652,-21.4782608695652,-25.9130434782609,-20.2608695652174,-22.5217391304348,-24.9565217391304,-21.5652173913043,-19.304347826087,-24.6086956521739,-21.0434782608696,-24.1739130434783,-21.8260869565217,-25.3913043478261,-26.6086956521739,-22.5217391304348,-24.2608695652174,-25.6521739130435,-27.6521739130435,-21.3913043478261,-26.1739130434783,-24.5217391304348,-24.0869565217391,-26.0869565217391,-26.6086956521739,-21.304347826087,-23.7391304347826,-22.5217391304348,-24.6086956521739,-27.4782608695652,-24.5217391304348,-20.6086956521739
14,-33.641404805915,-39.09426987061,-35.5822550831793,-24.6765249537893,-30.2218114602588,-27.1719038817006,-35.8595194085028,-34.6580406654344,-4.34380776340111,-38.0776340110906,-35.7670979667283,-69.7781885397412,-71.1645101663586,-28.5582255083179,-31.8853974121996,-34.1035120147874,-29.2975970425139,-40.1109057301294,-35.0277264325323,-36.8761552680222,-32.2550831792976,-36.8761552680222,-34.6580406654344,-32.2550831792976,-30.4066543438078,-39.0018484288355,-32.9944547134935,-40.4805914972274,-36.5064695009242,-38.724584103512,-29.3900184842883,-36.1367837338262,-35.5822550831793,-34.0110905730129,-28.9279112754159,-34.6580406654344,-42.7911275415896,-37.8927911275416,-35.4898336414048,-37.8927911275416,-34.4731977818854,-35.3974121996303,-36.0443622920518,-37.1534195933457,-39.8336414048059,-37.7079482439926,-35.4898336414048,-30.4990757855823,-37.4306839186691,-39.8336414048059,-37.2458410351202,-38.6321626617375,-38.724584103512,-38.8170055452865,-38.1700554528651,-37.0609981515712,-33.9186691312384,-32.8096118299446,-36.5988909426987,-38.909426987061,-35.7670979667283,-32.2550831792976,-35.3049907578558,-34.8428835489834,-28.373382624769,-42.4214417744917,-40.6654343807763,-35.5822550831793,-35.3974121996303,-39.5563770794824,-37.3382624768946,-35.0277264325323,-38.354898336414,-34.0110905730129,-37.1534195933457,-42.0517560073937,-31.3308687615527,-37.6155268022181,-34.2883548983364,-37.7079482439926,-28.6506469500924,-34.9353049907579,-36.5988909426987,-42.3290203327172,-39.8336414048059,-28.9279112754159,-35.2125693160813,-33.086876155268,-37.3382624768946,-35.1201478743068,-34.8428835489834,-32.0702402957486,-36.5988909426987,-35.9519408502773,-34.9353049907579,-37.7079482439926,-33.7338262476895,-37.4306839186691,-36.2292051756007,-36.8761552680222,-35.0277264325323,-33.3641404805915,-37.7079482439926,-37.9852125693161,-35.8595194085028,-37.0609981515712,-35.2125693160813,-29.4824399260628,-26.7097966728281,-35.5822550831793,-33.456561922366,-33.1792975970425,-31.9778188539741,-33.5489833641405,-36.3216266173752,-38.8170055452865,-35.1201478743068,-36.8761552680222,-37.5231053604436,-36.6913123844732,-38.8170055452865,-35.2125693160813,-35.0277264325323,-39.5563770794824,-37.6155268022181,-38.2624768946396,-43.8077634011091,-31.7005545286506,-29.4824399260628,-33.1792975970425,-43.1608133086876,-38.0776340110906,-35.3049907578558,-37.8003696857671,-35.3049907578558,-34.8428835489834,-28.9279112754159,-39.279112754159,-34.5656192236599,-32.7171903881701,-30.2218114602588,-35.7670979667283,-35.3049907578558,-39.09426987061,-33.8262476894639,-35.6746765249538,-31.8853974121996,-34.1035120147874,-32.902033271719,-32.3475046210721,-39.9260628465804,-36.2292051756007,-25.9704251386322,-38.2624768946396,-34.6580406654344,-38.724584103512,-38.724584103512,-38.4473197781885,-33.5489833641405,-32.0702402957486,-38.724584103512,-36.4140480591497,-32.7171903881701,-35.3049907578558,-36.5988909426987,-38.909426987061,-40.1109057301294,-38.6321626617375,-35.6746765249538,-31.4232902033272,-37.0609981515712,-38.539741219963,-31.2384473197782,-29.3900184842883,-34.2883548983364,-35.7670979667283,-39.279112754159,-36.9685767097967,-33.3641404805915,-32.3475046210721,-37.1534195933457,-31.3308687615527,-38.1700554528651,-37.1534195933457,-37.1534195933457,-35.1201478743068,-38.1700554528651,-36.6913123844732,-35.5822550831793,-34.4731977818854,-28.003696857671,-36.1367837338262,-33.1792975970425,-33.9186691312384,-33.9186691312384,-43.8077634011091,-38.1700554528651,-42.0517560073937,-37.0609981515712,-36.1367837338262,-38.4473197781885,-32.6247689463956,-34.4731977818854,-36.0443622920518,-40.9426987060998,-35.1201478743068,-37.2458410351202,-37.4306839186691,-34.1959334565619,-37.3382624768946,-38.0776340110906,-36.5064695009242,-35.4898336414048,-40.2957486136784,-40.5730129390018,-29.4824399260628,-33.3641404805915,-38.6321626617375,-32.4399260628466,-38.4473197781885,-35.3974121996303,-34.0110905730129,-37.4306839186691,-34.4731977818854,-38.2624768946396,-30.6839186691312,-36.0443622920518,-29.3900184842883,-35.5822550831793,-37.1534195933457,-36.7837338262477,-29.1127541589649,-31.0536044362292,-35.6746765249538,-36.2292051756007,-31.7005545286506,-33.456561922366,-40.3881700554529,-36.7837338262477,-31.3308687615527,-37.4306839186691,-37.1534195933457,-34.2883548983364,-32.1626617375231,-36.5064695009242,-32.2550831792976,-36.2292051756007,-36.5988909426987,-34.7504621072089,-32.5323475046211,-35.4898336414048,-37.4306839186691,-36.3216266173752,-36.7837338262477,-30.7763401109057
15,-41.1136536994661,-46.8344774980931,-40.5797101449275,-35.2402745995423,-38.0625476735317,-33.257055682685,-40.5797101449275,-38.13882532418,-9.99237223493516,-40.4271548436308,-41.2662090007628,-65.8276125095347,-67.581998474447,-38.2913806254767,-42.1815408085431,-43.7833714721587,-39.2067124332571,-47.5209763539283,-41.952707856598,-40.1220442410374,-40.5034324942792,-46.9107551487414,-41.1899313501144,-40.4271548436308,-40.045766590389,-45.6903127383677,-38.8253241800153,-42.3340961098398,-41.0373760488177,-44.7749809305873,-40.8085430968726,-41.1136536994661,-43.4019832189169,-41.7238749046529,-38.5202135774218,-42.1052631578947,-51.1060259344012,-43.3257055682685,-44.0884820747521,-40.884820747521,-40.6559877955759,-41.4187643020595,-40.4271548436308,-45.0800915331808,-44.0122044241037,-45.3852021357742,-43.2494279176201,-41.8001525553013,-40.1983218916857,-43.3257055682685,-41.7238749046529,-47.2158657513349,-43.2494279176201,-41.3424866514111,-45.3852021357742,-42.79176201373,-44.9275362318841,-43.0205949656751,-39.5118230358505,-44.9275362318841,-41.2662090007628,-42.1815408085431,-41.952707856598,-41.8764302059497,-35.3928299008391,-44.3935926773455,-48.512585812357,-44.6224256292906,-42.1052631578947,-44.698703279939,-42.9443173150267,-38.9016018306636,-43.0968726163234,-42.7154843630816,-41.952707856598,-45.0800915331808,-41.5713196033562,-43.859649122807,-41.7238749046529,-42.4866514111365,-41.952707856598,-40.8085430968726,-41.1899313501144,-44.8512585812357,-46.2242562929062,-37.3760488176964,-44.2410373760488,-38.977879481312,-45.6903127383677,-39.8169336384439,-38.7490465293669,-37.7574370709382,-42.4103737604882,-40.3508771929825,-42.8680396643783,-40.3508771929825,-42.7154843630816,-38.4439359267735,-42.4866514111365,-47.0633104500381,-43.6308161708619,-43.7070938215103,-45.1563691838291,-43.859649122807,-44.7749809305873,-40.8085430968726,-42.8680396643783,-36.5369946605645,-38.13882532418,-43.859649122807,-38.2913806254767,-40.6559877955759,-40.045766590389,-41.8001525553013,-39.9694889397407,-42.4103737604882,-42.6392067124332,-45.3852021357742,-44.6224256292906,-39.1304347826087,-43.9359267734554,-41.3424866514111,-44.6224256292906,-46.3768115942029,-41.2662090007628,-45.4614797864226,-45.9191456903127,-41.7238749046529,-35.8504958047292,-40.6559877955759,-45.4614797864226,-41.3424866514111,-45.0800915331808,-44.7749809305873,-39.5118230358505,-38.3676582761251,-40.8085430968726,-44.2410373760488,-39.7406559877956,-42.0289855072464,-37.6048817696415,-42.3340961098398,-42.3340961098398,-40.8085430968726,-41.1899313501144,-42.9443173150267,-37.8337147215866,-44.7749809305873,-39.7406559877956,-42.1815408085431,-47.0633104500381,-42.4866514111365,-40.3508771929825,-41.952707856598,-42.1815408085431,-46.0717009916095,-43.3257055682685,-46.0717009916095,-38.9016018306636,-39.7406559877956,-44.8512585812357,-41.1899313501144,-41.0373760488177,-38.7490465293669,-45.6140350877193,-45.8428680396644,-42.2578184591915,-47.9786422578185,-40.7322654462243,-42.3340961098398,-45.1563691838291,-42.5629290617849,-42.5629290617849,-38.6727688787185,-45.6140350877193,-43.1731502669718,-45.1563691838291,-41.6475972540046,-40.7322654462243,-43.9359267734554,-41.1899313501144,-40.5034324942792,-42.4103737604882,-45.4614797864226,-41.1136536994661,-42.8680396643783,-43.1731502669718,-42.4866514111365,-40.3508771929825,-41.2662090007628,-39.2067124332571,-37.5286041189931,-42.4866514111365,-42.2578184591915,-41.3424866514111,-46.5293668954996,-41.2662090007628,-43.4782608695652,-42.1052631578947,-42.1052631578947,-45.766590389016,-39.7406559877956,-40.9610983981693,-44.8512585812357,-44.3935926773455,-44.1647597254005,-42.0289855072464,-42.1052631578947,-42.5629290617849,-42.6392067124332,-44.1647597254005,-40.6559877955759,-42.1815408085431,-45.1563691838291,-46.6819221967963,-41.1136536994661,-40.1220442410374,-39.6643783371472,-38.7490465293669,-42.3340961098398,-42.2578184591915,-42.1052631578947,-40.5797101449275,-42.8680396643783,-43.7833714721587,-40.3508771929825,-44.3173150266972,-38.4439359267735,-43.5545385202136,-43.1731502669718,-45.4614797864226,-39.6643783371472,-40.1220442410374,-43.9359267734554,-41.0373760488177,-39.9694889397407,-41.3424866514111,-45.3852021357742,-45.9191456903127,-41.4187643020595,-43.0968726163234,-43.3257055682685,-39.4355453852021,-42.2578184591915,-39.8169336384439,-43.0968726163234,-43.1731502669718,-42.0289855072464,-43.9359267734554,-39.8169336384439,-43.3257055682685,-45.6140350877193,-39.5881006864988,-44.0884820747521,-41.7238749046529
16,-44.3273905996759,-31.6855753646678,-27.3095623987034,-26.6612641815235,-29.0113452188006,-21.3938411669368,-40.1134521880065,-29.3354943273906,-14.1815235008104,-40.8427876823339,-49.1085899513776,-61.8314424635332,-64.1815235008104,-37.1150729335494,-41.4910858995138,-42.5445705024311,-39.2220421393841,-44.8136142625608,-39.708265802269,-38.2495948136143,-43.030794165316,-42.5445705024311,-45.2998379254457,-39.3841166936791,-42.7066450567261,-44.8946515397083,-40.9238249594814,-39.0599675850891,-42.1393841166937,-47.8930307941653,-31.7666126418152,-41.6531604538088,-40.9238249594814,-36.6288492706645,-41.2479740680713,-33.9546191247974,-46.5964343598055,-44.5705024311183,-40.9238249594814,-44.1653160453809,-40.3565640194489,-38.8168557536467,-37.1150729335494,-31.9286871961102,-47.9740680713128,-43.8411669367909,-44.2463533225284,-41.5721231766613,-39.7893030794165,-44.8136142625608,-47.3257698541329,-37.1150729335494,-44.7325769854133,-36.709886547812,-40.9238249594814,-40.8427876823339,-37.6823338735819,-41.4100486223663,-39.870340356564,-41.8962722852512,-36.385737439222,-44.2463533225284,-38.0875202593193,-36.547811993517,-37.1150729335494,-40.194489465154,-41.4100486223663,-44.0032414910859,-37.9254457050243,-43.6790923824959,-42.9497568881686,-39.9513776337115,-35.1701782820097,-38.9789303079417,-34.7649918962723,-41.4100486223663,-42.4635332252836,-40.8427876823339,-33.063209076175,-40.1134521880065,-43.192868719611,-40.2755267423015,-43.030794165316,-42.3824959481361,-41.3290113452188,-40.1134521880065,-36.385737439222,-33.9546191247974,-40.5186385737439,-41.0858995137763,-35.4943273905997,-42.8687196110211,-39.6272285251216,-47.0826580226904,-37.5202593192869,-40.194489465154,-41.7341977309562,-40.7617504051864,-38.4927066450567,-34.8460291734198,-35.2512155591572,-39.6272285251216,-38.5737439222042,-42.7066450567261,-40.8427876823339,-40.3565640194489,-41.8962722852512,-36.9529983792545,-39.6272285251216,-33.9546191247974,-44.0032414910859,-45.1377633711507,-41.8962722852512,-36.9529983792545,-43.5980551053485,-39.6272285251216,-41.3290113452188,-41.8962722852512,-45.2188006482982,-39.0599675850891,-36.385737439222,-36.4667747163695,-36.547811993517,-40.032414910859,-36.709886547812,-39.708265802269,-48.0551053484603,-38.3306320907618,-37.3581847649919,-40.5186385737439,-48.5413290113452,-41.4100486223663,-38.0875202593193,-38.0064829821718,-44.9756888168558,-32.4149108589951,-39.708265802269,-36.7909238249595,-43.030794165316,-41.4100486223663,-44.0842787682334,-44.1653160453809,-44.2463533225284,-43.517017828201,-37.4392220421394,-41.4100486223663,-34.6839546191248,-37.5202593192869,-39.0599675850891,-41.2479740680713,-45.2998379254457,-42.5445705024311,-39.2220421393841,-44.7325769854133,-43.517017828201,-43.517017828201,-42.3014586709887,-41.0048622366288,-36.547811993517,-42.9497568881686,-43.5980551053485,-40.2755267423015,-40.9238249594814,-44.8136142625608,-41.1669367909238,-42.8687196110211,-37.2771474878444,-44.9756888168558,-31.8476499189627,-32.9011345218801,-39.1410048622366,-45.6239870340357,-40.4376012965964,-29.8217179902755,-34.9270664505673,-39.9513776337115,-44.0842787682334,-33.6304700162075,-34.9270664505673,-35.0891410048622,-38.8168557536467,-35.2512155591572,-43.6790923824959,-37.5202593192869,-43.030794165316,-37.7633711507293,-40.194489465154,-47.8930307941653,-43.354943273906,-41.8152350081037,-36.9529983792545,-41.8152350081037,-38.5737439222042,-35.3322528363047,-39.7893030794165,-41.5721231766613,-45.0567260940032,-41.4100486223663,-40.1134521880065,-33.9546191247974,-42.4635332252836,-40.8427876823339,-43.4359805510535,-39.0599675850891,-35.3322528363047,-35.4132901134522,-41.3290113452188,-41.0048622366288,-39.7893030794165,-32.9011345218801,-43.9222042139384,-36.709886547812,-34.2787682333874,-41.8152350081037,-36.6288492706645,-42.4635332252836,-41.7341977309562,-42.6256077795786,-45.9481361426256,-46.9205834683955,-40.032414910859,-36.7909238249595,-45.7860615883306,-40.4376012965964,-40.1134521880065,-34.1166936790924,-41.6531604538088,-39.2220421393841,-45.8670988654781,-40.9238249594814,-39.1410048622366,-37.3581847649919,-42.7876823338736,-35.3322528363047,-37.1150729335494,-39.3030794165316,-39.3841166936791,-39.5461912479741,-45.0567260940032,-37.5202593192869,-45.2188006482982,-43.030794165316,-42.3824959481361,-37.6823338735819,-42.4635332252836,-43.354943273906,-38.2495948136143,-37.8444084278768,-38.4927066450567,-38.8168557536467,-33.387358184765,-36.1426256077796,-43.5980551053485,-39.4651539708266,-32.1717990275527
17,-44.0761636107193,-46.1212976022567,-44.1466854724965,-34.3441466854725,-42.3131170662906,-41.3258110014104,-44.0761636107193,-40.4795486600846,-12.3413258110014,-48.8716502115656,-44.4287729196051,-47.4612129760226,-47.1086036671368,-42.3131170662906,-44.5698166431594,-44.0056417489422,-45.2750352609309,-46.4033850493653,-43.7940761636107,-44.9224259520451,-45.5571227080395,-46.1918194640338,-47.4612129760226,-43.935119887165,-43.5825105782793,-48.5190409026798,-45.8392101551481,-46.4033850493653,-48.0959097320169,-46.4033850493653,-42.3131170662906,-46.5444287729196,-48.7306064880113,-45.6276445698166,-45.345557122708,-45.7686882933709,-48.2369534555712,-45.7686882933709,-49.083215796897,-47.179125528914,-45.7686882933709,-45.2045133991537,-45.8392101551481,-46.1212976022567,-45.6981664315938,-45.9097320169252,-46.4033850493653,-46.9675599435825,-45.7686882933709,-47.5317348377997,-44.4992947813822,-48.2369534555712,-46.262341325811,-45.1339915373766,-48.4485190409027,-45.6981664315938,-49.2947813822285,-45.9097320169252,-45.5571227080395,-46.5444287729196,-43.5119887165021,-42.031029619182,-45.6981664315938,-44.7108603667137,-38.6459802538787,-50.4231311706629,-47.3906911142454,-43.3709449929478,-44.4287729196051,-48.3779971791255,-45.4160789844852,-44.7813822284908,-48.6600846262341,-43.7940761636107,-44.7108603667137,-48.7306064880113,-43.935119887165,-45.6276445698166,-44.7813822284908,-44.1466854724965,-45.0634696755994,-45.6981664315938,-44.851904090268,-48.3779971791255,-44.1466854724965,-43.5825105782793,-46.7559943582511,-44.851904090268,-47.7433004231312,-45.6981664315938,-43.8645980253879,-41.114245416079,-44.9224259520451,-41.5373765867419,-46.1212976022567,-47.2496473906911,-45.6276445698166,-44.7108603667137,-47.1086036671368,-46.8970380818054,-46.7559943582511,-45.9802538787024,-47.3906911142454,-45.7686882933709,-46.5444287729196,-45.2045133991537,-44.9224259520451,-43.0888575458392,-42.3836389280677,-45.9097320169252,-41.6784203102962,-43.5119887165021,-45.6276445698166,-43.0183356840621,-45.6981664315938,-44.9224259520451,-44.851904090268,-45.7686882933709,-47.179125528914,-46.1212976022567,-46.6854724964739,-43.8645980253879,-46.262341325811,-49.2242595204513,-45.2750352609309,-46.9675599435825,-47.5317348377997,-44.7108603667137,-42.2425952045134,-44.2172073342736,-47.179125528914,-44.5698166431594,-45.6981664315938,-48.7306064880113,-45.6276445698166,-43.7940761636107,-43.3709449929478,-44.0761636107193,-43.2299012693935,-43.7940761636107,-41.4668547249647,-47.5317348377997,-44.0761636107193,-44.5698166431594,-43.6530324400564,-45.6276445698166,-42.8772919605078,-46.1212976022567,-42.8067700987306,-45.4866008462623,-48.2369534555712,-40.6205923836389,-43.8645980253879,-46.1918194640338,-46.9675599435825,-47.3201692524683,-45.8392101551481,-44.6403385049365,-42.7362482369535,-44.3582510578279,-47.2496473906911,-41.607898448519,-43.5825105782793,-43.7940761636107,-48.6600846262341,-48.1664315937941,-47.8843441466855,-48.5190409026798,-47.3201692524683,-45.4160789844852,-45.4160789844852,-46.8970380818054,-46.3328631875881,-40.6205923836389,-43.2299012693935,-45.7686882933709,-47.0380818053597,-42.2425952045134,-44.2172073342736,-43.7235543018336,-44.851904090268,-42.8772919605078,-46.6854724964739,-46.4739069111425,-45.7686882933709,-44.5698166431594,-46.1918194640338,-43.3709449929478,-47.2496473906911,-44.5698166431594,-40.5500705218618,-43.3709449929478,-43.3004231311707,-43.1593794076164,-46.6854724964739,-49.3653032440056,-46.4033850493653,-44.7108603667137,-44.6403385049365,-44.4992947813822,-46.8265162200282,-45.2045133991537,-43.7235543018336,-46.7559943582511,-44.5698166431594,-45.345557122708,-48.3074753173484,-44.0761636107193,-46.0507757404795,-45.7686882933709,-46.4033850493653,-43.5825105782793,-43.2299012693935,-45.6276445698166,-48.2369534555712,-41.3963328631876,-47.3201692524683,-45.9097320169252,-42.7362482369535,-45.9802538787024,-47.7433004231312,-46.3328631875881,-43.7940761636107,-45.9802538787024,-46.1212976022567,-44.1466854724965,-46.0507757404795,-44.7108603667137,-45.345557122708,-43.935119887165,-48.0253878702398,-42.2425952045134,-42.3836389280677,-45.2750352609309,-43.7940761636107,-47.0380818053597,-43.0183356840621,-45.2045133991537,-48.5190409026798,-42.524682651622,-48.8716502115656,-46.0507757404795,-44.6403385049365,-43.0183356840621,-47.5317348377997,-43.6530324400564,-46.1918194640338,-45.9802538787024,-47.1086036671368,-40.6911142454161,-44.851904090268,-45.9097320169252,-44.9929478138223,-44.2877291960508,-42.2425952045134
18,-49.5851946394384,-53.1589023611997,-49.5213784301213,-41.8634333120613,-49.0746649649011,-45.8200382897256,-48.3726866624123,-48.0536056158264,-7.53031269942566,-51.7549457562221,-44.9266113592853,-46.8410976388003,-46.7134652201659,-45.5647734524569,-41.6081684747926,-39.6936821952776,-42.8844926611359,-43.9693682195278,-41.1614550095724,-46.1391193363114,-46.3305679642629,-42.9483088704531,-41.9272495213784,-38.4173580089343,-40.9700063816209,-45.1818761965539,-41.0976388002553,-45.1818761965539,-41.9910657306956,-43.0121250797703,-43.0759412890874,-43.5864709636248,-48.5003190810466,-47.0963624760689,-42.0548819400128,-48.5003190810466,-41.2890874282068,-41.6719846841098,-45.8838544990428,-42.1825143586471,-42.3101467772814,-41.9910657306956,-49.3937460114869,-44.4160816847479,-41.1614550095724,-43.9055520102106,-44.0331844288449,-41.0338225909381,-43.5226547543076,-41.9272495213784,-38.6088066368858,-49.2022973835354,-42.5654116145501,-46.6496490108488,-41.0976388002553,-48.5003190810466,-47.0325462667518,-40.9700063816209,-46.7134652201659,-50.0319081046586,-43.7141033822591,-39.3746011486918,-47.9259731971921,-45.6924058710913,-44.2246330567964,-44.0331844288449,-44.5437141033823,-39.9489470325463,-47.4154435226548,-44.0331844288449,-46.7134652201659,-41.5443522654754,-44.2246330567964,-48.7555839183152,-39.3746011486918,-45.1180599872368,-44.8627951499681,-47.5430759412891,-50.7338864071474,-43.2035737077218,-42.9483088704531,-44.9266113592853,-41.5443522654754,-50.3509891512444,-48.6917677089981,-39.7574984045948,-46.4582003828973,-44.9904275686024,-49.3299298021697,-43.5864709636248,-40.0127632418634,-39.9489470325463,-49.0746649649011,-41.6081684747926,-48.8194001276324,-47.6707083599234,-45.1180599872368,-40.3318442884493,-50.5424377791959,-41.2252712188896,-48.2450542437779,-41.4167198468411,-48.1174218251436,-44.2246330567964,-43.5864709636248,-41.2890874282068,-42.4377791959158,-46.9049138481174,-37.3962986598596,-40.0765794511806,-41.3529036375239,-41.6719846841098,-43.1397574984046,-45.9476707083599,-42.6930440331844,-45.6285896617741,-42.3739629865986,-41.9910657306956,-41.2890874282068,-48.1812380344607,-48.1812380344607,-47.6068921506062,-41.0338225909381,-49.5213784301213,-46.1391193363114,-47.0325462667518,-46.2667517549458,-44.9266113592853,-37.7791959157626,-40.2680280791321,-41.8634333120613,-45.3095086151883,-40.4594767070836,-49.5213784301213,-40.6509253350351,-39.1831525207403,-42.1825143586471,-40.8423739629866,-40.3956604977664,-37.1410338225909,-40.3318442884493,-42.3101467772814,-45.7562220804084,-39.8851308232291,-41.3529036375239,-43.8417358008934,-44.6075303126994,-46.4582003828973,-43.0121250797703,-37.0772176132738,-42.1825143586471,-45.6924058710913,-41.7358008934269,-36.5666879387364,-46.6496490108488,-44.2246330567964,-44.5437141033823,-41.6081684747926,-45.5009572431398,-39.7574984045948,-43.0121250797703,-40.3956604977664,-35.9923420548819,-42.1825143586471,-42.5015954052329,-45.3733248245054,-49.8404594767071,-47.2878111040204,-42.9483088704531,-48.1174218251436,-48.9470325462668,-40.2042118698149,-42.3101467772814,-44.9266113592853,-47.7983407785578,-41.5443522654754,-44.6075303126994,-45.3733248245054,-37.0134014039566,-47.6707083599234,-46.9687300574346,-37.2686662412253,-40.5232929164008,-48.3088704530951,-42.3101467772814,-46.9049138481174,-45.1180599872368,-39.5660497766433,-41.0976388002553,-42.1186981493299,-39.1193363114231,-42.5654116145501,-45.2456924058711,-48.4365028717294,-42.3101467772814,-51.3720485003191,-40.7785577536694,-48.1174218251436,-47.4154435226548,-46.7772814294831,-38.9278876834716,-40.0127632418634,-42.3739629865986,-45.6285896617741,-44.4798978940651,-37.3324824505424,-47.7983407785578,-43.8417358008934,-44.9904275686024,-40.5232929164008,-40.9061901723038,-48.0536056158264,-47.7345245692406,-41.4167198468411,-49.7766432673899,-40.6509253350351,-40.2680280791321,-43.9055520102106,-38.9917038927888,-42.6930440331844,-45.4371410338226,-37.4601148691768,-41.9910657306956,-40.9061901723038,-49.6490108487556,-43.2035737077218,-46.2667517549458,-41.5443522654754,-42.1825143586471,-44.4798978940651,-50.7977026164646,-44.4798978940651,-39.2469687300574,-48.6917677089981,-44.1608168474793,-50.4148053605616,-38.6726228462029,-47.1601786853861,-46.9687300574346,-45.6285896617741,-46.8410976388003,-43.5864709636248,-44.2246330567964,-43.5864709636248,-40.4594767070836,-43.1397574984046,-40.3318442884493,-46.8410976388003,-47.6068921506062,-41.0338225909381,-46.7134652201659,-48.8832163369496,-43.1397574984046,-47.8621569878749,-45.9476707083599
