PeriodId,persist-spreading-52,persist-spreading-88,persist-spreading-91,persist-spreading-94,persist-spreading-97,persist-spreading-100,persist-spreading-103,persist-spreading-106,persist-spreading-109,persist-spreading-112,persist-spreading-115,persist-spreading-118,persist-spreading-121,persist-spreading-125,persist-spreading-128,persist-spreading-131,persist-spreading-134,persist-spreading-137,persist-spreading-140,persist-spreading-143,persist-spreading-146,persist-spreading-149,persist-spreading-152,persist-spreading-155,persist-spreading-158,persist-spreading-161,persist-spreading-164,persist-spreading-167,persist-spreading-170,persist-spreading-173,persist-spreading-176,persist-spreading-179,persist-spreading-182,persist-spreading-185,persist-spreading-188,persist-spreading-191,persist-spreading-194,persist-spreading-197,persist-spreading-200,persist-spreading-203,persist-spreading-206,persist-spreading-209,persist-spreading-212,persist-spreading-215,persist-spreading-218,persist-spreading-221,persist-spreading-224,persist-spreading-227,persist-spreading-230,persist-spreading-233,persist-spreading-236,persist-spreading-239,persist-spreading-242,persist-spreading-245,persist-spreading-248,persist-spreading-251,persist-spreading-254,persist-spreading-257,persist-spreading-260,persist-spreading-263,persist-spreading-266,persist-spreading-269,persist-spreading-272,persist-spreading-275,persist-spreading-278,persist-spreading-281,persist-spreading-284,persist-spreading-287,persist-spreading-290,persist-spreading-293,persist-spreading-296,persist-spreading-299,persist-spreading-302,persist-spreading-305,persist-spreading-308,persist-spreading-311,persist-spreading-314,persist-spreading-317,persist-spreading-320,persist-spreading-323,persist-spreading-326,persist-spreading-329,persist-spreading-332,persist-spreading-335,persist-spreading-338,persist-spreading-341,persist-spreading-344,persist-spreading-347,persist-spreading-350,persist-spreading-353,persist-spreading-356,persist-spreading-359,persist-spreading-362,persist-spreading-365,persist-spreading-368,persist-spreading-371,persist-spreading-374,persist-spreading-377,persist-spreading-380,persist-spreading-383,persist-spreading-386,persist-spreading-389,persist-spreading-392,persist-spreading-395,persist-spreading-398,persist-spreading-401,persist-spreading-404,persist-spreading-407,persist-spreading-410,persist-spreading-413,persist-spreading-416,persist-spreading-419,persist-spreading-422,persist-spreading-425,persist-spreading-428,persist-spreading-431,persist-spreading-434,persist-spreading-437,persist-spreading-440,persist-spreading-443,persist-spreading-446,persist-spreading-449,persist-spreading-452,persist-spreading-455,persist-spreading-458,persist-spreading-461,TurnoverRec-533,TurnoverRec-536,TurnoverRec-539,TurnoverRec-542,TurnoverRec-545,TurnoverRec-548,TurnoverRec-551,TurnoverRec-554,TurnoverRec-557,TurnoverRec-560,TurnoverRec-563,TurnoverRec-566,TurnoverRec-569,TurnoverRec-572,TurnoverRec-575,TurnoverRec-578,TurnoverRec-581,TurnoverRec-584,TurnoverRec-587,TurnoverRec-590,TurnoverRec-593,TurnoverRec-596,TurnoverRec-599,TurnoverRec-602,TurnoverRec-605,TurnoverRec-608,TurnoverRec-611,TurnoverRec-614,TurnoverRec-617,TurnoverRec-620,TurnoverRec-623,TurnoverRec-10696,TurnoverRec-10699,TurnoverRec-10714,TurnoverRec-10717,TurnoverRec-10720,TurnoverRec-10723,TurnoverRec-10726,TurnoverRec-10729,TurnoverRec-10732,TurnoverRec-10735,TurnoverRec-10738,TurnoverRec-10741,TurnoverRec-10744,TurnoverRec-10747,TurnoverRec-10750,TurnoverRec-10753,TurnoverRec-10756,TurnoverRec-10759,TurnoverRec-10762,TurnoverRec-10765,TurnoverRec-10768,TurnoverRec-10771,TurnoverRec-10774,TurnoverRec-10777,TurnoverRec-10780,TurnoverRec-10783,TurnoverRec-10786,TurnoverRec-10789,TurnoverRec-10792,TurnoverRec-10795,TurnoverRec-10798,TurnoverRec-10801,TurnoverRec-10804,TurnoverRec-10807,TurnoverRec-10810,TurnoverRec-10813,TurnoverRec-10816,TurnoverRec-10819,TurnoverRec-10822,TurnoverRec-10825,TurnoverRec-10828,TurnoverRec-10831,TurnoverRec-10834,TurnoverRec-10837,TurnoverRec-10840,TurnoverRec-10843,TurnoverRec-10848,TurnoverRec-10851,TurnoverRec-10854,TurnoverRec-10857,TurnoverRec-10860,TurnoverRec-10863,TurnoverRec-10866,TurnoverRec-10869,TurnoverRec-10872,TurnoverRec-10875,TurnoverRec-10878,TurnoverRec-10881,TurnoverRec-10884,TurnoverRec-10887,TurnoverRec-10890,TurnoverRec-10893,TurnoverRec-10896,TurnoverRec-10899,TurnoverRec-10902,TurnoverRec-10905,TurnoverRec-10909,TurnoverRec-10912,TurnoverRec-10915,TurnoverRec-10918,TurnoverRec-10921,TurnoverRec-10924,TurnoverRec-10927,TurnoverRec-10930,TurnoverRec-10933,TurnoverRec-10936,TurnoverRec-10939,TurnoverRec-10942,TurnoverRec-10945,TurnoverRec-10948,TurnoverRec-10951
1,-20,-20,-60,-20,-70,-60,-20,-10,-70,-70,-60,-20,-10,-10,-10,-60,-60,-10,-70,-60,-70,-20,-20,-20,-70,-70,-60,-60,-80,-60,-10,-10,-30,-30,-70,-60,-60,-60,-10,-10,-60,-10,-10,-20,0,-60,-10,-10,-10,-20,-60,-60,-10,-70,-60,-60,-10,-10,-10,-20,-20,-70,-70,-70,-70,-10,-70,-10,-80,-20,-10,-60,-70,-60,-60,-10,-60,-20,-10,-60,-10,-60,-10,-10,-20,-60,0,-10,-10,-20,-10,-70,-20,-10,-70,-10,-20,-70,-20,-20,-80,-60,-60,-60,-20,-20,-60,-60,0,-70,-60,-20,-10,-20,-10,-10,-60,-10,-70,-60,-70,-20,-60,-50,-70,-60,-20,-70,-10,-10,-20,-10,-60,-60,-70,-50,-20,-60,-20,-60,-60,-70,-70,-60,-60,-70,-10,-70,-50,-70,-20,-20,-10,-20,-10,-70,-10,-60,-20,-20,-70,-70,-20,-70,-60,-10,-10,-70,-20,-10,-70,-20,-60,-60,-10,-60,-20,-60,-10,-20,-70,-20,-10,-60,-70,-60,-60,-60,-10,-10,-10,-10,-70,-70,-80,-20,-70,-60,-60,-60,-20,-20,-20,0,-20,0,-20,-60,-60,-20,-70,-70,-60,-70,-20,-70,-60,-60,-20,-10,-70,-10,-70,-60,-10,0,-70,-70,0,-70,-60,-70,-10,-10,-70,-20,-50,-60
2,-2,-1.66666666666667,-4,-2,-3.66666666666666,-3.66666666666666,-2.33333333333333,-2,-3.33333333333333,-3.66666666666666,-3,-2,-2,-2,-1.66666666666667,-3.66666666666666,-3,-2,-4,-3,-4,-2.33333333333333,-2,-2.66666666666666,-4,-3.66666666666666,-3.66666666666666,-3.33333333333333,-3.33333333333333,-3.66666666666666,-2,-2,-2.33333333333333,-2,-3.66666666666666,-3.33333333333333,-3.33333333333333,-4,-2,-2.33333333333333,-3.33333333333333,-1.66666666666667,-2.33333333333333,-1.66666666666667,-2,-4,-2,-1.66666666666667,-1.33333333333333,-2.66666666666666,-3.33333333333333,-3.33333333333333,-2,-4,-3.66666666666666,-3.33333333333333,-1.66666666666667,-2,-2.33333333333333,-2.33333333333333,-2.33333333333333,-3.66666666666666,-4,-4,-4,-1.66666666666667,-4,-1.66666666666667,-3.66666666666666,-2,-1.66666666666667,-3,-3.33333333333333,-3.33333333333333,-3.66666666666666,-1.33333333333333,-4,-2.33333333333333,-2,-3.33333333333333,-2,-4,-1.66666666666667,-2.33333333333333,-2,-3.33333333333333,-1.66666666666667,-1.66666666666667,-2,-2,-2.33333333333333,-4,-2.66666666666666,-1.66666666666667,-4,-2,-2.33333333333333,-3.66666666666666,-1.66666666666667,-2.66666666666666,-4,-3.33333333333333,-3.33333333333333,-3.33333333333333,-2.33333333333333,-2.33333333333333,-3.33333333333333,-3.66666666666666,-2,-4,-3,-2.66666666666666,-2,-1.66666666666667,-2,-1.66666666666667,-3.33333333333333,-2,-4,-3.66666666666666,-3.66666666666666,-2.66666666666666,-4,-3.33333333333333,-4,-3.33333333333333,-2.33333333333333,-3.66666666666666,-1.33333333333333,-2,-2.33333333333333,-2,-4,-4,-4,-4,-3,-3,-2,-3.66666666666666,-4,-4,-3.66666666666666,-3.66666666666666,-4,-3.66666666666666,-2,-4,-3,-3.66666666666666,-2,-2,-2,-2,-2.33333333333333,-3.66666666666666,-1.33333333333333,-3.33333333333333,-2.33333333333333,-2.33333333333333,-4.33333333333333,-4,-2.33333333333333,-4,-3.33333333333333,-1.66666666666667,-1.66666666666667,-3.33333333333333,-2.33333333333333,-2,-3.66666666666666,-2,-3,-4,-1.33333333333333,-3.33333333333333,-2,-4.33333333333333,-2,-2,-4,-2.33333333333333,-2,-3,-4.33333333333333,-3,-3.33333333333333,-3,-1.33333333333333,-2,-1.66666666666667,-1.66666666666667,-4,-3.66666666666666,-4,-2.33333333333333,-4,-3.66666666666666,-3.66666666666666,-3.33333333333333,-1.66666666666667,-1.66666666666667,-2.33333333333333,-2,-2,-2,-2.33333333333333,-3.33333333333333,-3.66666666666666,-2,-3.66666666666666,-4.33333333333333,-3.66666666666666,-3.33333333333333,-2.66666666666666,-4.33333333333333,-3.66666666666666,-3.66666666666666,-1.66666666666667,-2.66666666666666,-4,-1.66666666666667,-3.33333333333333,-3.33333333333333,-1.66666666666667,-1.66666666666667,-3.66666666666666,-4.33333333333333,-1.66666666666667,-3.66666666666666,-3.66666666666666,-4.33333333333333,-2,-1.66666666666667,-3.66666666666666,-2,-4,-3.33333333333333
3,-3.03030303030303,-2.72727272727272,-4.24242424242425,-2.72727272727272,-4.24242424242425,-3.63636363636364,-2.42424242424243,-2.72727272727272,-3.93939393939394,-4.24242424242425,-3.93939393939394,-2.42424242424243,-2.42424242424243,-2.42424242424243,-2.42424242424243,-3.63636363636364,-3.93939393939394,-2.42424242424243,-3.93939393939394,-3.93939393939394,-4.24242424242425,-2.72727272727272,-2.72727272727272,-3.03030303030303,-4.24242424242425,-3.93939393939394,-3.93939393939394,-3.93939393939394,-3.93939393939394,-3.93939393939394,-2.72727272727272,-2.72727272727272,-2.42424242424243,-2.72727272727272,-3.93939393939394,-3.63636363636364,-3.93939393939394,-3.93939393939394,-2.42424242424243,-2.72727272727272,-3.63636363636364,-2.42424242424243,-2.42424242424243,-2.72727272727272,-2.72727272727272,-3.93939393939394,-2.72727272727272,-2.42424242424243,-2.12121212121212,-3.03030303030303,-3.93939393939394,-3.93939393939394,-2.42424242424243,-4.24242424242425,-4.24242424242425,-3.63636363636364,-2.42424242424243,-2.72727272727272,-2.72727272727272,-2.42424242424243,-2.72727272727272,-4.24242424242425,-4.54545454545454,-4.24242424242425,-3.93939393939394,-2.42424242424243,-4.24242424242425,-2.12121212121212,-3.93939393939394,-2.42424242424243,-2.42424242424243,-3.63636363636364,-3.93939393939394,-3.93939393939394,-3.63636363636364,-2.42424242424243,-4.24242424242425,-2.42424242424243,-2.42424242424243,-4.24242424242425,-2.42424242424243,-4.24242424242425,-2.12121212121212,-2.72727272727272,-2.72727272727272,-3.93939393939394,-2.42424242424243,-2.42424242424243,-2.72727272727272,-2.72727272727272,-2.72727272727272,-3.93939393939394,-2.72727272727272,-2.12121212121212,-4.54545454545454,-2.12121212121212,-2.72727272727272,-3.93939393939394,-2.42424242424243,-2.72727272727272,-3.93939393939394,-3.93939393939394,-3.93939393939394,-3.63636363636364,-2.42424242424243,-2.42424242424243,-3.93939393939394,-3.63636363636364,-2.72727272727272,-4.24242424242425,-3.63636363636364,-2.72727272727272,-2.12121212121212,-2.72727272727272,-2.12121212121212,-2.12121212121212,-3.93939393939394,-2.42424242424243,-4.24242424242425,-3.93939393939394,-4.24242424242425,-2.72727272727272,-3.93939393939394,-3.63636363636364,-3.93939393939394,-3.63636363636364,-3.03030303030303,-4.24242424242425,-2.12121212121212,-2.42424242424243,-2.72727272727272,-2.42424242424243,-3.93939393939394,-4.24242424242425,-4.54545454545454,-3.63636363636364,-3.03030303030303,-3.93939393939394,-3.03030303030303,-4.24242424242425,-3.93939393939394,-4.54545454545454,-4.24242424242425,-4.24242424242425,-4.24242424242425,-4.24242424242425,-2.42424242424243,-4.54545454545454,-3.63636363636364,-3.93939393939394,-2.72727272727272,-2.72727272727272,-2.42424242424243,-2.72727272727272,-2.42424242424243,-4.24242424242425,-2.12121212121212,-3.93939393939394,-2.72727272727272,-2.42424242424243,-4.24242424242425,-4.54545454545454,-2.72727272727272,-4.24242424242425,-3.63636363636364,-2.12121212121212,-2.42424242424243,-3.93939393939394,-2.72727272727272,-2.42424242424243,-3.93939393939394,-2.42424242424243,-3.93939393939394,-4.24242424242425,-2.12121212121212,-3.93939393939394,-2.72727272727272,-4.24242424242425,-2.42424242424243,-2.72727272727272,-4.54545454545454,-2.72727272727272,-2.72727272727272,-3.93939393939394,-4.54545454545454,-3.63636363636364,-4.24242424242425,-3.93939393939394,-2.42424242424243,-2.42424242424243,-2.42424242424243,-2.12121212121212,-4.54545454545454,-4.24242424242425,-4.24242424242425,-2.72727272727272,-4.24242424242425,-4.24242424242425,-4.24242424242425,-3.93939393939394,-2.42424242424243,-2.42424242424243,-2.72727272727272,-2.72727272727272,-2.72727272727272,-2.42424242424243,-2.42424242424243,-3.63636363636364,-3.63636363636364,-2.42424242424243,-4.24242424242425,-4.24242424242425,-3.63636363636364,-3.93939393939394,-2.72727272727272,-4.54545454545454,-3.63636363636364,-3.93939393939394,-2.72727272727272,-3.03030303030303,-4.24242424242425,-2.12121212121212,-3.93939393939394,-4.24242424242425,-2.42424242424243,-2.42424242424243,-4.24242424242425,-4.24242424242425,-2.12121212121212,-3.93939393939394,-3.63636363636364,-4.24242424242425,-2.42424242424243,-2.12121212121212,-3.93939393939394,-3.03030303030303,-3.93939393939394,-3.93939393939394
4,-2.01149425287356,-0.574712643678166,-3.16091954022989,-0.862068965517238,-4.31034482758621,-4.02298850574713,-3.44827586206896,-3.44827586206896,-2.87356321839081,-5.17241379310345,-2.58620689655172,-3.44827586206896,-3.44827586206896,-3.16091954022989,-3.16091954022989,-2.87356321839081,-2.87356321839081,-3.16091954022989,-3.44827586206896,-4.88505747126436,-3.44827586206896,-3.73563218390804,-1.14942528735632,-1.72413793103449,-4.88505747126436,-4.31034482758621,-3.44827586206896,-4.59770114942529,-2.87356321839081,-2.58620689655172,-2.01149425287356,-3.44827586206896,-1.72413793103449,-1.14942528735632,-4.88505747126436,-2.29885057471264,-5.17241379310345,-4.88505747126436,-4.02298850574713,-1.72413793103449,-2.29885057471264,-2.01149425287356,-1.4367816091954,-3.44827586206896,-1.4367816091954,-2.58620689655172,-1.72413793103449,-0.862068965517238,-3.44827586206896,-3.44827586206896,-3.16091954022989,-2.87356321839081,-2.87356321839081,-2.87356321839081,-5.17241379310345,-4.88505747126436,-1.14942528735632,-1.4367816091954,-3.44827586206896,-1.4367816091954,-3.16091954022989,-2.29885057471264,-2.87356321839081,-4.88505747126436,-2.58620689655172,-3.16091954022989,-2.29885057471264,-1.4367816091954,-2.87356321839081,-3.16091954022989,-3.73563218390804,-2.29885057471264,-4.88505747126436,-2.58620689655172,-2.87356321839081,-1.14942528735632,-5.17241379310345,-3.73563218390804,-2.01149425287356,-2.58620689655172,-2.87356321839081,-5.45977011494253,-1.4367816091954,-3.16091954022989,-1.4367816091954,-4.59770114942529,-3.44827586206896,-1.72413793103449,-3.73563218390804,-1.4367816091954,-1.72413793103449,-2.58620689655172,-3.73563218390804,-2.58620689655172,-3.16091954022989,-1.4367816091954,-1.72413793103449,-4.02298850574713,-1.4367816091954,-4.02298850574713,-2.87356321839081,-4.59770114942529,-2.87356321839081,-4.59770114942529,-3.44827586206896,-2.87356321839081,-4.59770114942529,-4.59770114942529,-1.4367816091954,-4.88505747126436,-4.59770114942529,-2.29885057471264,-1.72413793103449,-1.4367816091954,-1.4367816091954,-1.14942528735632,-4.59770114942529,-2.87356321839081,-2.58620689655172,-4.88505747126436,-4.31034482758621,-1.4367816091954,-4.59770114942529,-3.16091954022989,-4.88505747126436,-5.17241379310345,-1.72413793103449,-2.87356321839081,-1.14942528735632,-0.862068965517238,-3.44827586206896,-1.4367816091954,-5.45977011494253,-2.58620689655172,-3.16091954022989,-4.31034482758621,-3.73563218390804,-4.31034482758621,-2.29885057471264,-2.58620689655172,-2.87356321839081,-5.17241379310345,-5.45977011494253,-2.87356321839081,-3.44827586206896,-4.31034482758621,-1.4367816091954,-5.17241379310345,-4.59770114942529,-3.16091954022989,-2.87356321839081,-1.4367816091954,-0.862068965517238,-3.16091954022989,-3.44827586206896,-2.87356321839081,-2.58620689655172,-4.88505747126436,-4.02298850574713,-3.44827586206896,-2.58620689655172,-2.29885057471264,-3.16091954022989,-2.87356321839081,-2.58620689655172,-3.73563218390804,-1.72413793103449,-3.16091954022989,-3.16091954022989,-1.72413793103449,-2.87356321839081,-3.16091954022989,-2.29885057471264,-2.87356321839081,-3.44827586206896,-3.16091954022989,-1.72413793103449,-5.17241379310345,-1.72413793103449,-1.72413793103449,-2.87356321839081,-1.4367816091954,-3.73563218390804,-2.58620689655172,-2.29885057471264,-2.58620689655172,-3.16091954022989,-2.01149425287356,-1.14942528735632,-1.14942528735632,-1.72413793103449,-0.862068965517238,-4.59770114942529,-2.58620689655172,-3.16091954022989,-1.72413793103449,-4.59770114942529,-4.88505747126436,-5.45977011494253,-4.88505747126436,-3.44827586206896,-1.72413793103449,-4.02298850574713,-2.87356321839081,-1.14942528735632,-3.44827586206896,-1.14942528735632,-4.88505747126436,-4.31034482758621,-0.574712643678166,-2.87356321839081,-2.58620689655172,-3.16091954022989,-5.17241379310345,-1.72413793103449,-2.87356321839081,-5.17241379310345,-4.31034482758621,-0.862068965517238,-1.72413793103449,-5.45977011494253,-2.58620689655172,-2.29885057471264,-4.88505747126436,-2.01149425287356,-3.16091954022989,-4.88505747126436,-4.88505747126436,-2.87356321839081,-4.31034482758621,-2.58620689655172,-4.88505747126436,-3.16091954022989,-2.87356321839081,-4.59770114942529,-1.4367816091954,-5.17241379310345,-4.31034482758621
5,0.268096514745308,0,-1.34048257372654,1.07238605898123,-1.34048257372654,-3.48525469168901,-0.536193029490617,-1.07238605898123,-1.07238605898123,-2.14477211796247,-2.41286863270778,-1.07238605898123,0.268096514745308,-2.41286863270778,-1.34048257372654,-1.34048257372654,-1.60857908847185,-1.07238605898123,-0.268096514745308,-2.41286863270778,-0.268096514745308,-1.07238605898123,-0.268096514745308,0,-2.94906166219839,-2.94906166219839,-1.07238605898123,-2.68096514745308,1.07238605898123,-0.536193029490617,0.536193029490617,-2.14477211796247,1.60857908847185,1.60857908847185,-2.94906166219839,-1.87667560321716,-2.68096514745308,-2.41286863270778,-1.87667560321716,-0.268096514745308,-1.87667560321716,0,-0.268096514745308,-1.87667560321716,0.536193029490617,-1.07238605898123,-0.268096514745308,0,-2.41286863270778,-1.07238605898123,-2.41286863270778,-2.68096514745308,-1.34048257372654,-2.68096514745308,-2.14477211796247,-2.68096514745308,0,-0.804289544235925,-1.87667560321716,0.536193029490617,-2.41286863270778,-1.07238605898123,-1.34048257372654,-1.60857908847185,-1.60857908847185,-1.07238605898123,-0.536193029490617,0,0.804289544235925,-1.87667560321716,-1.60857908847185,-1.87667560321716,-2.41286863270778,-1.07238605898123,-1.34048257372654,-0.536193029490617,-3.2171581769437,-1.07238605898123,0,-0.804289544235925,-0.268096514745308,-3.2171581769437,1.07238605898123,-2.14477211796247,-0.536193029490617,-2.41286863270778,-1.07238605898123,-0.536193029490617,-1.34048257372654,0,-0.536193029490617,-1.60857908847185,-0.804289544235925,-2.14477211796247,-1.87667560321716,0,-0.804289544235925,-3.2171581769437,-1.07238605898123,-3.2171581769437,0.268096514745308,-2.68096514745308,-1.07238605898123,-2.41286863270778,-1.34048257372654,-1.60857908847185,-3.2171581769437,-1.60857908847185,0.536193029490617,-2.68096514745308,-3.2171581769437,-0.804289544235925,-0.536193029490617,-0.536193029490617,-0.268096514745308,-1.60857908847185,-2.94906166219839,-0.536193029490617,0.804289544235925,-3.48525469168901,-2.94906166219839,0.536193029490617,-3.2171581769437,-0.804289544235925,-2.68096514745308,-3.48525469168901,-0.804289544235925,-2.14477211796247,-0.268096514745308,-0.536193029490617,-2.14477211796247,-0.268096514745308,-3.75335120643432,-1.07238605898123,-1.34048257372654,-3.2171581769437,-0.804289544235925,-2.68096514745308,-0.536193029490617,-1.60857908847185,-1.07238605898123,-2.68096514745308,-2.68096514745308,-1.07238605898123,-1.87667560321716,-3.2171581769437,-0.536193029490617,-3.48525469168901,-2.41286863270778,-2.14477211796247,-1.60857908847185,-1.34048257372654,0.804289544235925,-1.60857908847185,-0.804289544235925,-0.268096514745308,-1.87667560321716,-3.48525469168901,-0.804289544235925,-1.87667560321716,-1.34048257372654,-0.804289544235925,0.268096514745308,-2.68096514745308,-1.87667560321716,-2.14477211796247,-0.536193029490617,-1.34048257372654,-2.68096514745308,0.268096514745308,-1.60857908847185,-2.14477211796247,-2.14477211796247,-1.60857908847185,-0.268096514745308,-1.34048257372654,-0.804289544235925,-2.14477211796247,-0.804289544235925,-0.268096514745308,-1.07238605898123,0,-2.14477211796247,-1.60857908847185,-2.94906166219839,-1.07238605898123,-1.34048257372654,-2.14477211796247,-0.268096514745308,0,-0.536193029490617,-0.268096514745308,-3.75335120643432,-0.536193029490617,0,-0.536193029490617,-2.41286863270778,-1.34048257372654,-2.68096514745308,-2.94906166219839,-1.34048257372654,0.268096514745308,-1.60857908847185,-1.60857908847185,1.60857908847185,-1.87667560321716,0.268096514745308,-3.48525469168901,-3.2171581769437,0.268096514745308,-1.60857908847185,1.07238605898123,-2.14477211796247,-2.41286863270778,0,-1.60857908847185,-2.41286863270778,-2.68096514745308,-0.536193029490617,-0.536193029490617,-4.02144772117963,-1.34048257372654,0.536193029490617,-2.68096514745308,0.268096514745308,-1.07238605898123,-2.41286863270778,-2.94906166219839,-1.60857908847185,-3.2171581769437,-1.34048257372654,-2.68096514745308,-1.60857908847185,-2.14477211796247,-3.75335120643432,-0.536193029490617,-2.68096514745308,-3.75335120643432
6,-4.53400503778337,-4.28211586901763,-4.28211586901763,-2.77078085642317,-4.53400503778337,-5.2896725440806,-4.03022670025189,-4.03022670025189,-4.78589420654912,-4.28211586901763,-4.28211586901763,-4.78589420654912,-4.53400503778337,-5.54156171284634,-4.78589420654912,-3.27455919395466,-4.03022670025189,-5.2896725440806,-3.5264483627204,-5.54156171284634,-3.5264483627204,-4.53400503778337,-4.28211586901763,-4.53400503778337,-4.78589420654912,-5.54156171284634,-4.28211586901763,-5.54156171284634,-2.01511335012594,-3.27455919395466,-3.27455919395466,-6.04534005037783,-2.51889168765743,-2.26700251889169,-5.54156171284634,-4.78589420654912,-6.29722921914357,-5.2896725440806,-5.54156171284634,-4.28211586901763,-4.28211586901763,-4.78589420654912,-4.53400503778337,-5.54156171284634,-3.27455919395466,-3.5264483627204,-4.28211586901763,-4.28211586901763,-5.79345088161209,-3.77833753148614,-5.2896725440806,-5.03778337531486,-4.78589420654912,-5.2896725440806,-5.54156171284634,-5.2896725440806,-4.28211586901763,-4.78589420654912,-5.2896725440806,-3.77833753148614,-5.54156171284634,-4.03022670025189,-4.28211586901763,-4.78589420654912,-4.28211586901763,-5.79345088161209,-2.77078085642317,-3.77833753148614,-1.7632241813602,-6.29722921914357,-5.2896725440806,-4.28211586901763,-4.53400503778337,-3.77833753148614,-4.53400503778337,-4.28211586901763,-4.78589420654912,-4.78589420654912,-3.5264483627204,-3.27455919395466,-4.03022670025189,-5.2896725440806,-4.28211586901763,-5.79345088161209,-3.27455919395466,-5.54156171284634,-5.03778337531486,-4.03022670025189,-5.03778337531486,-4.53400503778337,-4.28211586901763,-3.77833753148614,-5.79345088161209,-5.54156171284634,-4.53400503778337,-3.5264483627204,-4.28211586901763,-6.04534005037783,-3.77833753148614,-5.03778337531486,-2.51889168765743,-4.53400503778337,-3.5264483627204,-4.78589420654912,-6.04534005037783,-5.03778337531486,-5.54156171284634,-3.77833753148614,-4.28211586901763,-5.54156171284634,-5.54156171284634,-3.77833753148614,-4.53400503778337,-4.28211586901763,-3.77833753148614,-3.27455919395466,-5.79345088161209,-5.2896725440806,-2.51889168765743,-5.54156171284634,-5.03778337531486,-3.77833753148614,-4.78589420654912,-4.53400503778337,-5.03778337531486,-6.04534005037783,-4.53400503778337,-4.28211586901763,-4.53400503778337,-5.03778337531486,-4.78589420654912,-3.27455919395466,-5.79345088161209,-2.77078085642317,-3.77833753148614,-5.2896725440806,-4.28211586901763,-5.03778337531486,-3.5264483627204,-5.03778337531486,-3.77833753148614,-5.54156171284634,-6.04534005037783,-4.53400503778337,-3.77833753148614,-5.2896725440806,-4.53400503778337,-6.29722921914357,-4.78589420654912,-4.03022670025189,-5.54156171284634,-4.53400503778337,-4.03022670025189,-6.04534005037783,-5.54156171284634,-3.77833753148614,-5.54156171284634,-6.04534005037783,-4.78589420654912,-5.54156171284634,-3.27455919395466,-3.77833753148614,-3.77833753148614,-5.03778337531486,-4.03022670025189,-4.28211586901763,-4.28211586901763,-4.03022670025189,-5.79345088161209,-3.77833753148614,-4.03022670025189,-6.54911838790933,-2.77078085642317,-4.78589420654912,-4.53400503778337,-3.77833753148614,-3.27455919395466,-4.53400503778337,-3.77833753148614,-4.78589420654912,-3.77833753148614,-4.53400503778337,-5.03778337531486,-4.28211586901763,-4.53400503778337,-4.28211586901763,-4.28211586901763,-4.53400503778337,-4.28211586901763,-3.02267002518891,-3.77833753148614,-4.03022670025189,-5.03778337531486,-4.28211586901763,-3.02267002518891,-4.28211586901763,-5.03778337531486,-5.54156171284634,-5.03778337531486,-4.78589420654912,-5.03778337531486,-3.5264483627204,-5.2896725440806,-5.03778337531486,-3.27455919395466,-5.54156171284634,-4.28211586901763,-6.04534005037783,-5.2896725440806,-4.28211586901763,-3.77833753148614,-2.26700251889169,-4.28211586901763,-4.53400503778337,-4.53400503778337,-4.53400503778337,-5.2896725440806,-6.04534005037783,-4.03022670025189,-3.5264483627204,-6.29722921914357,-4.78589420654912,-2.77078085642317,-5.03778337531486,-3.27455919395466,-4.78589420654912,-5.79345088161209,-5.54156171284634,-5.2896725440806,-4.78589420654912,-4.28211586901763,-4.78589420654912,-4.78589420654912,-5.54156171284634,-6.29722921914357,-5.03778337531486,-5.03778337531486,-5.2896725440806
7,-7.50605326876513,-7.2639225181598,-8.47457627118644,-6.53753026634383,-8.9588377723971,-8.47457627118644,-7.02179176755448,-8.23244552058111,-7.99031476997578,-8.71670702179177,-8.23244552058111,-8.47457627118644,-7.99031476997578,-9.44309927360775,-8.9588377723971,-7.02179176755448,-8.47457627118644,-8.71670702179177,-7.74818401937046,-9.68523002421308,-7.74818401937046,-8.9588377723971,-7.74818401937046,-7.2639225181598,-9.44309927360775,-10.1694915254237,-7.74818401937046,-8.9588377723971,-7.02179176755448,-7.02179176755448,-6.2953995157385,-8.9588377723971,-5.32687651331719,-4.84261501210653,-9.92736077481841,-8.47457627118644,-9.92736077481841,-9.20096852300242,-8.71670702179177,-8.23244552058111,-7.50605326876513,-7.99031476997578,-7.99031476997578,-8.9588377723971,-7.2639225181598,-7.99031476997578,-7.50605326876513,-7.50605326876513,-9.20096852300242,-7.02179176755448,-7.99031476997578,-8.47457627118644,-8.9588377723971,-8.23244552058111,-8.9588377723971,-9.68523002421308,-7.50605326876513,-7.50605326876513,-8.71670702179177,-7.02179176755448,-8.71670702179177,-8.71670702179177,-8.47457627118644,-9.20096852300242,-8.23244552058111,-8.47457627118644,-6.77966101694916,-6.53753026634383,-6.2953995157385,-9.68523002421308,-7.74818401937046,-7.50605326876513,-9.20096852300242,-7.99031476997578,-7.74818401937046,-7.74818401937046,-9.92736077481841,-8.23244552058111,-7.02179176755448,-7.99031476997578,-7.99031476997578,-8.23244552058111,-6.77966101694916,-9.20096852300242,-6.77966101694916,-9.92736077481841,-8.47457627118644,-7.74818401937046,-9.44309927360775,-7.2639225181598,-6.53753026634383,-7.74818401937046,-9.20096852300242,-8.47457627118644,-7.50605326876513,-7.2639225181598,-7.02179176755448,-9.68523002421308,-7.02179176755448,-8.47457627118644,-6.2953995157385,-9.44309927360775,-7.74818401937046,-8.9588377723971,-8.47457627118644,-8.9588377723971,-9.68523002421308,-7.99031476997578,-7.02179176755448,-9.20096852300242,-9.68523002421308,-7.2639225181598,-7.02179176755448,-7.2639225181598,-7.2639225181598,-7.2639225181598,-9.44309927360775,-8.71670702179177,-6.77966101694916,-9.68523002421308,-10.1694915254237,-6.77966101694916,-8.47457627118644,-8.47457627118644,-9.68523002421308,-9.68523002421308,-7.50605326876513,-8.9588377723971,-7.50605326876513,-8.23244552058111,-7.74818401937046,-7.74818401937046,-10.6537530266344,-7.2639225181598,-8.47457627118644,-8.71670702179177,-7.50605326876513,-8.71670702179177,-8.47457627118644,-8.47457627118644,-7.99031476997578,-9.44309927360775,-10.1694915254237,-8.71670702179177,-7.99031476997578,-9.44309927360775,-7.2639225181598,-9.68523002421308,-8.47457627118644,-8.23244552058111,-9.20096852300242,-7.2639225181598,-7.50605326876513,-9.68523002421308,-8.23244552058111,-6.77966101694916,-8.47457627118644,-9.92736077481841,-7.99031476997578,-8.9588377723971,-7.99031476997578,-7.99031476997578,-8.71670702179177,-7.99031476997578,-8.9588377723971,-8.71670702179177,-7.99031476997578,-7.74818401937046,-9.20096852300242,-7.50605326876513,-7.2639225181598,-9.44309927360775,-7.50605326876513,-7.99031476997578,-8.47457627118644,-6.77966101694916,-6.53753026634383,-9.20096852300242,-7.2639225181598,-7.2639225181598,-6.53753026634383,-7.99031476997578,-8.71670702179177,-8.23244552058111,-7.99031476997578,-8.47457627118644,-7.99031476997578,-8.47457627118644,-7.50605326876513,-7.74818401937046,-7.2639225181598,-7.50605326876513,-10.1694915254237,-7.99031476997578,-6.2953995157385,-7.50605326876513,-8.9588377723971,-8.9588377723971,-9.20096852300242,-8.9588377723971,-8.71670702179177,-6.77966101694916,-9.20096852300242,-8.71670702179177,-7.2639225181598,-8.71670702179177,-7.02179176755448,-10.1694915254237,-9.92736077481841,-6.53753026634383,-7.50605326876513,-6.2953995157385,-7.99031476997578,-8.9588377723971,-7.74818401937046,-7.99031476997578,-9.20096852300242,-8.9588377723971,-7.50605326876513,-7.74818401937046,-9.92736077481841,-8.9588377723971,-6.53753026634383,-8.9588377723971,-7.74818401937046,-9.20096852300242,-10.1694915254237,-8.47457627118644,-8.23244552058111,-9.68523002421308,-7.99031476997578,-9.68523002421308,-8.47457627118644,-8.71670702179177,-10.1694915254237,-7.99031476997578,-9.20096852300242,-9.92736077481841
8,-15.2509652509653,-22.972972972973,-17.3745173745174,-15.6370656370656,-16.988416988417,-16.988416988417,-22.7799227799228,-16.7953667953668,-23.5521235521236,-16.7953667953668,-17.1814671814672,-23.3590733590734,-23.7451737451737,-24.9034749034749,-22.972972972973,-15.2509652509653,-16.6023166023166,-16.988416988417,-22.7799227799228,-17.7606177606178,-22.972972972973,-16.988416988417,-22.007722007722,-15.6370656370656,-24.9034749034749,-25.6756756756757,-16.6023166023166,-24.3243243243243,-16.023166023166,-22.3938223938224,-15.4440154440154,-16.988416988417,-15.2509652509653,-20.8494208494209,-24.3243243243243,-23.5521235521236,-26.2548262548263,-24.9034749034749,-23.3590733590734,-16.988416988417,-17.1814671814672,-22.7799227799228,-23.1660231660232,-17.5675675675676,-22.2007722007722,-15.8301158301158,-16.023166023166,-23.3590733590734,-23.3590733590734,-16.6023166023166,-16.023166023166,-23.5521235521236,-23.9382239382239,-16.4092664092664,-17.3745173745174,-17.3745173745174,-16.2162162162162,-22.7799227799228,-17.953667953668,-23.1660231660232,-23.3590733590734,-22.7799227799228,-16.6023166023166,-17.3745173745174,-23.7451737451737,-24.5173745173745,-15.4440154440154,-15.6370656370656,-14.8648648648649,-17.7606177606178,-16.2162162162162,-17.3745173745174,-18.1467181467181,-23.9382239382239,-16.6023166023166,-15.4440154440154,-23.9382239382239,-17.3745173745174,-22.3938223938224,-23.5521235521236,-23.5521235521236,-23.3590733590734,-21.6216216216216,-23.5521235521236,-22.972972972973,-17.7606177606178,-23.1660231660232,-22.7799227799228,-16.7953667953668,-23.1660231660232,-15.0579150579151,-16.7953667953668,-24.3243243243243,-17.5675675675676,-23.9382239382239,-22.3938223938224,-15.4440154440154,-18.1467181467181,-15.4440154440154,-24.1312741312741,-14.6718146718147,-18.1467181467181,-16.6023166023166,-17.3745173745174,-17.3745173745174,-17.5675675675676,-18.1467181467181,-23.5521235521236,-22.7799227799228,-24.1312741312741,-17.953667953668,-16.2162162162162,-22.007722007722,-15.6370656370656,-23.1660231660232,-23.3590733590734,-18.5328185328185,-16.7953667953668,-22.3938223938224,-18.5328185328185,-18.5328185328185,-16.6023166023166,-17.7606177606178,-15.8301158301158,-16.988416988417,-25.0965250965251,-16.4092664092664,-23.3590733590734,-16.4092664092664,-22.972972972973,-24.1312741312741,-22.7799227799228,-17.953667953668,-22.7799227799228,-16.4092664092664,-23.7451737451737,-23.5521235521236,-17.3745173745174,-23.1660231660232,-23.7451737451737,-22.7799227799228,-23.5521235521236,-17.953667953668,-16.2162162162162,-24.3243243243243,-18.3397683397683,-16.2162162162162,-17.1814671814672,-24.5173745173745,-16.2162162162162,-23.7451737451737,-22.3938223938224,-22.5868725868726,-24.1312741312741,-23.7451737451737,-22.2007722007722,-23.5521235521236,-25.2895752895753,-16.988416988417,-18.1467181467181,-23.3590733590734,-22.3938223938224,-23.9382239382239,-23.1660231660232,-23.5521235521236,-18.1467181467181,-22.7799227799228,-15.8301158301158,-17.7606177606178,-16.2162162162162,-16.023166023166,-24.7104247104247,-15.0579150579151,-22.7799227799228,-16.988416988417,-16.2162162162162,-22.2007722007722,-24.5173745173745,-22.007722007722,-14.8648648648649,-16.023166023166,-16.6023166023166,-24.7104247104247,-23.7451737451737,-24.7104247104247,-16.988416988417,-15.6370656370656,-23.9382239382239,-23.1660231660232,-22.5868725868726,-22.007722007722,-22.7799227799228,-17.953667953668,-23.3590733590734,-15.2509652509653,-15.6370656370656,-23.1660231660232,-17.953667953668,-24.9034749034749,-23.5521235521236,-23.5521235521236,-14.8648648648649,-17.5675675675676,-23.3590733590734,-16.2162162162162,-23.5521235521236,-22.972972972973,-24.1312741312741,-17.5675675675676,-15.4440154440154,-23.1660231660232,-14.6718146718147,-16.6023166023166,-17.1814671814672,-23.3590733590734,-22.7799227799228,-23.7451737451737,-18.3397683397683,-16.023166023166,-22.3938223938224,-25.0965250965251,-16.6023166023166,-15.2509652509653,-24.5173745173745,-16.2162162162162,-17.1814671814672,-18.1467181467181,-23.5521235521236,-23.3590733590734,-24.7104247104247,-16.4092664092664,-18.7258687258687,-17.7606177606178,-17.953667953668,-24.7104247104247,-23.5521235521236,-24.3243243243243,-18.3397683397683
9,-14.4602851323829,-21.7922606924644,-14.6639511201629,-14.0529531568228,-14.0529531568228,-14.2566191446029,-20.9775967413442,-13.6456211812627,-21.3849287169043,-13.8492871690428,-15.071283095723,-21.7922606924644,-21.3849287169043,-21.7922606924644,-21.5885947046843,-14.0529531568228,-14.4602851323829,-14.6639511201629,-20.9775967413442,-15.071283095723,-21.1812627291242,-14.2566191446029,-21.5885947046843,-14.6639511201629,-21.7922606924644,-22.1995926680244,-14.6639511201629,-21.9959266802444,-13.4419551934827,-20.9775967413442,-14.2566191446029,-14.6639511201629,-13.4419551934827,-20.3665987780041,-21.9959266802444,-22.1995926680244,-22.1995926680244,-21.9959266802444,-21.5885947046843,-14.867617107943,-14.6639511201629,-21.9959266802444,-21.9959266802444,-14.6639511201629,-21.1812627291242,-14.6639511201629,-15.071283095723,-21.5885947046843,-21.7922606924644,-14.0529531568228,-14.6639511201629,-21.9959266802444,-21.5885947046843,-15.2749490835031,-14.6639511201629,-14.2566191446029,-14.2566191446029,-21.7922606924644,-14.867617107943,-21.7922606924644,-21.9959266802444,-21.9959266802444,-15.071283095723,-14.2566191446029,-21.9959266802444,-21.5885947046843,-14.0529531568228,-14.2566191446029,-13.2382892057026,-14.867617107943,-13.8492871690428,-14.867617107943,-14.4602851323829,-21.7922606924644,-14.6639511201629,-14.6639511201629,-21.7922606924644,-14.4602851323829,-21.9959266802444,-21.3849287169043,-21.3849287169043,-21.3849287169043,-21.7922606924644,-22.1995926680244,-21.5885947046843,-14.867617107943,-21.1812627291242,-21.7922606924644,-14.867617107943,-21.5885947046843,-14.2566191446029,-14.6639511201629,-21.9959266802444,-14.867617107943,-21.5885947046843,-21.3849287169043,-14.4602851323829,-14.6639511201629,-14.6639511201629,-21.5885947046843,-13.6456211812627,-14.4602851323829,-14.867617107943,-14.4602851323829,-14.6639511201629,-14.867617107943,-15.071283095723,-21.1812627291242,-21.1812627291242,-21.5885947046843,-14.867617107943,-14.6639511201629,-21.7922606924644,-14.6639511201629,-21.5885947046843,-21.7922606924644,-14.6639511201629,-14.4602851323829,-20.7739307535642,-14.867617107943,-14.867617107943,-14.6639511201629,-13.4419551934827,-14.867617107943,-14.4602851323829,-21.5885947046843,-14.4602851323829,-21.7922606924644,-14.867617107943,-21.9959266802444,-21.5885947046843,-21.3849287169043,-15.071283095723,-21.5885947046843,-14.6639511201629,-21.1812627291242,-20.9775967413442,-14.6639511201629,-21.9959266802444,-21.7922606924644,-21.5885947046843,-21.7922606924644,-14.6639511201629,-15.071283095723,-22.1995926680244,-14.6639511201629,-14.4602851323829,-15.071283095723,-21.3849287169043,-14.4602851323829,-21.9959266802444,-21.5885947046843,-21.7922606924644,-21.7922606924644,-21.1812627291242,-20.9775967413442,-21.5885947046843,-21.5885947046843,-13.6456211812627,-14.6639511201629,-21.5885947046843,-21.5885947046843,-21.3849287169043,-21.7922606924644,-21.9959266802444,-14.6639511201629,-21.5885947046843,-14.4602851323829,-14.867617107943,-14.6639511201629,-14.6639511201629,-21.9959266802444,-14.2566191446029,-21.5885947046843,-13.6456211812627,-14.2566191446029,-21.9959266802444,-20.7739307535642,-21.7922606924644,-14.867617107943,-13.8492871690428,-14.4602851323829,-21.3849287169043,-21.7922606924644,-22.1995926680244,-14.867617107943,-14.6639511201629,-21.9959266802444,-21.3849287169043,-21.3849287169043,-21.5885947046843,-21.5885947046843,-14.867617107943,-21.9959266802444,-13.6456211812627,-14.6639511201629,-21.5885947046843,-15.071283095723,-21.7922606924644,-20.7739307535642,-21.7922606924644,-14.4602851323829,-14.6639511201629,-21.9959266802444,-14.2566191446029,-21.5885947046843,-21.9959266802444,-22.1995926680244,-14.4602851323829,-14.2566191446029,-20.9775967413442,-13.6456211812627,-14.4602851323829,-14.2566191446029,-21.1812627291242,-21.7922606924644,-21.7922606924644,-14.4602851323829,-14.4602851323829,-21.3849287169043,-22.4032586558045,-14.4602851323829,-13.8492871690428,-21.9959266802444,-14.2566191446029,-14.4602851323829,-15.071283095723,-21.3849287169043,-21.1812627291242,-21.7922606924644,-15.071283095723,-14.6639511201629,-14.6639511201629,-15.071283095723,-21.9959266802444,-21.7922606924644,-21.5885947046843,-14.867617107943
10,-20.3065134099617,-21.8390804597701,-20.1149425287356,-19.9233716475096,-22.7969348659004,-21.6475095785441,-19.7318007662835,-21.264367816092,-20.3065134099617,-20.8812260536398,-20.4980842911877,-21.0727969348659,-21.8390804597701,-21.455938697318,-22.6053639846743,-19.3486590038314,-19.1570881226054,-22.4137931034483,-18.9655172413793,-22.4137931034483,-19.7318007662835,-21.0727969348659,-20.6896551724138,-20.8812260536398,-22.6053639846743,-22.0306513409962,-19.7318007662835,-21.455938697318,-19.1570881226054,-19.7318007662835,-20.3065134099617,-21.6475095785441,-20.1149425287356,-19.5402298850575,-21.8390804597701,-21.0727969348659,-21.6475095785441,-20.8812260536398,-20.4980842911877,-21.0727969348659,-20.4980842911877,-20.4980842911877,-20.3065134099617,-22.0306513409962,-19.7318007662835,-19.7318007662835,-20.3065134099617,-20.3065134099617,-21.0727969348659,-20.3065134099617,-20.8812260536398,-20.4980842911877,-22.0306513409962,-20.3065134099617,-21.0727969348659,-22.6053639846743,-19.9233716475096,-21.8390804597701,-21.6475095785441,-21.264367816092,-21.455938697318,-19.9233716475096,-20.8812260536398,-22.2222222222222,-21.0727969348659,-22.9885057471264,-20.4980842911877,-20.6896551724138,-18.7739463601533,-21.8390804597701,-21.8390804597701,-20.3065134099617,-21.8390804597701,-20.4980842911877,-20.3065134099617,-21.6475095785441,-22.0306513409962,-20.6896551724138,-19.3486590038314,-21.455938697318,-20.4980842911877,-21.455938697318,-21.0727969348659,-20.6896551724138,-21.0727969348659,-22.6053639846743,-22.2222222222222,-21.455938697318,-22.2222222222222,-20.3065134099617,-20.1149425287356,-21.0727969348659,-22.4137931034483,-21.6475095785441,-19.7318007662835,-20.6896551724138,-21.0727969348659,-21.264367816092,-21.8390804597701,-20.8812260536398,-19.7318007662835,-22.6053639846743,-21.6475095785441,-21.264367816092,-21.6475095785441,-23.1800766283525,-21.6475095785441,-20.3065134099617,-18.7739463601533,-21.8390804597701,-22.2222222222222,-19.1570881226054,-20.1149425287356,-20.4980842911877,-22.4137931034483,-20.8812260536398,-20.6896551724138,-22.0306513409962,-19.3486590038314,-22.7969348659004,-21.8390804597701,-20.8812260536398,-21.455938697318,-20.3065134099617,-23.1800766283525,-21.0727969348659,-20.8812260536398,-21.264367816092,-20.8812260536398,-19.5402298850575,-21.264367816092,-20.3065134099617,-23.7547892720307,-20.1149425287356,-20.8812260536398,-21.0727969348659,-21.455938697318,-22.2222222222222,-20.1149425287356,-19.7318007662835,-20.1149425287356,-22.2222222222222,-22.4137931034483,-20.3065134099617,-20.3065134099617,-22.2222222222222,-19.1570881226054,-22.9885057471264,-22.0306513409962,-20.4980842911877,-22.0306513409962,-20.6896551724138,-20.3065134099617,-23.1800766283525,-21.264367816092,-20.3065134099617,-21.264367816092,-22.7969348659004,-22.2222222222222,-22.2222222222222,-20.6896551724138,-20.3065134099617,-21.455938697318,-21.0727969348659,-21.455938697318,-20.3065134099617,-21.264367816092,-18.7739463601533,-23.1800766283525,-20.8812260536398,-20.3065134099617,-21.6475095785441,-18.9655172413793,-20.8812260536398,-20.3065134099617,-20.3065134099617,-21.455938697318,-21.6475095785441,-21.6475095785441,-21.0727969348659,-20.1149425287356,-21.455938697318,-21.0727969348659,-21.455938697318,-21.0727969348659,-21.6475095785441,-21.455938697318,-20.8812260536398,-21.455938697318,-20.3065134099617,-20.6896551724138,-21.264367816092,-22.2222222222222,-22.2222222222222,-19.3486590038314,-20.8812260536398,-20.6896551724138,-21.0727969348659,-22.4137931034483,-21.0727969348659,-22.0306513409962,-20.4980842911877,-23.1800766283525,-22.4137931034483,-20.4980842911877,-21.8390804597701,-21.264367816092,-22.0306513409962,-21.8390804597701,-20.6896551724138,-20.1149425287356,-19.7318007662835,-21.6475095785441,-21.455938697318,-20.1149425287356,-21.8390804597701,-21.6475095785441,-21.455938697318,-20.4980842911877,-21.455938697318,-23.5632183908046,-21.455938697318,-20.1149425287356,-22.7969348659004,-20.4980842911877,-22.4137931034483,-22.7969348659004,-20.1149425287356,-20.4980842911877,-22.0306513409962,-21.8390804597701,-23.1800766283525,-22.7969348659004,-22.0306513409962,-21.455938697318,-22.0306513409962,-19.9233716475096,-20.8812260536398
11,-19.7368421052632,-20.3947368421053,-19.2434210526316,-18.75,-21.875,-21.2171052631579,-19.0789473684211,-21.2171052631579,-19.4078947368421,-20.3947368421053,-19.5723684210526,-20.5592105263158,-20.8881578947368,-20.8881578947368,-21.5460526315789,-19.0789473684211,-19.5723684210526,-21.3815789473684,-18.4210526315789,-21.7105263157895,-19.5723684210526,-20.5592105263158,-19.9013157894737,-20.7236842105263,-21.5460526315789,-21.0526315789474,-19.0789473684211,-20.7236842105263,-18.4210526315789,-19.0789473684211,-19.9013157894737,-20.5592105263158,-19.4078947368421,-18.75,-20.8881578947368,-20.3947368421053,-21.0526315789474,-20.2302631578947,-19.9013157894737,-20.5592105263158,-19.9013157894737,-20.2302631578947,-19.7368421052632,-21.0526315789474,-18.9144736842105,-19.5723684210526,-19.7368421052632,-19.2434210526316,-20.5592105263158,-19.9013157894737,-20.5592105263158,-20.5592105263158,-21.875,-20.2302631578947,-20.8881578947368,-22.0394736842105,-19.4078947368421,-21.2171052631579,-20.7236842105263,-20.8881578947368,-20.7236842105263,-19.4078947368421,-20.3947368421053,-20.7236842105263,-20.5592105263158,-22.2039473684211,-20.2302631578947,-20.0657894736842,-19.0789473684211,-21.7105263157895,-21.2171052631579,-20.0657894736842,-21.2171052631579,-19.9013157894737,-19.4078947368421,-21.2171052631579,-21.2171052631579,-19.5723684210526,-18.2565789473684,-20.3947368421053,-20.0657894736842,-20.2302631578947,-20.5592105263158,-20.2302631578947,-20.0657894736842,-21.875,-21.2171052631579,-20.8881578947368,-21.3815789473684,-19.9013157894737,-19.5723684210526,-20.8881578947368,-21.875,-21.0526315789474,-18.75,-19.9013157894737,-20.0657894736842,-21.0526315789474,-21.3815789473684,-20.2302631578947,-19.2434210526316,-21.5460526315789,-20.8881578947368,-20.8881578947368,-21.0526315789474,-22.3684210526316,-20.7236842105263,-19.5723684210526,-18.4210526315789,-21.0526315789474,-21.3815789473684,-18.5855263157895,-19.7368421052632,-20.0657894736842,-20.8881578947368,-19.9013157894737,-19.4078947368421,-21.0526315789474,-18.9144736842105,-21.7105263157895,-20.8881578947368,-20.2302631578947,-21.0526315789474,-19.9013157894737,-22.5328947368421,-20.2302631578947,-20.2302631578947,-20.2302631578947,-20.8881578947368,-19.0789473684211,-20.7236842105263,-19.7368421052632,-22.6973684210526,-19.7368421052632,-20.3947368421053,-19.9013157894737,-21.2171052631579,-21.3815789473684,-18.9144736842105,-19.7368421052632,-19.5723684210526,-21.0526315789474,-21.5460526315789,-19.7368421052632,-19.5723684210526,-21.2171052631579,-18.4210526315789,-21.3815789473684,-21.5460526315789,-19.7368421052632,-21.5460526315789,-20.0657894736842,-19.4078947368421,-22.2039473684211,-20.8881578947368,-19.9013157894737,-20.7236842105263,-22.0394736842105,-21.5460526315789,-20.8881578947368,-19.9013157894737,-19.5723684210526,-21.0526315789474,-20.5592105263158,-20.3947368421053,-18.5855263157895,-19.9013157894737,-18.0921052631579,-22.3684210526316,-20.2302631578947,-19.5723684210526,-21.0526315789474,-18.75,-19.9013157894737,-19.9013157894737,-19.0789473684211,-20.0657894736842,-21.0526315789474,-20.7236842105263,-20.5592105263158,-19.5723684210526,-20.8881578947368,-20.3947368421053,-21.2171052631579,-20.0657894736842,-21.0526315789474,-21.0526315789474,-20.3947368421053,-21.2171052631579,-20.3947368421053,-19.9013157894737,-20.3947368421053,-21.2171052631579,-21.3815789473684,-18.75,-20.0657894736842,-19.9013157894737,-20.3947368421053,-21.7105263157895,-20.3947368421053,-21.3815789473684,-19.7368421052632,-21.7105263157895,-21.3815789473684,-19.4078947368421,-20.8881578947368,-21.0526315789474,-20.7236842105263,-21.3815789473684,-19.9013157894737,-20.0657894736842,-18.9144736842105,-20.7236842105263,-21.2171052631579,-20.2302631578947,-21.3815789473684,-20.7236842105263,-20.8881578947368,-19.9013157894737,-20.5592105263158,-22.2039473684211,-21.3815789473684,-19.7368421052632,-21.5460526315789,-20.0657894736842,-21.2171052631579,-21.875,-19.2434210526316,-20.2302631578947,-20.7236842105263,-20.8881578947368,-21.875,-21.7105263157895,-21.0526315789474,-20.8881578947368,-20.8881578947368,-19.4078947368421,-20.0657894736842
12,-1.39470013947002,-8.78661087866108,3.06834030683403,-4.74198047419805,-3.06834030683403,-0.976290097629007,-1.95258019525802,-4.46304044630405,-7.11297071129707,-4.32357043235704,-1.53417015341701,-7.67085076708508,-5.43933054393305,-6.69456066945606,-3.90516039051604,-1.53417015341701,-0.418410041841,-1.25523012552301,-10.4602510460251,-4.46304044630405,-8.64714086471409,-3.48675034867504,-3.62622036262203,0.418410041841,-11.5760111576011,-9.20502092050209,0.418410041841,-5.57880055788006,-1.39470013947002,-9.9023709902371,-3.34728033472803,-0.418410041841,0.836820083681999,-6.41562064156206,-6.41562064156206,-6.27615062761506,-5.29986052998606,-3.20781032078103,-6.97350069735007,-0.697350069735003,-1.11576011157601,-7.39191073919108,-9.62343096234309,-2.92887029288703,-8.22873082287309,-0.278940027894004,-4.32357043235704,-5.99721059972106,-3.62622036262203,1.11576011157601,-2.78940027894002,-7.53138075313807,-1.81311018131102,-1.53417015341701,-5.99721059972106,-1.25523012552301,-3.48675034867504,-6.69456066945606,-2.78940027894002,-6.83403068340307,-7.39191073919108,-8.78661087866108,0.139470013947007,-1.11576011157601,-4.18410041841004,-5.16039051603905,-1.11576011157601,-2.09205020920502,0.278940027893992,-2.78940027894002,-5.99721059972106,-2.64993026499303,-1.67364016736402,-6.55509065550907,0.278940027893992,-4.60251046025104,-8.36820083682008,-4.60251046025104,-5.85774058577406,-8.36820083682008,-6.13668061366807,-10.8786610878661,-4.60251046025104,-8.64714086471409,-10.4602510460251,-2.51046025104602,-10.3207810320781,-10.8786610878661,-1.53417015341701,-3.90516039051604,-2.92887029288703,-1.11576011157601,-6.97350069735007,-0.278940027894004,-6.69456066945606,-13.8075313807531,-0.139470013946996,-3.06834030683403,-1.11576011157601,-5.85774058577406,-8.64714086471409,-4.04463040446305,-1.25523012552301,-9.06555090655509,0,-2.92887029288703,0.557880055788007,-4.18410041841004,-3.76569037656904,-11.4365411436541,-1.39470013947002,0.278940027893992,-3.34728033472803,-2.78940027894002,-10.0418410041841,-6.97350069735007,-4.60251046025104,0,-6.97350069735007,-6.13668061366807,-5.16039051603905,2.09205020920502,-5.16039051603905,-0.697350069735003,-1.25523012552301,-4.18410041841004,-6.83403068340307,-5.57880055788006,-7.25244072524407,-5.71827057182706,-7.11297071129707,-7.67085076708508,-5.16039051603905,-7.25244072524407,-2.92887029288703,-1.67364016736402,-9.06555090655509,-5.99721059972106,-4.88145048814505,-7.53138075313807,-7.94979079497908,-10.3207810320781,-3.06834030683403,-0.139470013946996,-10.8786610878661,-2.23152022315202,-5.29986052998606,-8.78661087866108,-6.55509065550907,-1.95258019525802,-5.02092050209205,-8.50767085076709,-5.02092050209205,-5.43933054393305,-5.85774058577406,-5.16039051603905,-7.39191073919108,-8.78661087866108,-4.18410041841004,-0.557880055788007,-5.99721059972106,-5.02092050209205,-2.78940027894002,-5.29986052998606,-6.13668061366807,0.278940027893992,-8.36820083682008,-0.139470013946996,-2.09205020920502,-3.48675034867504,-1.67364016736402,-7.25244072524407,0,-8.50767085076709,0.836820083681999,-1.95258019525802,-7.39191073919108,-8.50767085076709,-11.4365411436541,-4.04463040446305,0,-0.418410041841,-9.06555090655509,-8.36820083682008,-8.50767085076709,-4.04463040446305,-0.976290097629007,-10.8786610878661,-7.25244072524407,-6.55509065550907,-7.53138075313807,-5.16039051603905,-0.976290097629007,-6.27615062761506,-2.09205020920502,0,-4.46304044630405,0.418410041841,-8.22873082287309,-8.08926080892608,-9.34449093444909,-4.18410041841004,-0.418410041841,-4.74198047419805,-0.418410041841,-10.3207810320781,-8.78661087866108,-8.78661087866108,-2.92887029288703,-3.06834030683403,-8.64714086471409,-3.90516039051604,-6.69456066945606,-0.418410041841,-5.29986052998606,-6.13668061366807,-4.04463040446305,-3.06834030683403,-1.53417015341701,-11.0181311018131,-7.94979079497908,-3.06834030683403,-1.81311018131102,-4.88145048814505,-1.81311018131102,-3.90516039051604,-8.08926080892608,-6.83403068340307,-5.02092050209205,-1.53417015341701,-2.92887029288703,-6.69456066945606,-4.18410041841004,0.278940027893992,-8.08926080892608,-8.92608089260809,-6.13668061366807,-0.418410041841
13,-6.33423180592992,-13.0727762803235,-3.63881401617251,-8.89487870619946,-7.41239892183289,-6.06469002695418,-6.19946091644205,-7.8167115902965,-9.97304582210242,-8.76010781671159,-5.92991913746631,-10.2425876010782,-8.62533692722371,-11.5902964959569,-8.76010781671159,-5.25606469002695,-6.60377358490566,-5.25606469002695,-11.8598382749326,-8.89487870619946,-10.9164420485175,-7.68194070080862,-7.54716981132075,-5.79514824797843,-13.3423180592992,-11.5902964959569,-4.04312668463612,-8.08625336927223,-6.33423180592992,-11.9946091644205,-7.41239892183289,-6.8733153638814,-5.79514824797843,-9.70350404312669,-8.76010781671159,-9.29919137466307,-8.08625336927223,-8.08625336927223,-9.29919137466307,-4.98652291105122,-7.41239892183289,-10.5121293800539,-14.2857142857143,-8.35579514824798,-11.3207547169811,-4.85175202156334,-8.35579514824798,-10.1078167115903,-8.35579514824798,-4.98652291105122,-6.46900269541779,-8.62533692722371,-7.00808625336927,-5.25606469002695,-8.76010781671159,-5.79514824797843,-7.95148247978437,-9.56873315363881,-8.62533692722371,-10.9164420485175,-10.2425876010782,-10.7816711590296,-4.04312668463612,-6.06469002695418,-7.41239892183289,-9.83827493261455,-4.98652291105122,-7.00808625336927,-4.5822102425876,-7.27762803234502,-12.1293800539084,-6.8733153638814,-4.85175202156334,-8.89487870619946,-4.31266846361186,-8.62533692722371,-10.6469002695418,-8.35579514824798,-10.6469002695418,-10.7816711590296,-8.62533692722371,-12.2641509433962,-7.8167115902965,-10.6469002695418,-11.9946091644205,-7.27762803234502,-12.3989218328841,-13.7466307277628,-7.14285714285714,-6.19946091644205,-8.49056603773585,-5.66037735849056,-10.5121293800539,-6.19946091644205,-9.16442048517521,-16.8463611859838,-5.12129380053908,-6.46900269541779,-5.25606469002695,-8.62533692722371,-12.6684636118598,-7.8167115902965,-7.14285714285714,-12.6684636118598,-6.06469002695418,-7.41239892183289,-5.79514824797843,-7.8167115902965,-8.89487870619946,-14.0161725067385,-7.68194070080862,-4.04312668463612,-8.49056603773585,-7.14285714285714,-13.2075471698113,-10.1078167115903,-9.16442048517521,-5.12129380053908,-9.16442048517521,-11.1859838274933,-9.97304582210242,-2.83018867924528,-9.43396226415094,-7.41239892183289,-6.46900269541779,-8.49056603773585,-10.6469002695418,-8.89487870619946,-10.9164420485175,-9.16442048517521,-11.5902964959569,-9.56873315363881,-9.43396226415094,-10.6469002695418,-7.27762803234502,-6.06469002695418,-10.9164420485175,-11.3207547169811,-9.97304582210242,-9.97304582210242,-10.7816711590296,-14.2857142857143,-7.14285714285714,-5.92991913746631,-12.533692722372,-6.06469002695418,-10.2425876010782,-11.9946091644205,-9.83827493261455,-7.14285714285714,-9.83827493261455,-11.0512129380054,-8.76010781671159,-8.89487870619946,-10.377358490566,-9.70350404312669,-10.7816711590296,-11.0512129380054,-9.16442048517521,-5.79514824797843,-10.5121293800539,-9.29919137466307,-8.08625336927223,-8.89487870619946,-9.56873315363881,-4.85175202156334,-10.6469002695418,-4.17789757412399,-5.92991913746631,-8.49056603773585,-5.12129380053908,-10.377358490566,-4.04312668463612,-11.1859838274933,-4.04312668463612,-5.5256064690027,-10.1078167115903,-12.1293800539084,-14.1509433962264,-7.8167115902965,-6.06469002695418,-5.5256064690027,-11.8598382749326,-12.9380053908356,-12.8032345013477,-9.56873315363881,-4.85175202156334,-13.3423180592992,-10.5121293800539,-10.7816711590296,-11.455525606469,-9.56873315363881,-7.14285714285714,-8.62533692722371,-6.46900269541779,-6.06469002695418,-8.76010781671159,-5.92991913746631,-10.5121293800539,-12.533692722372,-11.8598382749326,-10.377358490566,-7.00808625336927,-9.97304582210242,-5.12129380053908,-13.0727762803235,-10.9164420485175,-11.455525606469,-8.76010781671159,-7.00808625336927,-11.1859838274933,-8.08625336927223,-10.2425876010782,-4.85175202156334,-8.49056603773585,-8.49056603773585,-8.49056603773585,-7.27762803234502,-5.5256064690027,-13.2075471698113,-10.9164420485175,-8.62533692722371,-6.19946091644205,-7.8167115902965,-6.60377358490566,-9.83827493261455,-11.9946091644205,-9.97304582210242,-9.29919137466307,-5.92991913746631,-8.08625336927223,-10.9164420485175,-9.29919137466307,-5.5256064690027,-12.2641509433962,-11.5902964959569,-9.43396226415094,-4.44743935309974
14,-14.2068965517241,-18.0689655172414,-12,-13.9310344827586,-15.8620689655172,-14.6206896551724,-13.3793103448276,-15.0344827586207,-18.3448275862069,-15.1724137931034,-13.5172413793103,-17.7931034482759,-16.2758620689655,-17.9310344827586,-15.1724137931034,-13.3793103448276,-15.5862068965517,-13.6551724137931,-16.9655172413793,-15.3103448275862,-18.4827586206897,-14.4827586206897,-16.6896551724138,-13.6551724137931,-16.2758620689655,-18.8965517241379,-12.551724137931,-15.1724137931034,-14.4827586206897,-16.8275862068965,-15.1724137931034,-13.6551724137931,-14.4827586206897,-16.9655172413793,-15.448275862069,-16.1379310344828,-15.3103448275862,-16,-15.7241379310345,-12.8275862068965,-13.1034482758621,-17.6551724137931,-19.448275862069,-16.551724137931,-18.6206896551724,-12.1379310344828,-13.7931034482759,-18.4827586206897,-15.3103448275862,-12.4137931034483,-13.7931034482759,-15.8620689655172,-16.9655172413793,-14.0689655172414,-13.6551724137931,-13.2413793103448,-15.5862068965517,-18.2068965517241,-9.6551724137931,-18.4827586206897,-17.6551724137931,-15.448275862069,-12.9655172413793,-12.551724137931,-16.4137931034483,-18.2068965517241,-12.9655172413793,-14.7586206896552,-11.3103448275862,-14.0689655172414,-16.8275862068965,-14.2068965517241,-12.551724137931,-18.2068965517241,-12.551724137931,-14.7586206896552,-18.0689655172414,-13.6551724137931,-18.0689655172414,-19.1724137931034,-16.2758620689655,-17.1034482758621,-16.551724137931,-15.8620689655172,-18.0689655172414,-14.8965517241379,-17.7931034482759,-18.8965517241379,-14.2068965517241,-15.5862068965517,-15.3103448275862,-15.0344827586207,-18.0689655172414,-14.7586206896552,-15.8620689655172,-21.6551724137931,-13.9310344827586,-14.0689655172414,-12.8275862068965,-16.2758620689655,-17.5172413793103,-14.8965517241379,-14.7586206896552,-17.6551724137931,-12.9655172413793,-16.2758620689655,-12.4137931034483,-16.551724137931,-16.6896551724138,-19.5862068965517,-15.0344827586207,-11.8620689655172,-17.1034482758621,-13.3793103448276,-21.2413793103448,-16.6896551724138,-14.0689655172414,-13.3793103448276,-16.551724137931,-15.7241379310345,-14.7586206896552,-11.7241379310345,-14.4827586206897,-15.7241379310345,-14.3448275862069,-17.2413793103448,-17.3793103448276,-14.6206896551724,-15.3103448275862,-17.1034482758621,-19.448275862069,-17.3793103448276,-16.6896551724138,-19.3103448275862,-15.1724137931034,-14.0689655172414,-18.2068965517241,-15.8620689655172,-16.9655172413793,-17.3793103448276,-17.1034482758621,-19.0344827586207,-14.7586206896552,-14.8965517241379,-16.1379310344828,-14.2068965517241,-16.1379310344828,-16,-17.7931034482759,-14.4827586206897,-18.0689655172414,-18.4827586206897,-16.4137931034483,-17.2413793103448,-17.2413793103448,-18.7586206896552,-17.7931034482759,-18.6206896551724,-12.6896551724138,-13.1034482758621,-16.2758620689655,-15.448275862069,-16.8275862068965,-16.6896551724138,-17.3793103448276,-12.2758620689655,-18.4827586206897,-11.7241379310345,-12.551724137931,-13.7931034482759,-12.9655172413793,-17.3793103448276,-11.448275862069,-18.2068965517241,-11.7241379310345,-14.6206896551724,-17.3793103448276,-19.5862068965517,-19.3103448275862,-14.4827586206897,-13.2413793103448,-13.2413793103448,-16.6896551724138,-18.7586206896552,-17.9310344827586,-16.8275862068965,-13.2413793103448,-20.6896551724138,-17.6551724137931,-17.9310344827586,-20.2758620689655,-17.3793103448276,-15.0344827586207,-17.3793103448276,-14.2068965517241,-13.5172413793103,-16,-13.5172413793103,-17.3793103448276,-20,-19.448275862069,-15.7241379310345,-14.4827586206897,-17.6551724137931,-9.51724137931035,-17.3793103448276,-18.2068965517241,-18.4827586206897,-15.7241379310345,-14.7586206896552,-17.9310344827586,-13.9310344827586,-10.6206896551724,-12.9655172413793,-14.8965517241379,-16.6896551724138,-17.6551724137931,-14.0689655172414,-13.3793103448276,-17.6551724137931,-18.6206896551724,-14.7586206896552,-12.6896551724138,-16.6896551724138,-12.9655172413793,-15.3103448275862,-18.0689655172414,-17.5172413793103,-16.551724137931,-15.5862068965517,-15.1724137931034,-17.5172413793103,-16.1379310344828,-14.0689655172414,-18.8965517241379,-18.8965517241379,-16.4137931034483,-12.9655172413793
15,-17.4252275682705,-21.3263979193758,-15.8647594278283,-17.0351105331599,-18.2054616384915,-17.6853055916775,-17.815344603381,-18.5955786736021,-20.9362808842653,-18.7256176853056,-16.3849154746424,-20.1560468140442,-18.8556566970091,-21.4564369310793,-19.5058517555267,-16.3849154746424,-18.3355006501951,-16.7750325097529,-19.7659297789337,-18.5955786736021,-20.8062418725618,-17.0351105331599,-18.9856957087126,-15.6046814044213,-19.7659297789337,-21.3263979193758,-15.2145643693108,-18.7256176853056,-17.555266579974,-18.8556566970091,-17.9453836150845,-18.075422626788,-18.5955786736021,-20.2860858257477,-18.4655396618986,-19.5058517555267,-18.9856957087126,-18.5955786736021,-19.1157347204161,-16.6449934980494,-16.7750325097529,-20.8062418725618,-22.2366710013004,-19.6358907672302,-21.7165149544863,-15.4746423927178,-15.9947984395319,-21.4564369310793,-19.2457737321196,-15.7347204161248,-16.3849154746424,-20.0260078023407,-20.1560468140442,-16.3849154746424,-16.9050715214564,-17.1651495448635,-17.555266579974,-20.2860858257477,-14.3042912873862,-21.0663198959688,-19.6358907672302,-19.1157347204161,-16.5149544863459,-17.815344603381,-18.5955786736021,-20.8062418725618,-16.2548764629389,-18.2054616384915,-14.6944083224967,-18.3355006501951,-19.1157347204161,-17.9453836150845,-17.1651495448635,-20.9362808842653,-15.7347204161248,-18.5955786736021,-20.0260078023407,-16.6449934980494,-19.1157347204161,-21.4564369310793,-20.6762028608583,-20.0260078023407,-19.3758127438232,-20.4161248374512,-20.8062418725618,-16.5149544863459,-22.3667100130039,-21.7165149544863,-15.6046814044213,-18.8556566970091,-17.9453836150845,-17.6853055916775,-20.5461638491547,-17.0351105331599,-19.1157347204161,-23.667100130039,-16.9050715214564,-17.9453836150845,-17.0351105331599,-19.5058517555267,-20.2860858257477,-17.9453836150845,-19.3758127438232,-20.6762028608583,-17.0351105331599,-19.3758127438232,-16.3849154746424,-18.7256176853056,-19.6358907672302,-21.5864759427828,-17.295188556567,-15.6046814044213,-21.0663198959688,-17.815344603381,-22.8868660598179,-21.8465539661899,-17.295188556567,-14.9544863459038,-19.7659297789337,-19.1157347204161,-18.4655396618986,-16.6449934980494,-17.815344603381,-17.1651495448635,-18.7256176853056,-20.6762028608583,-20.9362808842653,-17.9453836150845,-18.075422626788,-19.5058517555267,-22.6267880364109,-20.4161248374512,-19.3758127438232,-22.1066319895969,-17.6853055916775,-16.7750325097529,-21.4564369310793,-17.6853055916775,-19.5058517555267,-19.1157347204161,-21.0663198959688,-21.0663198959688,-16.6449934980494,-18.2054616384915,-18.5955786736021,-18.3355006501951,-19.6358907672302,-18.7256176853056,-20.2860858257477,-18.2054616384915,-19.3758127438232,-21.1963589076723,-19.2457737321196,-20.4161248374512,-20.2860858257477,-21.3263979193758,-20.4161248374512,-21.8465539661899,-16.7750325097529,-16.6449934980494,-20.5461638491547,-17.815344603381,-19.8959687906372,-20.2860858257477,-20.0260078023407,-16.3849154746424,-20.4161248374512,-16.5149544863459,-17.1651495448635,-18.2054616384915,-15.9947984395319,-20.4161248374512,-17.0351105331599,-21.3263979193758,-14.6944083224967,-17.4252275682705,-20.4161248374512,-21.4564369310793,-20.6762028608583,-17.815344603381,-17.555266579974,-15.8647594278283,-20.8062418725618,-21.0663198959688,-22.2366710013004,-19.7659297789337,-15.4746423927178,-23.0169050715215,-21.1963589076723,-20.6762028608583,-22.4967490247074,-20.5461638491547,-18.2054616384915,-20.5461638491547,-16.6449934980494,-15.8647594278283,-19.7659297789337,-18.2054616384915,-20.9362808842653,-21.9765929778934,-23.0169050715215,-18.9856957087126,-19.1157347204161,-19.2457737321196,-11.963589076723,-19.8959687906372,-21.4564369310793,-20.8062418725618,-18.5955786736021,-18.075422626788,-20.0260078023407,-18.2054616384915,-13.0039011703511,-17.0351105331599,-17.9453836150845,-19.6358907672302,-19.2457737321196,-17.815344603381,-17.4252275682705,-21.5864759427828,-21.3263979193758,-17.4252275682705,-15.4746423927178,-18.3355006501951,-15.9947984395319,-17.555266579974,-21.9765929778934,-19.3758127438232,-18.7256176853056,-19.1157347204161,-18.8556566970091,-19.7659297789337,-20.6762028608583,-18.2054616384915,-19.5058517555267,-21.5864759427828,-19.7659297789337,-16.6449934980494
16,-18.6928104575163,-21.8300653594771,-16.078431372549,-16.8627450980392,-16.3398692810458,-17.3856209150327,-19.0849673202614,-18.0392156862745,-20.3921568627451,-18.6928104575163,-16.6013071895425,-19.7385620915033,-20,-21.9607843137255,-19.2156862745098,-16.6013071895425,-18.562091503268,-17.7777777777778,-20.3921568627451,-18.3006535947712,-20,-18.4313725490196,-19.8692810457516,-17.5163398692811,-18.9542483660131,-21.437908496732,-15.0326797385621,-18.3006535947712,-16.7320261437908,-18.9542483660131,-18.6928104575163,-16.4705882352941,-17.9084967320261,-20.2614379084967,-18.0392156862745,-20.2614379084967,-18.562091503268,-17.7777777777778,-20.6535947712418,-18.1699346405229,-18.4313725490196,-20.7843137254902,-21.9607843137255,-18.3006535947712,-20.9150326797386,-13.9869281045752,-17.7777777777778,-20.7843137254902,-18.562091503268,-16.8627450980392,-17.2549019607843,-20.3921568627451,-21.9607843137255,-16.8627450980392,-18.0392156862745,-17.9084967320261,-18.3006535947712,-19.6078431372549,-12.9411764705882,-20.1307189542484,-20.3921568627451,-19.8692810457516,-17.1241830065359,-15.8169934640523,-19.8692810457516,-21.1764705882353,-15.1633986928105,-18.4313725490196,-14.2483660130719,-17.3856209150327,-20.7843137254902,-17.1241830065359,-17.1241830065359,-18.9542483660131,-16.9934640522876,-17.1241830065359,-21.1764705882353,-16.2091503267974,-20,-20.5228758169935,-19.6078431372549,-20.3921568627451,-20.2614379084967,-20.1307189542484,-21.6993464052288,-17.2549019607843,-21.437908496732,-22.483660130719,-16.3398692810458,-19.4771241830065,-16.4705882352941,-17.5163398692811,-20.1307189542484,-18.4313725490196,-18.3006535947712,-21.3071895424837,-17.5163398692811,-18.3006535947712,-18.0392156862745,-19.7385620915033,-20.7843137254902,-16.078431372549,-18.8235294117647,-20.3921568627451,-18.1699346405229,-18.4313725490196,-16.9934640522876,-19.6078431372549,-19.7385620915033,-22.2222222222222,-18.8235294117647,-15.9477124183007,-21.9607843137255,-17.2549019607843,-21.3071895424837,-19.4771241830065,-17.9084967320261,-15.6862745098039,-20,-17.5163398692811,-17.7777777777778,-16.9934640522876,-17.2549019607843,-17.3856209150327,-18.4313725490196,-18.4313725490196,-19.7385620915033,-17.9084967320261,-18.562091503268,-20.2614379084967,-20,-19.2156862745098,-18.562091503268,-21.437908496732,-17.2549019607843,-16.8627450980392,-18.8235294117647,-17.7777777777778,-19.4771241830065,-20.3921568627451,-21.1764705882353,-22.3529411764706,-17.2549019607843,-17.6470588235294,-19.8692810457516,-17.3856209150327,-19.2156862745098,-18.1699346405229,-20.1307189542484,-16.6013071895425,-20.9150326797386,-20.1307189542484,-20,-21.5686274509804,-21.3071895424837,-19.6078431372549,-18.4313725490196,-21.8300653594771,-17.9084967320261,-16.3398692810458,-19.4771241830065,-18.3006535947712,-20.3921568627451,-19.3464052287582,-20.1307189542484,-15.6862745098039,-19.6078431372549,-15.6862745098039,-15.6862745098039,-18.1699346405229,-18.3006535947712,-20.5228758169935,-16.3398692810458,-20.6535947712418,-17.1241830065359,-17.9084967320261,-20.3921568627451,-22.483660130719,-20.5228758169935,-17.7777777777778,-17.2549019607843,-16.9934640522876,-21.0457516339869,-19.7385620915033,-21.8300653594771,-18.1699346405229,-16.9934640522876,-23.3986928104575,-19.8692810457516,-21.0457516339869,-22.483660130719,-19.7385620915033,-18.0392156862745,-22.3529411764706,-13.8562091503268,-17.5163398692811,-17.9084967320261,-16.8627450980392,-22.0915032679739,-20,-22.0915032679739,-18.4313725490196,-17.9084967320261,-18.6928104575163,-12.6797385620915,-20.1307189542484,-21.3071895424837,-22.483660130719,-18.3006535947712,-16.6013071895425,-20.6535947712418,-16.9934640522876,-14.7712418300654,-18.562091503268,-19.3464052287582,-19.6078431372549,-20.5228758169935,-17.6470588235294,-16.2091503267974,-21.6993464052288,-21.9607843137255,-19.2156862745098,-16.078431372549,-19.7385620915033,-16.4705882352941,-16.6013071895425,-19.6078431372549,-20.9150326797386,-19.6078431372549,-19.8692810457516,-16.8627450980392,-20.3921568627451,-19.4771241830065,-17.9084967320261,-19.4771241830065,-21.6993464052288,-19.0849673202614,-15.0326797385621
17,-19.7596795727637,-23.497997329773,-17.7570093457944,-18.5580774365821,-19.3591455273698,-18.958611481976,-21.0947930574099,-19.7596795727637,-22.6969292389853,-18.8251001335114,-18.1575433911882,-21.2283044058745,-21.8958611481976,-23.8985313751669,-21.8958611481976,-18.6915887850467,-20.1602136181575,-19.2256341789052,-22.1628838451268,-20.1602136181575,-22.2963951935915,-19.6261682242991,-21.8958611481976,-18.4245660881175,-20.2937249666222,-23.0974632843792,-17.890520694259,-20.0267022696929,-18.8251001335114,-21.6288384512684,-20.0267022696929,-18.958611481976,-19.3591455273698,-21.0947930574099,-20.2937249666222,-22.0293724966622,-21.3618157543391,-21.0947930574099,-21.6288384512684,-19.4926568758344,-20.1602136181575,-22.9639519359146,-23.7650200267023,-20.2937249666222,-22.6969292389853,-17.7570093457944,-19.6261682242991,-23.2309746328438,-21.2283044058745,-18.5580774365821,-19.6261682242991,-22.1628838451268,-23.0974632843792,-18.0240320427236,-18.958611481976,-19.3591455273698,-19.6261682242991,-22.9639519359146,-14.9532710280374,-22.5634178905207,-22.1628838451268,-22.1628838451268,-18.4245660881175,-18.6915887850467,-21.6288384512684,-22.9639519359146,-17.890520694259,-19.3591455273698,-17.4899866488652,-19.2256341789052,-22.2963951935915,-18.4245660881175,-18.1575433911882,-22.1628838451268,-18.6915887850467,-20.2937249666222,-23.3644859813084,-17.4899866488652,-22.5634178905207,-22.8304405874499,-21.4953271028037,-23.2309746328438,-22.0293724966622,-21.8958611481976,-23.2309746328438,-18.4245660881175,-23.3644859813084,-23.2309746328438,-18.8251001335114,-22.1628838451268,-19.4926568758344,-19.6261682242991,-22.5634178905207,-20.1602136181575,-21.0947930574099,-24.4325767690254,-19.0921228304406,-19.2256341789052,-19.0921228304406,-21.8958611481976,-21.8958611481976,-19.2256341789052,-19.8931909212283,-21.8958611481976,-18.6915887850467,-20.4272363150868,-18.1575433911882,-22.0293724966622,-21.762349799733,-23.497997329773,-19.4926568758344,-18.1575433911882,-23.7650200267023,-19.3591455273698,-24.6995994659546,-22.2963951935915,-19.2256341789052,-18.958611481976,-21.762349799733,-20.694259012016,-19.3591455273698,-18.8251001335114,-18.8251001335114,-18.958611481976,-20.2937249666222,-22.1628838451268,-20.694259012016,-20.1602136181575,-19.6261682242991,-21.762349799733,-23.7650200267023,-21.3618157543391,-20.1602136181575,-23.6315086782376,-19.4926568758344,-19.7596795727637,-22.2963951935915,-19.8931909212283,-21.2283044058745,-22.2963951935915,-22.9639519359146,-23.6315086782376,-18.958611481976,-19.0921228304406,-20.9612817089453,-19.2256341789052,-20.5607476635514,-20.9612817089453,-22.8304405874499,-18.958611481976,-22.8304405874499,-23.6315086782376,-21.6288384512684,-23.497997329773,-21.762349799733,-23.2309746328438,-21.8958611481976,-23.2309746328438,-18.6915887850467,-19.2256341789052,-22.5634178905207,-20.8277703604806,-21.8958611481976,-22.9639519359146,-22.6969292389853,-17.2229639519359,-22.4299065420561,-17.3564753004005,-19.0921228304406,-20.0267022696929,-19.2256341789052,-22.8304405874499,-18.2910547396529,-22.6969292389853,-18.4245660881175,-19.4926568758344,-22.1628838451268,-23.8985313751669,-23.8985313751669,-19.0921228304406,-18.6915887850467,-18.8251001335114,-22.0293724966622,-23.2309746328438,-23.6315086782376,-20.0267022696929,-18.4245660881175,-24.8331108144192,-23.2309746328438,-22.1628838451268,-23.497997329773,-22.9639519359146,-20.0267022696929,-23.497997329773,-17.890520694259,-19.2256341789052,-21.3618157543391,-18.8251001335114,-23.3644859813084,-23.7650200267023,-23.7650200267023,-19.4926568758344,-20.4272363150868,-21.3618157543391,-14.5527369826435,-21.762349799733,-22.8304405874499,-24.2990654205608,-19.6261682242991,-20.2937249666222,-23.0974632843792,-18.2910547396529,-16.0213618157543,-18.8251001335114,-21.2283044058745,-22.2963951935915,-22.2963951935915,-19.6261682242991,-19.6261682242991,-23.7650200267023,-23.2309746328438,-20.694259012016,-17.4899866488652,-22.1628838451268,-18.958611481976,-19.8931909212283,-22.4299065420561,-22.0293724966622,-21.3618157543391,-22.4299065420561,-19.6261682242991,-21.4953271028037,-20.9612817089453,-19.2256341789052,-22.5634178905207,-23.2309746328438,-21.4953271028037,-18.6915887850467
