PeriodId,bird-3,bird-12,bird-21,bird-30,bird-39,bird-46,bird-49,bird-56,bird-59,bird-62,bird-65,bird-68,bird-71,bird-74,bird-77,bird-80,bird-83,bird-86,bird-89,bird-92,bird-95,bird-98,bird-101,bird-104,bird-107,bird-110,bird-113,bird-116,bird-119,bird-122,bird-125,bird-128,bird-131,bird-134,bird-137,bird-140,bird-143,bird-146,bird-149,bird-152,bird-155,bird-158,bird-161,bird-164,bird-167,bird-170,bird-173,bird-176,bird-179,bird-182,bird-185,bird-188,bird-191,bird-194,bird-197,bird-200,bird-203,bird-206,bird-209,bird-212,bird-215,bird-218,bird-221,bird-224,bird-227,bird-230,bird-233,bird-236,bird-239,bird-242,bird-245,bird-248,bird-251,bird-254,bird-257,bird-260,bird-263,bird-266,bird-269,bird-272,bird-275,bird-278,bird-281,bird-284,bird-287,bird-290,bird-293,bird-296,bird-299,bird-302,bird-305,bird-308,bird-311,bird-314,bird-317,bird-320,bird-323,bird-326,bird-329,bird-332,bird-335,bird-338,bird-341,bird-344,bird-347,bird-350,bird-353,bird-356,bird-359,bird-362,bird-365,bird-368,bird-371,bird-374,bird-377,bird-380,bird-383,bird-386,bird-389,bird-392,bird-395,bird-398,bird-401,bird-404,bird-407,bird-410,bird-413,bird-416,bird-419,bird-422,bird-425,bird-428,bird-431,bird-434,bird-437,bird-440,bird-443,bird-446,cHRev-455,cHRev-458,cHRev-461,cHRev-464,cHRev-467,cHRev-470,cHRev-473,cHRev-476,cHRev-479,cHRev-482,cHRev-485,cHRev-488,cHRev-491,cHRev-494,cHRev-497,cHRev-500,cHRev-503,cHRev-506,cHRev-509,cHRev-512,cHRev-515,cHRev-519,cHRev-522,cHRev-525,cHRev-528,cHRev-531,cHRev-534,cHRev-537,cHRev-540,cHRev-563,cHRev-566,cHRev-569,cHRev-572,cHRev-575,cHRev-578,cHRev-581,cHRev-584,cHRev-587,cHRev-590,cHRev-593,cHRev-596,cHRev-599,cHRev-602,cHRev-605,cHRev-608,cHRev-611,cHRev-614,cHRev-617,cHRev-620,cHRev-623,cHRev-626,cHRev-629,cHRev-632,cHRev-635,cHRev-638,cHRev-641,cHRev-644,cHRev-647,cHRev-650,cHRev-653,cHRev-656,cHRev-659,cHRev-662,cHRev-665,cHRev-668,cHRev-671,cHRev-674,cHRev-677,cHRev-680,cHRev-683,cHRev-686,cHRev-689,cHRev-692,cHRev-695,cHRev-698,cHRev-701,cHRev-704,cHRev-707,cHRev-710,cHRev-713,cHRev-716,cHRev-719,cHRev-722,cHRev-725,cHRev-728,cHRev-731,cHRev-734,cHRev-737,cHRev-740,cHRev-743,cHRev-746,cHRev-749,cHRev-752,cHRev-755,cHRev-758,cHRev-761,cHRev-764,cHRev-767,cHRev-770,cHRev-773,cHRev-776,cHRev-779,cHRev-782,cHRev-785,cHRev-788,cHRev-791,cHRev-794
1,4.16870695523059,0.559131455715023,0.498246112893841,9.1195789560806,9.02995294683508,8.50299940234456,9.57487460364408,9.3099655875654,9.47908161122277,9.45602033526949,9.49518079851592,9.63778116785416,9.51134264484612,9.58371957245334,9.54377144684555,8.89667527254556,9.04257716655072,8.83003713656454,9.09159461162836,8.42054394690053,8.73123892032548,9.33307632253133,8.63525337754949,9.18305812983267,9.0446582205802,8.7575578607904,8.43640335793046,8.92004599543674,8.29155599247364,8.60385619941575,8.47181397566528,9.12493960093637,8.89104681909192,8.85517621619125,8.51342853380115,9.22025021443467,8.80376875933027,9.05730302950751,8.72484527770783,9.10654667327426,8.64336352674191,9.00896898537125,9.15000527034837,8.879090085531,8.70907563738024,8.59583114650066,9.09574456618218,8.50871669161557,8.89582267915909,8.55220754222248,8.7369955324655,9.02019929153883,8.83437268753411,9.11729785087485,8.58903873946959,8.90885168234199,8.72601715606627,9.01077427006467,9.01104629986069,8.6283427075649,9.00380750697945,8.65958471652868,8.84487609886591,8.80467277139221,8.95355507880529,8.87481861766759,8.75565581549857,8.59731714622207,8.93618585022773,9.00665514497463,8.60449893285924,8.66113146203416,8.71742462795082,8.88898350613609,8.6415367396933,8.92047837975329,8.72149324750893,8.64135679607063,9.10396080308158,9.02424640874171,8.88453018139692,8.82654534105689,8.64648835814215,8.89113043360157,8.95919619668957,8.8714773386463,8.5676223936892,8.81403097032978,8.43332709706768,8.89813792188325,8.7542011561665,8.70766392505995,8.86684825552548,8.95250613782543,8.78784860251629,8.78094258521518,8.48160455891935,8.8910500694479,8.35634866544737,8.44916033131733,8.88485505393746,8.60453635000109,8.66432131142549,8.60083885805001,8.51937110861776,8.68924205191965,8.58996941749579,8.74484714246997,8.57731528145991,8.4716409859815,8.85539682731182,9.05498918911087,8.58684832563563,8.8829675211048,8.80746482721235,9.03818601166462,8.89216585470587,8.85741804870073,8.7688437708745,8.88963841482622,9.15104346015059,8.96354526000873,9.08699778204034,9.06714360736811,8.75606812152896,8.95681502283079,8.810364818768,8.66280256898726,8.82821177358495,9.07998285063572,8.94583807050056,8.69710490228577,9.14147491208608,8.81062658657044,8.85981322409315,8.77559083598258,9.05764467227961,8.96604560996466,8.74289884211172,8.60578342890417,8.63487708633348,8.66476769727567,8.52580265003542,8.96707398347425,9.06548467566155,8.87781069539657,9.23307728245568,8.90641957899172,8.73447599562544,8.49610322307754,9.04872125256972,8.88793505434031,8.69082763863602,8.92448905818233,8.90280952053046,8.88575718201379,8.73241927034769,8.83031575403863,8.97893019515519,8.85463115648966,8.76966693712469,9.0481355253702,8.92027784691891,8.51577180133407,8.84443530058427,8.70855116689033,8.76525054034336,8.67243328690488,9.09465820806052,8.76841138655793,9.07453482998872,8.68733441905931,8.91702725174346,8.49072672113373,9.13698234391804,8.99558984601108,8.96169514431795,8.86037881530783,8.88922889923527,8.7097122940712,8.65377391701532,8.92243184372057,8.61353833600884,8.52440499694735,8.61298394919863,8.83003713656454,8.98688047901108,8.91336110018168,9.0285090386806,9.25729127162473,8.36121287214791,8.88614331126392,9.16771996067813,8.59540343660916,8.60539361781263,8.53335605346359,8.80932569408077,9.0198085096052,8.8832447145099,8.95758069365296,8.65979457647166,8.58023586222725,9.00816781066027,8.70704974156629,8.81048308172159,8.96578900577123,8.84003339452057,8.55646874809233,8.74939255338247,9.01315960742299,8.74375659910724,8.64161433514905,9.31151228666107,8.78025918427381,8.8882285864915,8.77643784180053,8.81125152124167,8.81723482125476,8.81489622814689,9.04255098977047,8.73812206890103,8.41253899401318,8.65683800263151,8.51259319230433,8.82443811024718,8.86132540059481,8.65388750554388,8.43445830792826,9.08552578385258,8.53518141644318,8.54577366359228,8.95324095744234,9.03565574538845,8.88308110963338,8.73761159994475,8.9248485214682,8.72779110037034,8.83409874448506,9.23114957130915,8.42848906714739,8.69780372882976,8.50694274731147,8.94935370557597,8.67987452587353,8.5840455186379
2,13.349631111778,11.3021567273355,11.2182019887657,15.2722009219144,15.2785850956504,15.70053847714,16.2684839320983,16.2396930043123,16.2451842082852,16.1314001647187,16.0922104822648,16.0783454082768,16.3876544760874,16.1779572362661,16.1705903841145,15.0156576130966,15.5143374510986,15.5308831387381,15.4862569758922,15.6977427714047,15.4546120000276,15.0601118223429,15.526299777142,15.3113366172064,15.8126253430327,15.5220704330574,15.5034407326588,15.8410172433528,15.3839190258813,15.5225730819343,15.4350620708247,15.2707747769475,15.5323738277658,15.8013360893804,15.4790081434121,15.414465226379,15.8816285607468,15.7083344008048,15.598925755642,15.2817677745767,15.7105882769226,14.9346001437286,15.5862524755943,15.35818989277,15.4312135818036,15.6254105187944,15.6620442276158,15.3029877546462,15.7456903906527,15.1623066614663,15.7688455792125,14.9837635136375,15.1024069104016,15.3041580662681,15.5019128250293,15.1995776899072,15.6845622600959,15.8771755128184,15.6665859933123,15.4868406304875,15.1163300231488,15.4169813445221,15.1939708092665,15.4396070645037,15.5846116570877,15.2354243357962,15.1771966372898,14.915151263864,15.4321824095678,15.6060335257127,15.4307388116684,15.0747137448295,15.8129522195824,15.3210933173504,15.6875481997675,15.6066328470883,15.2094008289428,14.9266014934146,15.4143730710007,15.377591705801,15.529165596119,15.2266342750843,15.653513109055,15.1649023761343,15.8053064499981,15.1499097247178,15.5655207660583,15.722698610885,15.4065400569213,15.5233936277259,15.7622181974481,15.6014886570825,15.6467535907128,15.274688854689,15.7866586181869,15.9065345170233,15.2856321419293,15.5915958856146,15.4836866931932,15.8585911607585,15.4969571984496,15.7266596441487,15.3674704866792,15.4883984806051,15.4990913442718,15.8420167377681,15.2959980689817,15.8891266511722,15.0140110549381,15.4609162621391,15.0910775670184,15.5308674673168,15.4271442136775,15.0674312322223,15.7560402846901,15.5741753811048,15.9213889705528,15.5716421679965,15.5681988913259,15.4463314420028,15.5578251268257,15.6362722258927,15.3723099545683,16.0208300993443,15.4032914746565,15.6566855187735,15.6366962062387,15.5374718143152,15.318508291457,15.5365423180504,15.2463139819677,15.8612436117143,15.5731676186823,15.1037915982892,15.5916354235488,15.4935818765394,15.1677577878838,15.8203169156834,15.1597270568457,15.5189967701092,15.2283022843273,15.0996870938894,15.2519631219059,15.5215454453284,15.5802575370325,15.2838418011769,15.4178746007415,15.3712483239858,15.3953550917672,15.4396181200456,15.4879191546659,15.6480515250294,14.9568055274929,15.6073366887766,15.2319330843443,15.9615730091073,15.9470380319404,15.6779559317841,15.1233021075537,15.956424621896,15.9328810888859,15.3454468932381,14.9696544562504,15.2986662799611,15.241434202526,15.2585539933456,15.2504636634808,15.6587516703954,15.4019166111143,15.3166379830592,15.2766299990038,15.6230711297139,15.4680739073788,15.398988962995,15.4244366251865,15.5090630619128,15.3401605027115,15.5833660607056,15.0809899769202,14.8994161489355,15.5219613065904,15.6158903510616,15.5854863201387,15.6886975319543,15.7294369070614,15.3345450412592,15.3178440098525,15.4406578376843,15.2232491568925,15.2364388271346,15.7307302875661,15.4194571854234,15.1528234034239,15.2934191031649,15.5487173617581,15.5399150036123,15.5189027224058,15.210066885053,15.1529525324931,15.3288317536776,15.5728862101603,15.5544950463942,15.5998087160933,15.1665519784165,15.6862105198992,15.2476570473002,15.3684779577696,15.8283243234098,15.3845874071539,15.2292614992617,15.2395407048229,14.9749178775243,15.7441495373944,15.4534898233718,15.5749563129886,15.8406829200781,15.2832616755751,15.1042156401112,15.0222114543968,16.0940171327047,15.3861450366115,15.2858428361305,15.7340070235385,15.7006459786185,15.6422130509345,15.2045839064606,15.657654718481,15.2471441929048,15.1750995490765,15.4060220646749,15.5348433813797,15.6405315967342,15.6619909923068,15.8712572418147,15.3752100624066,15.6546777880237,15.0621150856654,15.466344321588,15.5439677483867,15.3730257952191,15.6337055662747,15.5176742061049,15.1631377975295,15.7319118440012,15.6539892705216
3,21.9207429594251,20.3049513075805,20.3203045975373,24.5999721028356,24.1550298072036,24.0791196801994,24.9801463096227,25.2219783641765,25.1096512842288,25.0708712323873,25.0433257326227,25.0067599761606,24.9848731020168,25.2685325292155,25.1130699484202,24.6400041411335,24.2122527739439,24.5772485818107,24.2572700201928,24.2116084328249,24.3162003054989,24.931392956229,24.5743263530483,24.559291038567,24.8646329776362,23.9651172134455,24.2182738119332,24.3688373829469,24.5804402474478,24.045884039652,24.1736332390726,25.166385712087,24.6109271902659,24.6833424148275,24.5001398298665,24.6041510181398,24.2769052565575,24.1054838086602,24.2033648872341,24.3062065207869,24.482045502685,24.4055493924603,24.1863989819924,24.2216296192118,24.3300101864325,24.3772170178497,24.239344378883,24.7753340552678,24.3978349977041,24.5402959774864,24.5529821720175,24.6073855999904,24.1678513298416,24.5803874150224,24.5475081597359,24.1570288005363,23.7958929538966,24.5047842830492,24.4240295697474,24.2807948814186,24.5678354054934,24.1991105242664,23.9819734284509,24.2114328848161,24.6376359094506,24.243088903217,24.4835453206059,24.3627477084982,24.0897540479494,24.4322623756809,24.8693777159648,24.1979596548745,23.9429618681778,24.5055406558324,24.0182558315414,23.9743194179164,24.7666898431604,24.5799412549046,23.7576841176846,24.5512307658116,24.3961612938969,24.5800111166258,24.2445235756488,24.3758756752259,23.9059603339679,23.6575121783761,24.3738418141706,24.7068452249066,24.5760489455527,24.2637343257188,24.3931244876414,24.562996610214,24.1259461298843,24.9184612897767,24.0234041220984,24.6896392967372,24.8216373656535,24.8831411901455,24.6559520639738,24.3446678378285,24.3885014553491,24.2102947113161,24.1372483488335,24.4122873790128,24.3155240231193,24.9803499535666,24.1962336413711,24.8248722987365,24.6603982674984,24.5140759567605,24.7072093322284,24.0526335565682,24.465603798837,25.0007672352485,24.387595572641,24.5927797426834,24.5717619067633,24.2361889831538,24.770482336944,24.6568387686544,24.18135974736,24.3174166270906,24.3559525812726,23.8426362865756,24.4134630494452,24.2823064818299,24.5670608592001,24.2705773875713,24.6412381277615,24.7005676995674,24.2024477994663,23.8132853188797,23.9525444720771,23.6917373629166,24.3474090720281,24.6546116226314,23.7638642858697,24.4451562685631,24.711034869356,24.7361411741701,24.5962046965405,24.7645069962512,24.0549353836613,24.5288556637268,24.3413836671145,24.1470965689158,24.6609025235385,24.5916301876035,24.0534218984389,24.7275926096575,25.0394872788845,24.5831608297513,24.3287519743665,24.5558238132388,24.8021655025413,24.4919554209248,24.4138063395456,24.4043076579987,24.7555616590963,24.5242106969371,24.7775602157201,24.7999099080441,24.3421452975485,24.04998752816,24.4630780996064,24.2912629141504,24.1303432227071,24.3820652586652,24.6128920334571,23.9468513913711,24.5934550250325,24.5014885982696,24.2945813780607,24.4933682487075,24.3172047975643,24.332416972583,24.0725372210317,23.6003131964508,24.7361003227068,23.9845208850063,24.4341687507715,24.5713339440812,24.4649907351165,24.0375828478793,24.3382006023046,24.758663043642,24.1640537423171,24.6167022353259,24.603502316233,24.5924155210288,24.4890605382881,24.7564824211444,24.3154014431477,24.2842750390835,24.5397274201589,24.6827650989196,24.043148988372,24.3579724617583,24.3631488722012,24.1864678546312,24.6511941049282,24.5612786795765,24.4536977439121,24.1973273614476,23.9264217790946,24.1053077761984,24.3612926556358,23.9266279853572,24.4610514427305,24.1281966527724,23.9623674577407,24.7520245078481,24.5851828213805,24.1241472346991,24.9095867690366,23.927497771259,24.6461627786542,24.2515654364695,24.3878189657465,24.3855680064935,24.6832558562312,24.2534926397582,23.9924425020032,24.929427661612,24.1386469350384,24.2853121282796,24.5279939784514,24.3103169630706,24.5232964343986,24.3522772724574,24.9561208653329,24.480471721369,24.6224857356005,24.6121681877453,24.5528579147993,24.4247309118983,24.6406517457799,24.661178943842,23.9062371843136,24.2258977498759,24.3175520114968,24.2664091138578,24.2180351321001,24.6483187119192,24.4983516902382
4,24.0867460669986,23.0779359458945,23.0709377495318,26.5695173306815,26.3716857586134,26.1762655638302,26.0153042449709,25.9912320466872,26.0109320227604,25.8270224489937,25.9235770985979,26.1130568369271,25.9504212843608,26.1007497456215,26.0712151026343,26.5199970662992,26.3712357361974,26.3652578804943,26.3972103413178,26.633043231499,25.9087126089161,26.5385150201496,26.6431383450977,26.1914460391149,26.6743291889807,26.4570354038309,26.5397741279099,26.5985097900504,26.2930769000353,26.2820248460228,26.4096494798172,26.3635583574885,26.4939222279202,26.4385302134102,26.2648151562009,26.6884643254278,26.7443753653859,26.4130103498708,26.229928853844,26.5675668966691,26.4540590241321,26.333397928953,26.6451784371106,26.1232816825336,26.6743626181553,26.3260096759831,26.5975474214335,26.6726863760116,26.4791039723456,26.3751190927147,26.3721611706238,26.6103942317633,26.4463875992622,26.5003378615851,26.4526141554459,26.3163447195182,26.4822337767622,26.3174028079857,26.4729474585096,25.9775325596871,26.5954971023451,26.7025165956613,26.5152821010318,26.5931920722603,26.6301914475956,26.2857315702987,26.2067125071165,26.8358955589378,26.2740916562879,26.4482844106559,26.3550739747892,26.3729935926717,26.0632146614314,26.310850162156,26.3564819346121,26.6151752548561,25.8973981405739,26.4073304902531,26.5106308092008,26.3335222357403,26.5553968136986,26.3027077366477,26.4012782360306,26.1721306328442,26.3885247844013,26.0416637980193,26.2266984206499,26.6404410150778,26.3401222462055,26.4907245692172,26.2923218876181,26.2054753344377,26.2084108175086,26.5515110213913,26.3602165377124,26.4628578643399,26.4868763486918,26.5232145404211,26.1308698423929,26.5066563679266,26.4418602127654,26.8087607798424,26.3042868817378,26.730503944106,26.1649595181071,26.5117362031768,26.3254038168912,26.4165615703046,26.1872045967658,26.0925302749804,25.7245740473079,26.4577961455664,26.1542006018042,26.409035669424,26.6612557904917,26.1251503309628,26.5005304862515,26.3761992244665,26.6839910051923,26.3748324152024,26.3055093185287,26.4306153714511,26.2778526350134,26.1873833836532,26.2472217468479,26.2156499832682,26.4134254608302,26.2202476653149,26.2776132920535,26.351341138277,26.1811265956992,26.3539722341582,26.2773570449023,25.993841021453,26.4058527576326,26.4060075820666,26.0866960722605,26.3661054556467,26.3380172837264,26.2495450020635,26.4856225587031,26.5031415533919,26.4368627492692,26.3967001306406,26.3337460168028,25.9934069237292,26.3754821429093,26.3986619370369,26.4793350278824,26.2518401997347,26.3187810601028,26.4716912756037,26.6863949408925,26.5828970777668,26.3816768950226,26.6230653205301,26.6658886799814,26.4707810916153,26.3339021941016,26.337114388458,26.1989137942103,26.5876219557742,26.2142257535245,26.1675422111505,26.2817531743466,26.484801377609,26.2241908369921,26.3966562974138,26.2517983990078,26.1777659019391,26.2693273499316,26.3954505722534,26.1602304652395,26.4366504013221,26.2503824538955,26.1998842269477,26.8050636270936,26.0064733720436,26.4150287857071,26.2880140136727,26.0959235097533,26.3832659275146,26.5915426692889,26.3391042210856,26.3257128198712,26.2811874227703,26.4338420137399,26.2867430656725,26.2146959399904,26.630887938147,26.5568376648307,26.1643069999646,26.2934313325939,26.5028574515396,26.2241226592482,26.5669869383395,26.6206615002123,26.2981811984763,26.1498212112741,26.3645502782552,26.1607392191099,26.5764822891329,26.4131041736171,26.6036891152213,26.3051272525066,26.572327735282,26.3632003627153,26.0750860729096,26.5143595926652,26.2611838032668,26.2669455975929,26.4161469537965,26.3213007511593,26.3489592039764,26.3282310467302,26.6585051487024,26.0341050766094,26.5780809534729,26.2112961241679,26.3030249775576,26.1851199139226,26.7841090251405,26.297675435379,26.4323438540157,26.4575726175057,26.3641019235926,26.4638541965303,26.4632407543146,26.1391274137552,26.3745279449284,26.5167612499959,26.2520937034558,26.2435097097376,26.7280492115545,26.2558217430457,26.2635558372439,26.4325647719681,26.2525382270432,26.2414817002089,26.7351054007526,26.1767030348671,26.2707112910116,26.1953132197973,26.4404283287337,26.4145304779482
5,15.4410347347116,13.489436751984,14.0790666720124,17.3042693032852,17.2649863374297,17.0768879058192,17.6463136339672,17.5994189433044,17.4474576755809,17.6679527117253,17.5381963606007,17.4806897244671,17.4472079015846,17.5047536703645,17.5090162406803,17.0167262053826,16.7777523105357,17.1400680940589,17.1684990446188,17.2580078168688,17.253715383776,16.9873983558066,17.0537787117382,17.1288311007877,17.0966423298395,17.0261693690999,17.2923919655049,17.2092689506717,16.947880002446,17.1030787875764,17.1998524850467,17.1702171966639,17.0679458991283,17.1136881518299,16.9390922868644,16.8259815062218,17.1146637002311,16.8042728806004,16.991519654496,17.2259730975929,16.784628209304,17.1541887744583,16.8778324024172,17.1065624479769,17.1331531850668,16.9723758723611,16.9994228600282,17.0920948581896,17.3916795355586,16.894558873182,16.970462258858,16.7114158815073,17.0618250047808,16.9700310924012,17.2744615678893,17.0114790486101,17.2825489402033,17.3571029180652,17.1636271057442,17.2532244732398,17.2729077948447,16.8373235678413,17.088543491692,17.1498589435004,16.616211966317,17.0694423786893,17.1831044404763,17.0775438245573,17.3229567104954,16.956006033617,17.1527939823097,17.072189615147,16.8484653287024,17.1658391494887,17.2588608675374,17.0992568288383,17.0687863042698,17.1387827705321,17.1231789309331,16.8809722536909,17.0644070034991,17.2060390599227,17.1507497499776,17.3269368745049,17.1745060111855,17.1170248676122,17.2429955941893,16.9151708056585,16.8489402817104,17.0649777541922,17.3679349602266,16.984939022651,16.8596721813731,16.9974462227724,17.2815823129733,17.1421388922304,17.2240749224051,17.1214786733763,17.0412508006198,17.1585918914219,17.2133970899041,17.0785442878469,17.0293338237709,17.5217800963199,17.0375676360356,16.8502283228606,17.0435868600187,17.2718998561313,17.4396163584571,17.2483680190417,17.216931475259,17.2692832467332,17.0439469236128,17.1232349813584,17.1303264524998,17.0803929589175,17.0967479295057,17.0289038237425,17.3148543884322,17.3255664377174,17.2505408553145,17.0694872579028,17.5036182381052,17.2468008837297,16.8625584726074,17.2032184259728,16.8042212245944,17.2408410595524,16.9917188262562,17.015551122002,16.9168299086993,17.2254082790022,17.1378960980078,16.858673001918,17.0670716383176,17.2381501539477,17.0912019034895,17.0593462362186,16.9749330884482,17.0715305052573,17.2058556786461,17.3374186493342,16.9993718960584,17.1496389931703,16.9872712715772,16.9821917672531,17.4311340496869,16.9936127500971,17.1403209815792,16.8533271371371,16.9272434273626,17.3208174904911,17.3720183534399,16.9593495539677,17.0419337299624,17.0131846870723,16.9919595818126,17.0812181096619,17.2168960217778,17.2424388875007,17.0391345967409,17.0898185335358,17.0590036923022,17.1963009707749,17.2621403176597,17.1197573802921,16.901967014942,17.2751509053406,16.9680800284735,17.0096449791042,17.1252879493045,17.1588775878484,16.9921494491384,16.9530930490058,17.1872173305381,17.1835539970367,17.0430038146625,16.9470378382512,17.1384331495508,16.9677795915386,17.1744089995206,17.1534842793613,17.1385642082211,17.1269990394246,17.0839156920609,17.1551835127965,16.7870754129607,17.0543770172636,16.8306111324084,17.3945786927261,16.8921248619189,17.0066540077292,16.9084769092929,16.9293152302844,17.553704017162,17.1122940131417,17.1377420561894,17.5257365089048,17.0713448139427,16.8239320796913,17.046439964413,17.0657917763402,17.2152534902109,16.8572216214948,16.9455048092748,17.1140146815604,17.3633068190621,17.1635955252627,16.9708541829604,17.2046365503308,17.0671651383732,17.1280655060231,16.9611509706011,17.111995266334,17.1335620094858,17.1643122140021,17.2867793622132,17.2019686650966,17.1907832163459,16.9478935011927,17.2198176783973,16.8201585881273,16.9106852633174,17.0357847412186,16.9742872378581,17.2221866488933,16.990392850222,16.950564418925,17.210319046381,17.3511498889401,17.120713429517,16.8276328312969,17.2114841469272,17.0896003880869,16.9997739679704,17.1428063811096,17.0971012035645,17.3391124796296,17.2201499750496,17.176860757168,17.0696231108918,17.1609238055398,16.8539822261587,17.2439229216363,17.1948903832654
6,16.9518513636835,14.1760462603418,14.6481526685151,17.4929031981778,17.9133212899314,17.7538465893119,17.2475982294664,17.1833695203685,17.4717809834888,17.2614749893168,17.1916303977725,17.3368503869558,17.2600081328479,17.1753112797046,17.3631781311232,17.5160671829928,17.4438847737442,17.826404346592,17.2937716497978,17.4376443325313,17.6459374138376,17.5271492947263,17.7968981763268,17.772397552678,17.9163863771796,17.7895352197955,17.6213360498137,17.5896967755001,17.74896685575,17.6011945436023,17.8380366499578,17.9094158695511,17.9032384120364,17.4764507693509,17.5480047124653,17.3286055171586,17.5195459498031,17.5724754348736,17.8193727006779,17.8119846117091,17.7138751423997,17.585008148979,17.8988344575468,17.4511804461449,17.6887729748641,17.7524687566688,17.743348571393,17.7166404120219,17.5343657100321,17.4931845065244,17.7246670634569,17.7789106020494,17.6011222640175,18.0346711231191,17.5655592428569,17.7111875385657,17.7589112009687,17.7132428892298,17.6574361191185,17.5843066307354,17.7671945705675,17.677950913568,17.697570352922,17.7610288188566,17.3785330711865,17.266830844026,17.5342446313421,17.7544427682287,17.6204954671153,17.5790671248103,18.0128417824879,17.5739644380545,17.7201877037995,17.6342793071628,17.3693888226592,17.6742171703044,17.5118125589456,17.283895209393,17.4657668295972,17.5307061232461,17.8245736860063,17.6034246234633,18.042801348337,17.7006412512124,17.7258471505334,17.7645587988969,17.545101071302,17.8817584091864,17.7250376674561,17.7324372835393,17.8734261275496,17.4609540330781,17.9542672027638,17.5935688359253,17.7146712897522,17.4160007235366,17.6424059406879,17.8515552311681,17.8718725833567,17.7493085249821,17.6599829840889,17.7274574431977,17.5918593606172,17.5849970368395,17.7702980822908,17.6788615966308,17.5998819806945,17.6274652737267,17.6845986577484,17.4291155557661,17.689119697818,17.7573031656913,17.509931355581,17.8603938082789,17.2384686045426,17.8286945317142,17.6540375371955,17.6901930201695,17.8078480507569,17.5558322546466,17.6444197996541,17.7809235711105,17.7060114858088,17.9098496748359,17.8672872269948,17.7285826773622,17.5065942756403,17.577588852685,17.3272827676189,17.6736813846978,17.6060738535906,17.6298969080501,17.7152243925733,17.7616479142485,17.9954736747909,17.4833150028556,17.7732237782575,17.3108798410391,17.436296243991,17.6636852050441,17.9513986660445,18.1096587887542,17.5914280005794,17.6963453532939,17.9439311286216,17.3004393486071,17.680508471562,17.7717203609649,17.4720278822475,17.7281956803617,17.6389586960282,17.5981462122006,17.0631695236288,17.7200352493683,17.6836050209755,17.6482025366047,17.3174787548228,17.9835295972533,17.5250975303421,17.6427873581372,17.4257669410567,17.4401779650308,17.6735724135253,17.8446255374682,17.4016264957565,17.9225030642216,17.7260655834518,17.7192689517821,17.920365724238,17.4827461262624,17.7515193966972,17.4681729477982,17.4164112888787,17.8609483724366,17.6145221163267,17.6668506622112,17.2261558221576,17.7447425212401,17.5895355869359,17.7896961920432,17.7775845964408,17.8250387849401,17.6786278605256,17.3579176098288,17.5696497143766,17.7756730172913,17.637476929027,17.7601529595832,17.6697488625841,17.9584860781478,17.7473463782701,17.6780420448972,17.7092638114588,17.8623265844655,17.8589512077541,17.7193145675965,17.7156678199632,17.7004713692077,17.3993520057215,17.7024692546321,17.8252910944833,17.2965929381001,17.5331560103574,17.9310401895056,17.4315283487806,17.7871768412035,17.7929874873586,17.5162079425012,17.3491853554967,17.6557559411137,17.6324250682625,17.7314596036121,17.5111192508592,17.8021564505239,17.4628524224688,17.5335355362303,17.866483439525,17.662815586938,17.8986198010433,17.2803918086118,17.7572396683125,17.6858643000565,17.5414756172466,17.735719485202,17.5946206415694,17.5314456427057,17.9624729447386,17.4447176491059,17.6023820376662,17.5689009595121,17.59513118293,17.7084307628645,17.5508945972688,17.5353036890453,17.628932349054,17.409205281301,17.7570377390268,17.8457157882388,17.6276137373137,17.8149105882122,17.6194923535444,17.6629723433849,17.8547896194928,17.9407801418268,18.0418163022814
7,16.1381504788651,14.9894635148509,15.2266871851501,16.8930545972313,16.8450796538738,16.4629176111975,16.5852561755842,16.5854898498513,16.5863977765202,16.616908810306,16.5009207289374,16.7130226965978,16.6123925228902,16.6621536169186,16.7702859536741,16.529018658954,16.7400114428098,16.7249550489188,16.4928996324139,16.6660851495667,17.0485123018946,16.9491139682105,16.8232749085053,17.0724763273614,16.8208727882877,16.6772816969047,16.6243041767844,16.6955777215976,16.4001073483308,16.7645506153778,16.6788656161239,16.8388774216768,17.0614881806237,16.9154628789393,16.6850247317826,16.8802455256987,16.5198060219093,16.633769481114,16.571375516449,16.5834235794831,16.4259967617433,17.0337686946503,16.5072617014498,16.497295958788,16.7662741064541,16.4965821895749,16.8682596358503,16.8305319914423,16.8932001810713,16.8347289895269,16.7454487209085,16.5562418020323,16.8159309740584,16.9664223980553,16.6528254897331,16.8774811266006,16.8213976529198,17.0949341449609,16.8583195805033,16.9456096711375,16.8759856905352,16.6578811142471,16.855864256661,16.8351956689483,16.8688173892442,16.7856228695663,16.8323026116365,16.9154662404057,16.5889407213254,16.5812711773604,16.8581503461196,16.6948840035013,16.8906066521978,16.7978867892366,16.5624151135752,16.8043660197908,16.9544019635285,16.7757442686434,16.5117352723026,16.6148689267031,16.7735482705256,16.9396120504086,16.7647466137035,16.6504325348057,16.6553062298738,16.7797551570227,16.8916033781628,17.0510898166606,16.576320235195,16.9587080724039,16.9277185988854,16.75475722737,16.6709174322213,16.6887277844161,16.7875000739947,16.6340648269635,16.794435477204,17.085282478875,16.7415337721882,16.9063323398022,16.8642425699585,16.9122273036219,16.8006604450599,16.7468264481007,16.7010023928731,16.6062826881565,16.7757745524365,16.6602197301635,16.8391868034498,16.7440887692012,16.4440722617335,17.0070042178277,16.8212727163582,16.9271552447576,16.919186974376,16.5665723325554,16.6699240487529,16.8842142468764,16.8460291434316,16.7217085515654,16.7986595343541,16.5166672870458,16.6255581019749,16.5973425267558,16.6444195126766,16.8913317599084,16.8202815145831,16.9074809013198,16.6439694615088,16.9609072801127,16.509578344488,16.8307213122041,16.8254442311463,16.7838156245817,16.7120023292812,16.5849008130435,16.8817864318712,16.5554566325679,16.7217947650542,16.7756266302689,16.5552494598299,16.5895139613564,16.8979559717753,16.6094171516458,16.8435269735541,16.6937313744075,16.7133225200216,16.6016153746735,16.7448905681182,16.3326681842934,16.8331856855797,16.7728436452959,16.9191362423866,17.0533366170162,16.8716354383238,16.8653658487708,16.7305236797297,16.744432618297,16.8031193821397,16.791001444052,16.7614214080731,16.9797974274756,16.8592058092418,16.6904364096482,16.9895654496846,16.7782834577282,16.889500689005,16.6809054291309,16.9008458734268,16.795219222668,16.8074407771302,16.825409748989,16.8734348590556,16.8880810303362,16.7594856849366,16.5906808178051,16.7753469987679,16.5015382597259,16.8706970397889,16.5662074964225,16.6759082438932,16.6444012554967,17.0743765103055,16.7879282063283,16.5347687249083,16.5992918443163,16.6697396153735,16.7352108952957,16.7319833475773,16.891338604327,16.7960130275197,16.9196310153297,16.8038107818797,16.7396823713031,16.7573466076347,16.5656083902516,16.603378378058,16.4864350063056,16.786326690172,16.6102962106763,16.6987114154813,16.4415783958633,16.6851610350331,16.7006507815977,16.7726172505538,16.7367691368585,16.7280745749077,16.8970365951277,16.9250384912861,16.7742446811516,16.6449032505136,16.828381709734,16.5501607284757,16.5841126133704,16.6570487331992,16.594551918827,16.8063907907209,16.6856302038819,16.6293210415539,16.7005174606832,16.5515703993251,16.7078865767875,16.7558776977367,16.8069959721792,16.7235721525835,16.9714269001619,16.7785270240973,16.5272978062269,16.9354461419353,16.9181014375116,16.7457307826972,16.5248699231596,16.7631056780353,16.9556729195814,16.8718004843869,16.6762942946904,16.505283359499,16.6609025965887,16.9546050513397,16.7522103972701,16.5896755816047,16.5514942083448,16.6104258006885,16.8360512512352,17.0335578646941
8,13.4378088657147,11.3562652992929,11.5857281930685,14.1083627054638,14.0091672772071,14.1491790588173,14.2683396043119,14.1649536922415,14.248140572991,14.1846006722542,14.3338602775642,14.2874957940677,14.148483972015,14.3051877897393,14.3973670825968,14.0771253244006,13.9024783888512,14.1042675260139,13.8149292099937,13.8904668581865,14.2241534578925,13.822119385113,14.0722947627802,14.2742347609657,14.0575999822276,13.8543264128772,14.0205483252541,13.8366731192788,14.0315952767419,13.7959129376669,14.4231158747048,13.840018988369,13.8710482271097,14.0144276778684,14.1021902825633,13.8231469296068,14.1747698453047,13.9687240430837,14.2470618697692,13.9678491322912,13.8833442486624,14.2642481861758,13.8511274883416,14.1804707717633,13.8117735007779,13.6549677319745,14.0760542675507,14.33452059419,13.9202384149746,14.1551533471689,13.7950658648613,13.9160687702504,13.7659461570356,13.7569068993977,14.1380565374153,14.1445114551979,14.255822365904,13.9486125601707,13.7219671895269,13.8194290146975,14.2319424983475,14.0270015608055,14.1106140268237,13.8957799911218,13.9753191382976,13.5956965011222,14.1240018392851,14.0207570282697,14.276757188101,13.7638209365375,13.8831230889254,13.675965591079,13.9456485591432,14.094950291695,14.0496203455643,14.0259208448065,13.6764640408885,13.9784015623257,13.9889280342817,14.0935425435004,14.5160950737828,13.9761885060341,14.007799402955,13.8660574137623,14.1415686493552,14.025861502999,14.1869909540801,13.9363894773743,14.0111199359874,13.6194470502638,14.1252322737552,14.2651163964686,14.2783998354866,14.0598297490396,13.9787083944917,13.9282605314204,14.4092381142222,13.9387806477792,14.0303768587163,13.7945142695721,14.1781540469987,13.6575839365003,14.0612792457217,14.1706064057527,13.701590926482,14.2236157495723,13.5884768583697,14.0680761356381,13.8013453004917,14.271481315688,13.9074838731479,14.1831747912675,13.919608643673,13.7788568935699,14.0253094673582,14.1278747248997,14.0857624937532,14.0990225306651,13.9324606059488,13.4609277768629,14.0107199548732,14.1117852393626,13.4764713430197,13.9905895819249,13.9377609414518,14.1079683336182,14.2257970919109,14.2854883469113,13.9950187409172,14.2391809930953,14.1358006303026,13.9524120552907,14.4040550438788,14.1607596137317,13.86452826914,13.9760992369051,13.7803718192597,14.0839396251698,14.0288062657653,13.6445712616962,13.6566635262964,13.8831727065821,14.0433619606974,14.1114458889847,13.9819720617089,14.0796156141925,14.0676429399137,14.1286086848696,14.3631394674644,14.0322315062155,14.0552563434498,14.3990549559206,14.0908815538359,14.1816089051322,13.9314007734615,13.7212280700226,13.8347518210934,13.8395498817885,13.859003175165,13.7280929767482,14.3974386689989,13.9243062214731,14.0579983286664,14.1188563611532,13.9698041312584,14.1259863054048,13.9278735065853,13.8401683195043,13.8917400621985,14.0248270942583,13.9219236176098,13.8737539731371,14.1142379835548,14.0809237658546,14.0836952533182,13.9999860776011,14.0065430851412,14.1136197676049,14.0565729224971,14.0214213342422,14.1808486128383,13.9125780989318,14.0946609955301,14.1901307557612,14.1213156167018,13.9394253899242,13.891407573674,14.0974912785889,13.7808434419244,14.1365183260059,14.1444238941418,13.7069346795408,13.7155763272681,13.9370121313278,13.9508418379524,14.1480638581009,14.0220290969564,13.9491872164935,13.9437866934438,13.8474686854455,13.9297285913007,14.016344031185,13.7007812389126,13.7964017357224,13.7212894173573,14.0607582298164,14.0162806595603,14.286914270575,13.9976392763958,13.9594123156215,14.1348958253428,13.9812764255246,13.8443448420228,14.0357329728113,14.0672918683142,13.8619168271695,13.7452101150317,14.0817597309215,13.6550810443338,13.8705958236233,14.1779543582375,13.8702648882908,14.1062347014568,14.2538923986575,13.9240276317491,14.0509162776603,13.8837637209525,13.8786120275752,14.2475263058147,13.9971104888721,13.7685795530071,14.2000445201035,14.1719771749292,13.9512900375421,14.3843692085878,14.0203059256361,13.6413040727833,14.2883634522308,13.8031235478553,13.9077743320485,13.4526016314028,14.3255368499026,13.7986103165965,13.9862670367661,13.8301828847835
9,13.8775404705658,11.5517516468856,11.5262550672541,13.9224101842005,14.1169143150038,14.2697657327535,14.7241863452412,14.773980889621,14.7841275407828,14.8020982151225,14.7120079106853,14.7345526445815,14.8058813234556,14.7012466289263,14.5272730102436,14.1499102032511,14.4925329203103,14.2353282989409,13.9599144931036,14.1104716137392,13.8163654230923,14.1352582772349,13.910356039926,14.1003183512225,14.0880145486249,14.1103112451484,13.7152527959688,14.2872773182888,14.0520477153923,14.161198436357,13.8595001459217,14.1527709136154,13.8748721316519,14.0920274777529,13.853537165617,14.1232283299557,14.0094007289765,14.1300860237855,13.8216888513918,14.3906125756637,13.908288575866,14.2362353127281,13.6944990432431,14.1829882083866,14.1302117661158,13.9881969050292,14.608100289125,13.7590621768479,14.1124942017267,14.0847676719905,13.5062091805308,13.8925093447262,14.2050648761902,14.3424911195786,14.1793857914194,13.8294020554369,14.0988628985574,13.9861773181342,14.0750011946193,14.0054160048744,13.7564008265846,14.6369162357697,14.1328136157669,14.0162413975132,14.136605582923,14.0209568129485,14.3429543227818,14.2431183897773,13.8354205856262,14.2530609877096,14.2981994560912,13.9214760383735,14.1043500416933,14.3882273987938,14.0062668508515,13.9334020128716,13.9754957191678,14.5123389857699,14.2120639438953,13.8246129391827,13.9016500758287,13.9718228218819,13.8000688442791,13.8090846538128,14.2378087615691,13.9700785831202,14.0352804446144,14.129629345167,14.0006063304335,14.3967115328486,14.1621495715848,14.0504801610516,14.2140403159349,14.0298749461997,14.2111780413115,14.0102842073755,13.7988523211608,14.4900064764678,13.9171564976662,14.1090251807324,14.3860570188789,14.0141010087232,14.275148438773,14.1265054254903,14.236687219259,14.4179686880845,13.8175032292372,13.8466879130212,14.3332793083399,13.9639982454388,14.1559102021141,13.9712067018166,14.1850717513138,14.1873417220801,13.9653391800719,14.1483860969275,13.8228902601599,13.8757408338783,13.9985691975728,14.0554993984221,13.9476840442481,14.2753531801728,13.986877194177,13.6427245764987,13.7901156345667,14.22681798146,14.1963933285951,13.9947594423695,14.0503210369487,14.011103270911,13.8689027299759,14.2327657589555,14.0367307845866,14.1003597738917,14.2863674168614,13.7755784617388,13.8626971312087,14.4218424995118,14.0806800836592,13.9308267510788,14.1356989995216,14.2132864878976,14.0346625817729,13.975923109199,14.2157348803828,13.8856918660299,14.1739507313825,13.8038940164171,14.0847909616714,14.0314763407882,14.0013169731722,14.067806875449,13.9934045381111,14.2175376711003,13.9459878535868,14.1305793206585,14.292694216318,14.0839073758825,14.0169948149687,14.138004972381,14.3483399276582,13.964894035087,14.3419214226863,14.0335175170255,14.1212237042406,13.7703580188671,14.1215340768707,14.2734460369707,14.0944050287149,14.1593340054193,14.0658851215645,14.0491115189369,14.0695394304672,14.2965242161656,13.7914499788973,14.1464634367444,14.3373923850455,14.0540204060817,14.0072010720977,14.056106574389,13.7536646358713,13.7417067120715,13.9850629369788,14.0939455624095,14.3535010681404,14.040497414492,14.1763948446498,14.1680588318885,13.7908329831889,14.1068178650992,14.0452780359815,13.7984943422613,14.1738174480675,13.9016369336366,14.2157584984531,14.0829610731631,14.4365990190426,14.2862668264024,14.3340241604116,14.2152841594715,13.6407036577891,14.4237357728222,14.3579075378935,14.1522786651352,14.0686843115183,14.2078072083197,14.1415910283811,14.2827033970511,14.0793676328599,14.4901429081944,13.8866411463963,14.1839396741691,14.0044050364237,14.1279536381678,14.026759433916,14.1822455859362,14.2488945648083,14.5650649639394,13.9897895389299,14.0190924246203,14.1812285184272,14.091788418006,13.7092493993205,14.0431222356916,13.9900261893323,14.3857747637519,14.0950098501851,14.1469033943352,13.9488616733752,13.9870705953223,14.0048103108797,14.4054329409598,14.1409865958569,14.0039674721105,14.270317452132,13.8115279541174,14.1230724866141,13.9211042367238,14.2178345797418,13.9821812066372,13.8402671612482,13.8101075732264,14.0453959734443,14.2939437489572,14.1011139052355
10,12.4888387887041,9.47588465883005,10.1695417199912,13.7161338024254,13.6212497728284,13.332263019991,13.5265275961433,13.5630502335125,13.5506755941843,13.502465268373,13.5060693581601,13.4996649066426,13.509087141434,13.4696843425597,13.5162267911066,13.1387139301212,13.5963788451827,13.4523428351311,13.1089731577292,12.9860491878829,13.1045589985446,13.4310505324847,13.5529320568519,13.2754183464466,13.2713381097346,13.3850085253364,13.4361746209171,13.1288213599081,13.5778309458462,13.5892472450348,13.3662302234449,13.4413170234125,13.4327833300071,13.5867142954775,13.0222290110197,13.1819141137293,13.4397721647586,13.1011048365329,13.4055824673856,13.142678256182,13.3576035417478,13.241960385763,13.5857086855002,13.5163749672207,13.389004432081,13.1686390639252,13.1394271856005,13.0386644117439,13.4666059714417,13.3755640233241,13.2885327234178,13.3285664915804,13.4179211829956,13.2030319086403,13.6335371283107,13.4099341928275,13.5724680584005,13.1931864520094,13.2985317687251,13.1964160253076,13.1627105908113,13.1874980134332,13.4903653455427,13.3904449056823,13.0814731157492,13.1541009730215,13.3223221661509,13.1387666834801,13.5729869780491,13.3022233416338,13.3999999977584,12.9673384746362,13.2851164899915,13.5862845596226,13.1988047024618,13.4898190981651,13.3276965760915,13.2135904783683,13.0426336580707,13.3406608370876,13.381857135599,13.1603350721551,13.7311754701879,13.4502543168036,13.092494445932,13.2398678268159,13.5886993069826,13.3263815374465,13.2997472543043,13.3640864348328,13.2953514405117,13.6518455996957,13.4073888538677,13.5299126357201,13.3451775697571,13.0877821717459,13.5265692741246,12.993967396743,13.39580252084,13.2845010855541,13.1987981705506,13.4270894456824,13.6502837933404,13.0418649708283,13.3647758729465,13.6197161202364,13.3005367731815,13.3008075151886,13.5645821903238,13.4400253151856,13.4723682719595,13.4677965937979,13.458616265551,13.4177916483343,13.0532720694337,13.3156580461437,13.4651350455675,12.9755826433241,13.3823044886168,13.1683705273476,13.4434564588424,13.2805873758739,13.2939818445576,13.7515895688075,13.3031008206284,13.4752000779382,13.3046803053708,13.417810783992,13.2213217435166,13.2214442121471,13.2291499032835,13.1254456030665,13.2662596435013,13.2719626337755,13.6490209408585,13.1162020658585,13.2098750414306,13.151514445108,13.2972875408509,13.3931583955582,13.1343287534879,13.1815767199688,13.334123594905,13.411974607229,13.3232080238483,13.509049223881,13.1501069622923,13.3831386063347,13.1650219899092,13.1778980521801,13.2521271092076,13.4994884243224,13.4072994865411,13.4762536214928,13.1776159638849,13.1723285869136,13.4503687047758,13.1449773605791,13.7455206019117,13.6017833463912,13.1280706106635,13.3288063528234,13.7873852921882,13.2858646472084,13.5115459034688,13.4444886694658,13.1926470502578,13.4608290434764,13.254816095014,13.1231383318952,13.5849710421301,13.3363230717251,13.5198277535106,13.4747323285197,13.346516198154,13.3685570312888,13.3887566991652,13.3934346637956,13.3393465130128,13.1832253215271,13.6220202490962,13.4490387011247,13.2842008031012,13.5489213494777,13.6336113604157,13.1054511247824,13.2438508876425,13.56871413665,13.3453377842619,13.296705452629,13.2359444990555,13.4339947505849,13.1620711360214,13.3777786440984,13.2443288525972,13.4573531295881,13.1463497233551,13.2309921392932,13.2819488226128,13.0809729525094,13.3941496269445,13.4009685536641,13.3840041263504,13.6471939772814,13.3039626428643,13.2744697641501,13.5221045585834,13.4280010499816,13.6024119104881,13.3841202971389,13.4772935887384,13.4741105229388,13.321593523894,13.4861893989268,13.2929548924787,13.323477021305,13.4762417816091,13.5386252556573,13.205080944224,13.4492939951041,13.3105843056327,13.4354387101424,13.167285702598,13.014281343306,13.2853144302976,13.5366687691082,13.1266646421048,13.4519644440768,13.2679282171841,13.4399406130569,13.0573266400487,13.173146620239,13.4596572273632,13.3190440554451,13.220360718046,13.3210509626632,13.4082861046114,13.1067365010774,13.2095274889775,13.2152221601548,13.2481697216842,13.5358909700386,13.2571572184338,13.0981389099323,13.2804123803379
11,11.4526045461012,9.01183884426098,9.19240916288422,12.4576618403999,12.4221225278872,12.2530000021564,11.9228172070759,11.8590786485577,11.9636026900354,11.9319031629769,11.8773805240768,11.9466926041431,11.883592689683,11.9945734005505,12.0421664448284,12.2524409677437,12.773706887078,12.6717449221547,12.3117396829567,12.8110934716462,12.5842058905635,12.483914526989,12.5470347595019,12.7684772807645,12.6307097081047,12.5714435595518,12.6198739308548,12.57640255745,12.4755678759229,12.6168346877716,12.7685217001596,12.5303017542643,12.4183143050485,12.8472447894379,12.4878659377851,12.6344091732909,12.4750052859342,12.4468335098151,12.8448853782829,12.3279890278738,12.6490284528624,12.5656367807532,12.3468452558979,12.8697093136846,12.359432168369,12.7052803152271,12.5928950965431,12.536913464059,12.4512973135578,12.5328345329094,12.7452502537771,12.5226713193017,12.795809012046,12.549788156858,12.6733397447542,12.5664775483132,12.697397131312,12.687094935576,12.2948704687951,12.3063661746139,12.3206877781984,12.4313852352317,12.5968874418635,12.4936550415643,12.6664946814224,12.3531746508588,12.6608532897328,12.5383764407002,12.2679869450357,12.6806542940823,12.6841840807741,12.9668325607771,12.6986890058079,12.5950052195799,12.4611228337333,12.6008360468787,12.6134293222997,12.3611235079153,12.6923621951867,12.648429450918,12.3684732745198,12.514318555729,12.6318855955292,12.540221783361,12.793666851935,12.3228687031326,12.7164879601362,12.4431415543582,12.3378305865326,12.5761520230926,12.3764937279136,12.4472723707654,12.7534826006588,12.5913695832085,12.5894784355268,12.4150823452229,12.5729061218363,12.7523404995314,12.4883702880511,12.6337048086289,12.6332081518159,12.8778988230412,12.47232533602,12.694585679664,12.4451157711475,12.6158715761506,12.6899351001321,12.6470847145898,12.5108739747667,12.5592748140359,12.8554521185364,12.5047289902261,12.6586428644103,12.2728332403037,12.588032180688,12.2634280713016,12.4271279431433,12.4446226950256,12.9071012202922,12.4038204492494,12.467004927374,12.7144491812288,12.522884309427,12.7550268201101,12.4694078333089,12.6727538631477,12.5871328441342,12.7798286679572,12.4144862758472,12.5306316309492,12.8822611906229,12.3319694738451,12.8844245315189,12.6550996604835,12.4297095981408,12.7178007129477,12.6608342625863,12.5500346502335,12.6016277330497,12.1861786198633,12.5613971152083,12.5341978225971,12.4231917318271,12.7338856062008,12.7397012473873,12.5090308289644,12.8981588087219,12.3607984198129,12.2828010238098,12.4777582616563,12.7381848262756,12.5419619798782,12.8011193849237,12.7827893044562,12.6981587333187,12.7361709563226,12.702379384245,12.6765061781529,12.5563579012085,12.6298964538474,12.6131201361068,12.7465046553162,12.7767938357201,12.7793226388725,12.6211972738154,12.468584708466,12.3327232791972,12.3469027411783,12.5073349411356,12.2804141545142,12.3698428685286,12.5261552740762,12.5377357812893,12.6952053986849,12.5702007769422,12.500483050918,12.5675388759814,12.4404481299252,12.6037424637446,12.3254846602569,12.3257800626063,12.6494924068529,12.7087172684039,12.8603635089426,12.7678490105036,12.8352934996558,12.6665213952126,12.4465806418692,12.8857460796476,12.5641639350183,12.6404987507313,12.5977506236778,12.5085579665099,12.3183264121695,12.2449551769203,12.5114753233838,12.7097508168064,12.6048682176944,12.8838190289653,12.6386620890767,12.5499118108417,12.4184458784954,12.7728734418615,12.4930350990827,12.6057212564599,12.8680430283424,12.553801816947,12.3646983377875,12.2335545499012,12.7314996820769,12.3387892739545,12.7037170527602,12.7246152072086,12.5505698091998,12.4975145742856,12.0959903924271,12.6120906698773,12.5762600670156,12.4222223297419,12.7856737507665,12.7311363146546,12.2819310046174,12.762759870964,12.1617651522835,12.5894290146868,12.71525672766,12.1600082731835,12.4927499145368,12.480583894407,12.3515508091052,12.2997808786988,12.438698155328,12.7766625894035,12.5624007186678,12.5893884181343,12.6238269301572,12.4127533672414,12.545388559516,12.3636496935401,12.649290683052,12.5524689558122,12.6226451187943,12.6392906795065,12.5180656641968,12.7182853313957
12,16.5244057577407,14.2457867911002,13.9688359882363,17.2542640103064,17.3834378162666,17.4106409292557,16.9147527551149,17.043900082009,17.0257453176293,17.0319394703447,17.0436360273278,17.0462135205075,16.9043011629779,17.0049983681132,17.0418550479359,17.5047600623233,17.1205955120545,17.8139677394067,17.6284709635237,17.3703550533063,17.527162066868,17.5330636936401,17.2600970530606,17.4820865103988,17.5295389060068,17.2858696825906,17.4855397042263,17.307246672782,17.6340350025369,17.4933838910784,17.413415165402,17.4913438512667,17.1947402442115,17.5413123076426,17.212753087385,17.5191768277009,17.3363069463636,17.3141352136423,17.4825968954345,17.4122373982837,17.0194155065511,17.5974965007214,17.4006619927863,17.2389329205205,17.5525970093379,17.2612409381008,17.3985346396651,17.0841855461395,17.5881489359,17.2791230107723,17.3587383384101,17.7788106067331,17.323767241443,17.4052060513584,17.6541052436895,17.2363768510479,17.4025210048809,17.636832615544,17.77797213195,17.3743842569012,17.2151290444821,17.5253317243473,17.2684742913541,17.1138367933778,17.5100357021175,17.2088037999127,17.6960791939144,17.209712891076,17.4616312860633,17.7169596004148,17.3358611552482,17.422929819611,17.1530760303562,17.3169119139885,17.3214943403013,17.6550688410466,17.5301133552845,17.2623186729132,17.4839174434902,17.3319361787946,17.6460716920795,17.2959154295592,17.5318797501264,17.3743953041062,17.6428939696754,17.2759477069082,17.6760138944275,17.5484292445121,17.6149133435032,17.5014239519475,17.3538493769472,17.7957028284479,17.3767845787086,17.1087408260197,17.5608677275936,17.5800458516962,17.4208104907295,16.9792340990397,17.4264838581646,17.2975642993303,17.4125272900574,17.0650422770777,17.5662604368136,17.3255041891577,17.3564310350158,17.4735666989734,17.1056007993938,17.1571319618194,17.6444973749734,17.3047157438582,17.1919102388442,17.6598213168611,17.4332606431658,17.3222481020824,17.3057347942579,17.2161578266529,17.5296453787376,17.3822887243241,17.4714628072318,17.1710230194956,17.5813211984125,17.3114101440531,17.4459368067103,17.5415901467382,17.292638890851,17.4488327922871,17.3947529112646,17.572381974617,17.3261277783479,17.2075555695823,17.3844650965712,17.3191724081751,17.4861485410598,17.1944190803934,17.2103947787117,17.5649810208411,17.3686457391535,17.3115024057941,17.5298658852716,17.1294705193138,17.5376722209489,17.1846435449217,17.2324130630626,17.2716009600751,17.3599623280217,17.2220142054121,17.4861743755549,17.4674849433561,17.2330082632127,17.3323792710117,17.0797750295334,17.5644838596051,17.5248964189869,17.7013271826408,17.3788456067006,17.5567951005302,17.2462594096434,17.1003488166055,17.432673038726,17.3317806714453,17.5363512366367,17.3211438430403,17.4069092841705,17.3831808553975,17.2401748863115,17.5525382325332,17.1568356480304,17.4728652498804,17.5351240554002,17.6035759956171,17.4173934372197,17.2444677895002,17.442828923267,17.2945459859935,17.0654691926141,17.361846380407,17.4545896009472,17.587625822143,17.6059334990941,17.4696207214616,17.2460814283891,17.3911502815835,17.6865694042096,17.5066553407345,17.6695812206797,17.553978544435,17.7464403552435,17.3276082950916,17.3017839185646,17.4670762312438,17.4839677340563,17.2449263609256,17.4776881235866,17.4612337496807,17.5433462402254,17.6852497012989,17.3691467109079,17.1486660032701,17.2721276746586,17.3474391410071,17.3310853260874,17.4410345665051,17.1157833444758,17.5178414069393,17.3907844053229,17.5179550623538,17.3478549023991,17.0314520114819,17.3263948362997,17.5641521918343,17.3811377754423,17.6688607224744,17.4431683619007,17.4734281406487,17.4668181208471,17.4387589752192,17.3743032779812,17.2348908622048,17.6353621173461,17.124724739685,17.2650072300947,17.4711602480255,17.0836428285031,16.9176782190525,17.3893017515041,17.3511009724314,17.2040428577107,17.6961628587022,17.6922693464671,17.0799082777753,17.3116748651024,17.6144066663542,17.8015679252467,17.6578089352336,17.3632312511818,17.3417125071821,17.4465907173338,17.216073810522,17.0222344610296,17.2506181203129,17.3667545902971,17.2332807909309,17.3833161720472,17.5391497401666,16.9568536406985
13,13.85238693327,12.5429717953126,12.0870226295267,14.5361586271617,14.7307212866154,14.5983097050498,14.09850449507,14.2483919957258,14.0284302558402,14.0263810364173,14.0147362355427,14.3099045050787,14.4480235549636,14.3123667565643,14.1702781132737,14.7185293998833,14.6380229592097,14.8139333995356,14.7011418932668,14.771509645467,14.8090400040364,14.4928434369319,14.3655759541873,14.6957117252955,14.730011472337,14.7067802799782,14.6356675294969,14.3298420463533,14.7113503390216,14.9154383828352,14.8466777259085,14.8052117782122,14.5720914407847,14.9070580294171,14.828650208829,14.584470381607,14.5312925324145,14.6706700945449,14.6438949968638,14.8373739517016,14.8689702754079,14.491357890557,14.6752783828311,14.7167544748909,14.7663885940759,14.6669957033277,14.6917252276902,15.0295066620478,14.7743853051797,14.7654657526343,14.6449745095027,14.641342320324,14.6489598641228,14.6146909666056,14.6468989241797,14.6594694240509,14.524467258614,14.6091847566773,14.5981214370519,14.8535380539896,14.795569007265,14.7186991527857,14.4639454889371,14.4582367591759,14.7341871947896,14.6274315399149,14.8338358108526,14.6589249615933,14.5170169238276,14.4443738738079,14.7849863370731,14.8374295741856,14.7561943129479,14.7499078383382,14.9220820449067,14.7035893424111,14.8944795479319,14.7109305233399,14.587262782914,14.6550344391711,14.8081570373053,14.7451128837252,14.5233800909505,14.7549390018485,14.5814187216653,14.843825898241,14.7016906482347,14.7028599321593,14.5173614938185,14.89051705364,14.5841661430814,14.6597019607105,14.6323841438481,14.765978463233,14.7364911811257,14.5806360790052,14.6372423067227,14.7473335042389,14.6866757534075,14.9433261324672,14.6276910691773,14.7468206246344,14.8371443878957,14.7895081445653,14.5524634458889,14.6948469295863,14.431556193101,14.6674100248935,14.7227810086759,14.9852457239372,14.4394197096354,14.4645458659027,14.7036456852761,15.0088638212401,14.7364371074729,14.9166351395919,14.8126998190877,14.6154548772194,14.5981032686025,14.6460434029065,14.6851918908167,14.8069994527952,14.6989385736964,14.6409144564767,14.4138063241815,14.5544409872036,14.6983996901535,14.6161164848397,14.4177642767789,14.7172063677094,14.8520718952323,14.7081465745011,14.7992249233543,14.7695299079085,14.7964963058671,14.8700077159319,14.7697092270088,14.5883392966668,14.6445761989707,14.9180106389823,14.8698870483756,14.6697647212628,14.8163517525114,14.8832132951438,14.708425548775,14.5194164567945,14.8322414636874,14.5505778953288,14.6410263071645,14.5902443336309,14.4890246651893,14.6336702636689,14.605112273183,14.7428578300578,14.5563242645978,14.7030826818191,14.9204755085779,14.701707563165,14.7539721494063,14.5582396801499,14.7475600840601,14.6073788138801,14.6273222491502,14.4873895913455,14.9316247506493,14.7335987079819,14.6622372993616,14.6735930981258,14.8413318171406,14.9445092092089,14.7071629779878,14.7638493408658,14.6300524325442,14.6711703689989,14.5815112612287,14.8339517574945,14.7217933982017,14.6958944156975,14.8688065331669,14.5041864983285,14.6702067099284,14.7730437892017,14.7173494584235,14.6610899676872,14.7100758721316,14.4950170485498,14.388074785521,14.9575243507279,14.7313517247006,14.5928135997308,14.5724631087784,14.6837354537606,14.4919522272168,14.6512596266959,14.6794344302644,14.6256325132939,14.6002496048789,14.5241216910888,14.571871306883,14.6291475840993,14.4987370516464,14.5165970972914,14.7820805410333,14.6297244677513,14.5042560756657,14.5281302746915,14.5725641953349,14.8356421767309,14.7315810550492,14.6235945684404,14.6158690805138,14.7266010203521,14.9614156217654,14.5870238721435,14.516709948648,14.738387276819,14.7550468690027,14.6028661293153,14.6193438808214,14.903412196923,14.5550777696361,14.7723138180115,14.803633656264,14.7525052611894,14.8763061630485,14.5507904901592,14.918534494837,14.5887645204998,14.4973649180494,14.7410473635315,14.7009600123621,15.006914165665,14.8880536723014,14.8763291191297,14.7053204250569,14.7959262327529,14.5000127774821,14.5718759501469,14.5701923327417,14.8087337845098,14.813409494034,14.5928417495926,14.9841894719086,14.4611302341597,14.8725701915603
14,10.8834235475618,9.30662595182827,9.24780315379745,11.4825789600238,11.717538019195,11.5519596624586,11.2632656521944,11.3072607524879,11.0392838674264,11.2053660655617,11.1802888150503,11.3290950469627,11.2942527214239,11.1861326523637,11.1949630041865,11.5715044447186,11.7457745369452,11.7044887307074,11.9580127305028,11.6841540552975,11.8636445843349,12.1106835210002,11.6658052810535,12.0275556336789,11.7538355063127,11.6375300824436,11.914540361807,11.5840319989948,11.6055267487385,11.8465925877457,11.6544827916298,11.9714222261632,11.6970957999578,11.9415202088095,11.991779570215,11.4450928677985,11.7275863420309,11.7207021811332,11.5243054804123,11.9380531653269,11.5416953944434,12.0262917323001,11.6195543112514,11.7085056050073,11.5817823946907,11.8052956883346,11.4307464971926,11.6979374390071,11.4950507159625,11.6600992955889,11.7350599004306,11.8255404906657,11.6104752937734,11.7798742664977,11.627730738715,11.6175222969425,11.8758891901735,11.9743762145494,11.7684728028897,11.8727729030378,11.7400639567186,11.8388350065485,11.5255876352756,11.6280827267246,11.718668737921,11.5621758194152,11.7677366304428,11.7488071912446,11.7995180117048,11.8573207075245,11.7717544225218,11.8941519341831,11.7923883228655,11.6996302027098,11.7871170318515,11.6024140190542,12.0179232047654,11.8184863940075,11.464404720628,11.5980433910394,11.7137744797324,11.647891504754,11.8335175888724,11.8620893926847,11.7438046522877,11.5577329236034,11.6818704554151,11.9815396379936,11.8451388919752,12.0216254681528,11.770098046627,11.4906672942145,11.9634984236083,11.6326651802128,11.9928659881942,11.6112956329502,11.9550556285558,11.6181574597097,11.6125061105256,11.7526739696052,11.4866351463149,11.9001162575626,12.1545012330715,11.578903884168,11.5294914486493,11.7731242339086,11.8252026075052,11.6050502101331,11.7863315455621,11.8267545744051,11.824871827621,11.9135913342393,11.6515589026774,11.6772691151307,11.6396136271618,11.5746205645093,11.7838787895663,11.9430145391716,11.8145190371162,11.4720801520103,11.8100915379105,11.5105858624084,12.1914510862979,11.9883308231819,11.4776234633431,11.7610001281699,11.8185032111571,11.891135475723,12.0473509769063,11.8966191234366,11.6299625540135,11.6573514416571,11.8063804723336,11.8189376963081,11.6122582752709,11.6784626417715,11.7499407687326,11.7090444546105,11.6276775075988,11.8247848072853,11.6895094169867,11.8031113660728,11.4274700187861,11.8205873614115,11.6505578223074,11.6149345989438,11.9342335818621,11.7166197527738,11.7078755600457,11.6854272106029,11.6311056315812,11.430161937631,11.5632968171954,11.7658655642376,11.7240730411329,11.7033864896115,11.8462467178379,11.436755303668,11.9186125728264,11.8486397437992,11.7664088188707,11.5980172849844,11.8763661918043,11.7570879592522,11.6470279897056,11.647651120698,11.7836820952894,11.9081876067642,11.4526073071494,11.6350588499699,11.8098335822892,11.6292076660365,12.2151245454007,11.894235602355,11.6756219642964,11.6217056484023,11.4433511736201,11.7452459292197,11.7440215877235,11.7344980995041,11.8189906016969,11.6732517492059,11.5783680913246,11.5882239255573,11.7239033672682,11.6875826918563,11.9086766651336,11.5017436494578,11.717990290003,11.6974333326201,11.8995793750345,11.9214755785327,11.8157838794661,11.8677094205928,11.7912708436833,11.8374181852702,11.752779700346,11.9148651100879,11.6924078812288,11.6149860952559,11.708166612492,11.9916055878718,11.942350880087,11.6778409690778,11.7710446772356,11.6839015700881,11.7853735209794,11.8249792579972,11.8276660184155,11.684802838494,11.8000801061748,11.8035928992669,11.6770875371462,11.88648498359,11.8672714676218,11.4775192660762,11.6628984043493,11.4477032116171,11.7566092167925,11.6998093859842,11.6250477498972,11.6335743409988,11.5506894097894,11.8904100321925,11.9751137583815,11.9841712905373,11.9988878478755,11.816057171519,11.7710858642458,11.5922825212528,11.6448315181126,11.761662707961,11.6900795263117,11.8910194351544,11.5373797491398,11.5619375376826,11.8086148081333,11.7864153032617,11.7415637610293,11.731925855337,11.5448985013135,11.6636742860821,11.7338441895376,11.817948252865,11.7104978078507
15,10.0461789835312,9.17452367825642,8.94084738119525,11.3045645900496,10.6897319648581,11.0784656763182,9.9814515497102,9.82917807543848,10.0687772526709,10.0625386910346,10.1883611370619,9.98372425142853,10.0506505224943,9.95217868071865,10.0994125387292,10.9939646634454,10.4104926019852,10.9406174957776,10.7391127960538,10.9325607898188,10.8924342935525,10.9176627338209,11.0196360037499,10.8010779138087,10.8678751601838,10.9458043647371,10.8460582248197,10.7546763760414,11.1025009546774,10.8322010875878,11.0923526793701,10.8603559395,11.0329883908463,10.9223990812344,11.0557515872561,10.7260626384795,11.0741367598932,10.8794060677963,10.8441730927707,10.7312832567728,11.1477297040624,10.9338505448025,11.1413092057606,10.7883329172789,10.6366044252266,10.8314784281237,10.7787956141965,10.9032403150318,10.7136801424851,10.8289750732673,10.6608703133894,10.7929862498824,11.3650544533062,10.940702629169,10.805867579463,11.0443150224862,10.8099165621186,11.1147999064968,10.8191852873526,10.9154446194628,11.1239242657072,10.9145471350308,10.8618511092129,11.1756928995784,11.0558233532893,10.576380909712,11.0432032808145,10.8500552530332,10.9134391016011,11.0118384411978,11.133107835379,11.1519749923758,11.1794203523575,11.1952660073873,10.9892470348633,11.2590368373013,11.0941727790915,10.8413940897622,10.9639163475873,10.9244972320683,10.9620963738089,11.0271776583549,10.9940021872808,11.3419023463381,10.8761071501145,11.0157387286022,10.9239776142645,10.7019353804654,11.1488180301865,10.8149180085628,10.5941077688128,10.9307810228477,10.8689986387205,10.6310039595204,10.7527189844452,10.8835096483073,11.0220923872436,10.8462664961104,10.777869024555,11.241133994301,10.7934787663177,10.8959353618029,10.9726432691233,11.0873238367488,10.9018311623324,10.825342196386,11.2989702255842,10.7434226356775,11.0064619620093,10.8396089069026,11.0254297950471,10.8357296430221,10.9930419910417,10.6045801902748,10.9387496048688,10.5861617191837,11.1692736379177,10.8800994394515,10.6677547641767,10.8650098228515,10.9344793597871,10.9181937791942,10.899879434453,10.9261207428587,10.8472189954459,10.9301303221481,10.9433931382922,10.9666794060723,10.7983006213033,10.949274018877,11.1676284343873,10.9757353105476,11.0676885041068,10.8173117759922,10.8491323630621,10.959448747334,11.0989877842934,11.2929851419648,11.5262102707987,10.8752533257383,10.8625387592951,10.8630882283132,11.0269324190595,10.6220401563686,11.0937632302264,10.9256746780968,10.8629174119595,11.0084978145885,10.9543263981511,11.0033690711616,10.8048962343234,10.6244542856401,10.7952323379354,10.8664077124789,10.7128018723259,10.8198072428734,10.863237842102,11.0474980070617,10.8477580166522,11.1110691582647,10.7022722600752,10.7162928291487,10.7707023266161,10.9839790596783,10.8269447671857,10.9948363075655,10.7032406092349,10.8833372549624,11.0040247138419,11.0038599351163,10.7399313902018,11.0980378415841,10.8148893958693,11.1684544452094,10.6294293943145,10.816842052472,10.63469106486,11.3155398092761,10.6609976378148,10.7180923157432,10.8787896365675,11.0719419231466,10.9483501828236,11.0722061106618,10.9927557673709,11.0073072582375,11.0678763813183,10.7698797986371,10.8419026178897,10.7448631599242,10.9151716543163,11.0517550540506,11.1722179942016,11.0289704356781,10.8818099562243,10.9086457686512,11.0025219902162,10.8144947331855,10.8700094256709,10.8353441933108,10.9654681014922,11.0421936522729,10.9354138503635,10.707397319606,10.8061497219184,10.985399285424,10.9373549876081,10.981291893254,10.8168009580728,10.9929917329751,10.9072447887821,10.673933840471,10.7045238897797,11.136240136174,10.6483307573084,10.6069596846309,11.1370890234192,10.8635288001121,11.1705814957106,10.8370473104682,10.651340140941,10.8408974389881,10.8844620810465,11.0317176016712,10.7913805328021,10.8331936384726,11.0622749406073,10.979237714066,11.0602106992596,10.8456012485198,10.7179908112098,11.0137471174474,11.0657169777292,11.0001833261572,10.9543679154338,10.903931916404,10.7257292422903,10.7546294996017,10.8740784978632,11.173444310377,11.0158307642712,10.8954110244833,11.0600931052123,10.8452576241847,10.5018510916005
16,8.15227916136569,7.47042865744556,7.40272590675304,8.69523547724842,8.94180278256789,8.79466911971303,8.11654873790191,8.39603155737931,8.24290238302998,8.24294715464609,8.44333783265871,8.39795202054807,8.44784238464258,8.7220504270308,8.29062557849489,8.6372826666286,8.80007749233851,8.92559209415997,8.92580161864469,8.8584794388624,8.87851450633721,8.86206015261584,8.83033256977421,8.94968984916265,8.79434832917259,8.62171381979522,8.93800965372133,8.65639022553228,8.76584392501691,8.65618730854247,8.62598486581829,8.84464865044721,8.85976563767423,8.74672135191024,9.00913653730962,8.59948873104166,8.84532998215168,8.71156404517066,8.83659666665231,8.78473081346547,8.98695732780663,8.99572511205908,8.86971999601958,8.77764887328054,8.97685736071798,8.80116211298616,8.72988376630133,8.87080604271009,8.80150249675766,8.70641248991733,8.89131653827473,8.87717459447985,8.64566094992207,8.70556306434287,8.69541126472235,8.78039244815247,8.75950592770309,8.89697526023136,8.64165364831844,8.66291192024247,8.69396213026217,8.71803191201894,8.62635445691571,8.81792000852175,8.78656347041204,8.74536301391449,8.93928040745804,8.66025533735464,8.91447955828752,9.06777545755986,8.87999023758197,9.1185390870727,8.72875838219247,8.57121219030459,8.6812377938492,8.98004813399247,8.90895014717881,8.89224205055099,9.02547791118906,8.84527241403161,8.69765139642562,8.85464659283444,8.79947766063256,8.83525690646767,8.88030378620686,8.6670103455486,8.80368373375582,8.81439742118895,9.12335091839902,8.90118989025199,8.58525805306192,8.83652385736422,8.75624490160647,8.90080466927465,8.67091990975939,8.90299177024663,8.93321544606243,8.80358158351562,8.7688505219079,8.7462526720077,8.86286631211755,8.89279551003874,9.06780078916654,8.6722407150994,8.83840985927924,8.85575770196681,8.94689045644146,8.93657232506404,8.84183377847061,9.00697338828744,8.79444362488511,8.83076550475428,8.79162772575717,8.77673891264952,9.06380163724767,8.75221196075178,9.1322248885815,8.77357418506084,8.56650230069611,8.66810274228911,9.10802445254435,8.9466470256597,8.65685109128944,8.88972043192517,8.61947055097019,8.91268482189192,8.77492292749393,8.84645311624259,8.86669324853606,8.62784010342716,8.87339699884104,8.78524717066087,9.02243013260025,8.76267561866881,8.75040424749855,9.06963707931083,8.91746245722362,8.7904790980798,8.76566662526324,9.01164904051279,8.8732512037051,8.7764117736129,8.85557487091337,8.94230368238023,8.84246804755422,8.95883554163883,8.78150503967987,8.85903832691188,8.6717644512543,8.7347776654239,8.8883843304794,8.97175634409075,8.92719994504554,8.91810010887153,8.73509144902995,8.80895346028865,9.20426113694848,8.60595101096264,8.5878085595871,8.82935446961717,8.70385814567376,8.80543530442319,8.81100341708256,8.76038504106418,8.76172770020931,8.77115077268718,8.97192023979247,8.71039971936922,8.86394920397469,8.90139180265086,8.8020609512057,8.80533606999085,8.60426948661401,8.80573953294825,8.81536813967589,8.8315830179174,8.98017153080322,8.82010762431751,8.86653939386175,8.51967076662592,8.99472612520686,8.72092601690353,8.52987261179439,8.53171722144779,8.64495743465434,8.77944239149793,8.71949256658524,9.07136891121478,8.55760264766283,8.60150234209487,8.84800171451396,8.71625857461862,8.66608050741524,8.84959619672985,8.70359747912184,8.73011259414125,8.72047536406539,8.76855568633585,8.79202750939878,8.78467120443105,8.82693273501638,9.02575500607057,8.89044985468859,8.78385653945775,8.76393222681753,8.98001046402068,8.79207838673424,9.08775538133317,8.80151762620731,8.72400809590428,8.87248814941433,9.04441436516466,8.8231857795414,8.84436278453331,8.92847357981355,8.53055700994454,8.90814029935807,8.78802693605942,8.76934072888369,9.07452651815504,8.80410956307183,8.82465308553184,8.91115824184905,8.89272424426117,8.67305639941063,8.84272064384959,8.56163559750005,8.85400256528428,8.79824146550856,8.73364552751448,8.79462288347799,8.88887188054415,8.78165919672471,8.72068053473285,8.93943464032396,8.9434869105854,8.96523989755198,8.74427409005345,8.84733730988312,8.68697519319741,8.75653332869668,8.60450194567179,8.90637499976428,8.66115282986057,8.95348598552352
17,10.0773764994564,9.22302848429608,9.13879677546476,10.5495380565059,11.0074392120655,10.9593705645104,10.4750457423813,10.4634801718172,10.4754684899486,10.4579908755366,10.2936021092336,10.2592501085092,10.1318527458434,10.4398668623889,10.3120398745733,10.9820100929314,10.8640697777885,10.8857201563521,11.0521628776612,11.1523555093636,10.8173014013,10.8076509784236,10.8282544399244,10.9814553668033,10.8082471843766,11.0206832355899,11.0158699007847,10.8668790861122,10.9770279504832,10.6595337417753,10.8204676206054,10.8154142006859,11.2301147755042,10.7912921021837,10.9466931604012,11.1374426490593,10.9995318728714,10.6472878777352,11.1946115660247,10.9262508566328,10.9620599916893,11.0716649351074,11.0347336807552,10.6798218215125,10.7061653636331,11.0539611186382,10.8458296762442,10.7567129555961,11.3226772982959,10.6237849623568,10.9694711585547,11.0973004649385,10.9897040619463,10.7089148585501,10.5894954816735,10.9531520954607,10.9211038263445,10.9813474497528,10.8274336537969,10.9417404353344,11.2575204586072,10.8477597490638,11.2031974782813,10.818391802196,10.8865636758974,11.0879789160621,11.2315342576426,10.9147629282632,10.7492410387882,11.1921295371254,11.0928832704253,10.8530058363589,10.9334370223249,10.8633305128863,10.9372869050827,10.7144387019843,10.9576846592131,10.8707067596617,11.0283048758092,10.9686532874524,11.0096730163664,10.9827141717954,10.7763055641783,10.8253320061623,10.6716236852871,10.8981684095143,10.8953858124162,10.8481445436574,11.1204993167801,10.8303466225335,10.8835368013459,11.0141081380792,11.0831150688804,11.1248365750859,11.3627352350908,11.0936769675236,10.9377485621947,10.6898046928607,10.8336502782294,10.8766851643645,10.9381129034179,10.9032992064369,11.0048461711257,10.6981835596656,10.9660517822433,10.850743503131,10.8896603760924,11.098072771921,11.2747438783342,10.9804757290563,10.9985750487305,10.7817755974795,10.9292105495938,10.9518020110493,10.9889858238989,10.8779097671777,11.0421224973795,11.0788814175255,10.9397816687024,10.9273979569281,11.0134767733877,10.8698609886125,10.8055791726449,10.7070043191239,10.4634972703554,10.8511571191084,10.8233025136392,11.155962661424,11.078861290474,10.8465882655262,10.6731345542808,10.836420128382,11.0800287304894,10.9649487488573,11.036834846713,10.9998799904152,10.7510968220414,10.7888515673311,10.870531773573,10.6656669278646,10.5835889979356,11.1291108410435,10.9228658286117,10.827075159584,10.8154664324583,10.8829750022793,10.6824993912631,10.8382682142443,10.8656167915982,10.7220642753125,10.9365127341343,10.6055373583059,10.6053573015344,11.0186778260923,10.8791501719481,10.8157241974848,10.963160786089,10.8514939093383,10.88958725767,10.6559220729785,11.1247945705456,10.4112229484755,10.8778775395072,11.0382614866547,10.641795060054,10.8432678639403,10.7093559286622,11.014397967595,11.0614507399617,11.0907396294443,10.8332430994554,11.0538961178028,11.0693616154097,11.0192038042887,10.6368004029219,11.0276406568751,10.8755256444399,10.8438541337149,10.9351480884136,10.8923446288002,10.4657924935516,10.8149533391078,11.0552169840052,11.0289084064262,10.6167535392899,10.6412841509736,11.0296605002931,10.6442700335078,10.8961160459753,10.8279096869277,11.0813587917148,10.7257122938139,10.7384158783712,11.0637974907786,10.8935658015359,10.7229501569597,10.9268647573217,10.7460193384867,10.7603562231894,11.2277449578672,10.9066676466254,11.254038558333,10.9446697027136,11.0308551749748,10.6908364091976,10.9064116655517,10.9146125007013,11.0826675612437,11.142702808731,10.7069581212029,10.7826496992516,10.858174617007,10.9681316340001,11.1132972769553,10.998879208311,10.5848749258188,10.8815695056528,10.7419826192935,10.7994960911941,10.8875190819205,10.5708930933065,10.8084464921189,10.7884100455037,10.9190982096232,10.5032265959416,11.0037524967206,10.5569137685056,10.8102394377995,10.6868803051318,10.8945452643916,10.9798392108917,10.9236926142438,10.8977863105568,10.820113838372,11.0306740653601,10.8283264008807,11.3378855248096,10.9977016582752,10.9664131424939,10.9918653365919,10.9706903900228,10.940132337921,10.8794106650319,10.8961738813677,11.0891169188399
18,8.96072007239916,7.27193989522099,7.55221237056249,9.37594794869372,9.5164993248412,9.38772085271866,8.98280327458279,9.0324836811077,8.86869147466633,9.03799018728104,9.05156155519733,8.90142304960044,9.19708447499385,8.91764234658836,9.0610701619805,9.29018842985823,9.28732507858681,9.49575748133014,9.64628581948013,9.66747886052774,9.36515213379741,9.52259675608571,9.46291741779892,9.29209853744728,9.37034201465565,9.43961479403665,9.27020545808983,9.19967311483596,9.2214644289111,9.28651527532918,9.40008071151481,9.62768075088418,9.44803104625627,9.41380364209199,9.36498999962516,9.41769095710154,9.18313059543216,9.53499882189621,9.42595160908894,9.32511338312698,9.66019651488856,9.80968578592678,9.5002714499268,9.13746587887649,9.13221582461872,9.67740696056911,9.39047385335661,9.43047179703362,9.44309868833042,9.17228348467312,9.66419392333173,9.34332702765905,9.49760540403826,9.46904836127658,9.05665721708513,9.20435426735786,9.54113548352449,9.54452426691939,9.25890762809072,9.44716720917091,9.60619121304571,9.18466747425633,9.46370494110102,9.40000252853204,9.62261537235254,9.58564868380529,9.32899542385461,9.48373863442256,9.73165239057716,9.48276313861678,9.81232416613127,9.5135165538657,9.58953741396231,9.11463250102345,9.31837965617659,9.39297379046009,9.42276518150147,9.21752563607052,9.03145496808757,9.3836045267399,9.54231601641968,9.38589298690253,9.60644023058788,9.44910110891493,9.29758611532814,9.30176889055756,9.64250532647282,9.14092004577347,9.65256430749972,9.46277136686624,9.22538710044429,9.31809080888777,9.59330970034999,9.48612898210259,9.42203014993068,9.41413494528851,9.38359271681501,9.23994896954772,9.10851026155275,9.41991789366199,9.67209886480607,9.52694242142891,9.71151248633051,9.25422322603748,9.38731921285452,9.44358063641093,9.43302206661398,9.33151788043885,9.26314047083297,9.55093521481105,9.8173791558489,9.74580009795436,9.3790643143288,9.39586460826081,9.28562502012602,9.51557973022958,9.53749674362023,9.37698827386935,9.30224645591959,9.27587932555396,9.42849732548754,9.38505710952635,9.3444648124513,9.2807187627701,9.55228296672865,9.43893602957064,9.44629093162201,9.50462464101753,9.07664950585707,9.19760023292286,9.2872461153497,9.36785635741648,9.33086812588073,9.61665963463281,9.10510770803559,9.62054847346165,9.32354755520017,9.60702094417245,9.35289161097519,9.70532099909072,8.9832010190549,9.35925605697954,9.43904284144375,9.26569394385228,9.15308670598873,9.39710503813722,9.48872859295053,9.39669382123012,9.325692388618,9.39685494601783,8.98418219898214,9.45736186666286,9.24507849477976,9.31814185976238,9.37024070285852,9.45122238038243,9.51058353867347,9.66090485683648,9.36778736978161,9.0825400375983,9.49512670323547,9.35968083605756,9.33409335522923,9.47753352668865,9.48813472318082,9.38218380951898,9.41816518333654,9.40887237476353,9.55600821670703,9.4101121332751,9.4630153457897,9.33111616907125,9.46246551689511,9.05689723880574,9.47663527241795,9.30695582699821,9.57672714238795,9.39503661390371,9.2769108205996,9.34983111661785,9.42282491303712,9.52442557815105,9.65993295851231,9.40129573008304,9.41958194283523,9.22230519898912,9.42759590943294,9.43885833228804,9.41478797892792,9.43750452816421,9.44551269059493,9.55796317243212,9.55336729406417,9.37943723812791,9.32830378832001,9.32010635609453,9.36250608467533,9.35898565578581,9.45884171380802,9.34501904677381,9.42413521213459,9.64350335840116,9.49365463475682,9.51865433718226,9.36828978432256,9.41996047538778,9.47444786107079,9.25816136269642,9.39632552291294,9.72312029856648,9.40094913055711,9.49310873463263,9.19085541421076,9.53555758148799,9.6254962963779,9.27684454534412,9.70392877927593,9.21203563266033,9.343139823711,9.70003612048247,9.07494731460778,9.52123002129155,9.34419813001539,9.46231924010954,9.44259298396588,9.38702470074255,9.49377736782366,9.10702671649291,9.42073367648921,9.57914382104534,9.33674599573868,9.48126533928773,9.27307039236038,9.38978260817245,9.57473205730839,9.46066755957247,9.21430324889387,9.57436238857325,9.35936479714188,9.63056733135512,9.58022422553066,9.31315548176448,9.5462426822698,9.37969107417607,9.32039027196967
19,8.42858388276753,7.32929092187027,7.79073264233596,9.03151808490903,9.34578899794847,9.48826611080551,8.97796979630616,8.93737675074446,9.02798883429337,9.03016132467524,8.90184366554196,9.24240733547472,9.06893100179944,9.13628259054748,9.05184135624308,9.17420070626001,9.53731195382364,9.35204376514605,9.0447697233015,9.36876469512549,9.21488049876145,8.98239432362269,9.44007597388905,9.36572171471071,9.51555842707088,9.27936960498625,9.36572290925175,9.37478507988181,9.35836402640666,9.32163684161429,9.40702492540737,9.49348227489173,9.32190721347268,9.22591675193249,9.00161925855809,9.05104053622545,9.0449365431539,9.11113127151535,9.53564033154053,8.85845105137772,9.19444870681654,9.2422160491044,9.25443970788764,9.36193267188565,9.38344643206328,9.68613055620042,9.14408296130509,9.11449711630419,9.4926448054844,9.45257582965218,9.30912759943541,9.44781592501571,9.30486611770862,9.28419148194046,9.58802565791392,9.21866163756892,9.13730910902517,9.30477025170944,9.13762196500425,9.26841083005709,9.17305014081051,9.12918751370235,9.44258412249916,9.40503932096934,9.21241021910824,9.35196076998532,9.30853071288873,9.22078659118328,9.28719331890697,9.43732987004733,9.18446625185907,9.08866057052806,9.31749125599788,9.18897671755716,9.16928800144703,9.18037025692085,9.25741645838689,9.49578292570146,9.42951126953788,9.36703875253118,9.3794776819925,9.25772774079112,9.50318695675392,9.42610760793068,9.04089164967343,9.06397250152924,9.21632983143919,9.23418859575078,9.41404256172595,8.98144714483891,9.34451602145616,9.3464708294225,9.28589639449902,9.21687185114448,9.40380023932756,9.46516299649365,8.96861759006378,9.45306379444959,9.08653975986302,9.11314348901506,9.22536029391188,9.21887813128259,9.3701966158612,9.22305141161184,9.13984123078444,8.95675606303965,9.58147834455576,9.18185149609756,9.45117579826813,9.34622338498898,9.48538454280892,9.32285586492638,9.34190045769425,9.26209543886876,9.17085586643032,9.34057450384507,9.02586389999655,9.38303868020134,9.50893455325292,9.08714432315432,9.1549677326882,9.42494617586069,9.17274394701872,9.28365884118756,8.89936325053273,9.51714243825168,9.01574032720729,9.23825629109021,8.92551666944672,9.33762695904212,9.31024881435365,9.26046109010725,9.20604558951326,9.33956683139114,9.60371963759073,9.01112184931034,9.17888109852412,9.188104669829,9.27933376437819,9.26029859947946,9.25180375540706,9.15284062802235,9.21946289283677,9.00120572154948,9.49387667865298,9.39000439300071,9.07883137131633,9.47244655915664,9.21039230972764,9.25273649479497,9.0882943296063,9.087440281377,9.3752786327147,9.1806548299878,9.26009820290492,9.17858800839893,9.29725299179409,9.2699933951293,9.19964339707391,9.34601624660183,9.39812887440918,9.5336260888593,9.16611067691837,9.36447837711492,9.20528803716101,9.34111991840611,9.20431295355568,9.46942531089245,9.22917799728462,9.14938961601073,9.35658611097809,9.12721588866272,9.30967324230023,9.50227262514618,9.24713132367345,9.03318817978154,9.37574924567723,9.18221842585605,9.39172875208276,9.53099973666254,9.18541317062129,9.09301672659992,9.36403793012197,9.42346958142999,9.13021222081605,9.18762978598244,9.22572802654185,9.33235527810425,9.24690940117287,9.33823057044432,9.38778741158566,9.41941740184957,9.15149684792997,9.19180849053176,8.97405238664053,9.19084403683803,9.50168403308409,9.19721617920939,9.15012707250342,9.22015671614522,9.33642236005729,9.45126056303396,9.26902723287091,8.87684318120561,9.15189924630511,9.2697746042478,9.06372226083845,9.32773372182663,9.29884148234474,9.23526040703799,9.30348028563803,9.35424950004924,9.38298587894044,9.40739881945747,9.30087026617872,9.3898674043515,9.41748033556387,9.01975785711775,9.30481584685927,9.52705835228573,9.38520595335146,8.98134423190917,9.29169454585872,9.1835850664991,9.0978603303403,9.15596258427882,9.09837114389025,9.16521051180383,9.17377574479639,9.45286356136929,9.77062051415483,9.09291764246112,8.93754217083409,9.01601025576682,9.31931737176095,9.22564182685617,9.1073695263858,9.17422428223393,9.51668813045712,9.27702743958285,9.46340141932571,8.99866181671973,9.35185220689576,9.23963479938912,9.11674700688694
20,8.76728941730081,7.67934517229421,7.92927435513262,9.59945605550816,9.77613580984704,9.41213956534153,9.03537162630674,8.93878421040737,9.08500714479488,8.95754708036531,8.89861332927779,9.09900236045309,8.95027537931752,9.04228125624376,9.15573572070951,9.51452128770751,9.37049053965373,9.58306446486226,10.0086375703976,9.42189448911872,9.27639683327335,9.51014037829969,9.65676261338726,9.76299805088674,9.56770608597384,9.54343788181604,9.65972428696034,9.46810698661798,9.53420010209207,9.31549311122082,9.5271266138413,9.8740918826641,9.61430892211148,9.63126089031472,9.83067348560165,9.77015622664414,9.59316188406174,9.71612444616028,9.51760023088195,9.75072050678785,9.42853404515094,9.42647069730993,9.28374266178167,9.42606744674352,9.80091854173899,9.74374208581046,9.54825470429652,9.56813167770381,9.07431727913692,9.46229078007557,9.67868036046997,9.46130489599901,9.94852207282095,9.86325233022043,9.54473716707416,9.64632190850676,9.52816850605032,9.37678814035325,9.3308030133223,9.71318842407976,9.82192057722864,9.35274308770842,9.44705706381328,9.77806532721608,9.81048281715804,9.19491046600154,9.70228366010588,9.40844963077074,9.28848931040558,9.64251623661054,9.81178011520918,9.50237033535706,9.69781138554635,9.67370443210789,9.16513635299589,9.56124520571466,9.69427691053473,9.33568874566706,9.83826967268651,9.82639905939744,9.92523243105063,9.28191773192426,9.56332330150373,9.40006227297456,9.79753569907291,9.62798815688508,9.45484051704932,9.68327129538988,9.55980144373461,9.58403482725159,9.74086930933604,9.51810781495985,9.6200174743214,9.70539313102594,9.6180701215415,9.50898240074944,9.46703185366753,9.61520005234364,9.28915183529933,9.42190094416695,9.73815201885617,9.35800293455242,9.68097013800884,9.61608787867012,9.77981592568107,9.56176712624957,9.33328939849975,9.35373118333256,9.55733492739324,9.79813663014155,9.3010753434841,9.7610971413149,9.83333289610484,9.63334109957341,9.56094003787393,9.79716379478235,9.64042739494138,9.70375368837515,9.63564492732587,9.97485862525067,9.54466698909546,9.73250895562814,9.48386837791286,9.73631048189145,9.69471055969398,9.38784940653812,9.55597210057846,9.4382137477655,9.70608639922497,9.66897990759794,9.62898209144953,9.69041243504909,9.47137148978905,9.55968717686286,9.2752153491807,9.60539786235679,9.49533140940249,10.1014512950404,9.45955334067958,9.82049861335903,9.539782238278,9.68971385897515,9.65928713875617,9.52649970507016,9.60914443524408,9.62611598915741,9.49255506707396,9.45478815080314,9.46044870769049,9.50292918573432,9.70461693357221,9.75474419534674,9.41187991686439,9.46153488717449,9.3040227598925,9.67551509429783,9.44022924178263,9.45947290907691,9.48140934996686,9.5371675460612,9.84819141188149,9.60937276702338,9.42097092817678,9.51120918295589,9.26934829461768,9.70643821162074,9.29661809171121,9.25912847542238,9.37230608560353,9.57229406925288,9.68477936654903,9.61270420840428,9.33946689037111,9.40996832951564,9.55467540059045,9.5139272955927,9.58646421592344,9.67560391340825,9.15234707665105,9.70501063209446,9.63901884098915,9.34490963863714,9.47226449467413,9.72147705081561,9.61706869161247,9.45953367063463,9.6428655038346,9.66617932959406,9.61453853126901,9.77961830371994,9.7634144157486,9.29772000491806,9.46272145352192,9.65198404017693,9.6175074004349,9.30318816315272,9.42342195047101,9.54470834628314,9.77727432619269,9.46564592043635,9.33305373298849,9.47836361732788,9.63550961519224,9.85311967117877,9.58285080755736,9.72585289789905,9.50959431318579,9.58996594541184,9.64151806905022,9.5288120654931,9.57426948767557,9.76603227200736,9.47930977553997,9.92732482541292,9.43986423070933,9.48082756339519,9.41290506114432,9.74201526359211,9.59613050122956,9.69266842838108,9.6172612453534,9.78768745913234,9.34959529011829,9.52314587910936,9.35482319771303,9.68364953607128,9.30428047280238,9.49260153880509,9.65589044459536,9.34347528233659,9.63624890563268,9.44052008363225,9.22507362299261,9.50481515080761,9.53445916329219,9.28271116885875,9.82862640458675,9.35209935125003,9.70662965551337,9.40985170900113,9.43456119441897,9.63719262091334,9.53696120295042,9.43564121239535,9.4700610820327
